UUID,网络,层,起点nm,终点nm,长度mm,严格HV45,与HV45最近端点偏差mm,分类,实际接触,理由
215cb056-c21f-4dfe-9c07-58057c88acd9,MOTOR_ALM_RAW,F.Cu,"[127138000, 90448000]","[148688000, 90498000]",21.550058004562306,False,0.05,既有内部直连/支路顶点,0a8273b4-67df-4b2c-b348-8c2eaea49026;9c039004-1205-4da0-a613-200da5df0350;d8b3585f-4462-44f9-990d-a8568c1b6440,接入坐标、支路及回流优先；不新增蛇形来强制角度。必要例外不代表自动最优。
23b4802e-0978-42b5-8336-f9ffa1a7399d,MOTOR_ALM_RAW,F.Cu,"[182461900, 122688600]","[182373100, 122688600]",0.0888,True,0.0,过孔/焊盘短接入,c1113e37-1346-4bd6-a153-ecde9f8cf4a0;ca3df976-bdbb-4f4a-8337-d68475efbbf9,接入坐标、支路及回流优先；不新增蛇形来强制角度。必要例外不代表自动最优。
6ebc9ce5-e434-4756-8652-6930661694b4,MOTOR_ALM_RAW,F.Cu,"[153867100, 92200600]","[155871300, 97334100]",5.510865620753241,False,2.0042,过孔/焊盘短接入,c00ea6df-d223-4bdd-8651-e2c1b7f1db28;d0fbcce4-141e-4e72-b5c5-3b28f1ea9580,接入坐标、支路及回流优先；不新增蛇形来强制角度。必要例外不代表自动最优。
757b94a5-eb23-46f8-9f4f-627ebb9db571,MOTOR_ALM_RAW,F.Cu,"[170069600, 96930000]","[170124600, 96985000]",0.07778174593052022,True,0.0,既有内部直连/支路顶点,12da6c3a-35d3-4014-8d04-0d309d01d238;215dbb78-92ea-447b-9a04-2f8bae670ba7,接入坐标、支路及回流优先；不新增蛇形来强制角度。必要例外不代表自动最优。
9d68eb0e-a566-4514-b924-0fc971ec0901,MOTOR_ALM_RAW,F.Cu,"[167739900, 96985000]","[169591900, 96930000]",1.8528165046760567,False,0.055,既有内部直连/支路顶点,12da6c3a-35d3-4014-8d04-0d309d01d238;8e2783f5-3878-448c-bb4c-388a60b8fc88,接入坐标、支路及回流优先；不新增蛇形来强制角度。必要例外不代表自动最优。
d8b3585f-4462-44f9-990d-a8568c1b6440,MOTOR_ALM_RAW,F.Cu,"[125794000, 92314300]","[127016600, 90490400]",2.195759998269392,False,0.6013,过孔/焊盘短接入,215cb056-c21f-4dfe-9c07-58057c88acd9;95ec167d-68ba-474c-88dd-2c5f138528a7;9c039004-1205-4da0-a613-200da5df0350,接入坐标、支路及回流优先；不新增蛇形来强制角度。必要例外不代表自动最优。
c0bf57c3-e295-45b0-8c1a-5a8351f70405,MOTOR_ALM_RAW,B.Cu,"[153867100, 92200600]","[153258200, 90040200]",2.2445684150856264,False,0.6089,过孔/焊盘短接入,3039bff7-3762-4d6e-a7f3-b99f54fd7ea8;d0fbcce4-141e-4e72-b5c5-3b28f1ea9580,接入坐标、支路及回流优先；不新增蛇形来强制角度。必要例外不代表自动最优。
c68ff3d4-f7c4-4890-b76a-41bfbf2b4903,MOTOR_ALM_RAW,B.Cu,"[176537500, 110000000]","[175001000, 109175000]",1.7439774224456004,False,0.7115,过孔/焊盘短接入,6c1c875e-ba0f-4b06-85ec-f0d6775a935f;R30.1;f5c53ed2-497e-459c-91d2-8fb3df69978a,接入坐标、支路及回流优先；不新增蛇形来强制角度。必要例外不代表自动最优。
0932575c-21a3-416a-ae1c-e068dac7e1f4,GND,F.Cu,"[150075000, 75550000]","[150000000, 75550000]",0.075,True,0.0,过孔/焊盘短接入,327b8240-1985-481a-8778-6359a1c37b63;9b699425-d7f7-494b-afab-d4e42dfa5612;fb31cee5-37a3-42bd-965a-ec840838be8f;zone:c01578f8-8a4e-4df5-a4c4-96ed90fa3483,接入坐标、支路及回流优先；不新增蛇形来强制角度。必要例外不代表自动最优。
18586101-2fc0-4b07-be74-118efd69b860,GND,F.Cu,"[105000000, 93000000]","[93330000, 98570000]",12.931117507779442,False,5.57,过孔/焊盘短接入,J16.1;U2.44;e6b1e2c1-5dda-4486-a776-d5b70e017175;zone:c01578f8-8a4e-4df5-a4c4-96ed90fa3483,接入坐标、支路及回流优先；不新增蛇形来强制角度。必要例外不代表自动最优。
4715dbeb-e4fa-47bc-b54d-8d4c8245ff3c,GND,F.Cu,"[146670000, 98570000]","[149824200, 100772600]",3.847131970702331,False,0.9516,过孔/焊盘短接入,16d21963-4836-45a4-a147-856ea3370422;6cb4da1d-03f7-4ef7-8547-43b7d3c930b9;U2.23;zone:c01578f8-8a4e-4df5-a4c4-96ed90fa3483,接入坐标、支路及回流优先；不新增蛇形来强制角度。必要例外不代表自动最优。
4784af86-12a2-4abc-b94d-e6760747c184,GND,F.Cu,"[114500000, 112650000]","[113250000, 113200000]",1.3656500283747661,False,0.55,过孔/焊盘短接入,2d9b2668-c3a8-4cd2-b9ab-9c8a50823f15;a8abbbc1-67f6-42b0-bd9b-a6c173e6f104;zone:c01578f8-8a4e-4df5-a4c4-96ed90fa3483,接入坐标、支路及回流优先；不新增蛇形来强制角度。必要例外不代表自动最优。
a9a3ab98-722a-4de5-9521-fe1b83912d65,GND,F.Cu,"[167200000, 112300000]","[169700000, 113100000]",2.6248809496813377,False,0.8,过孔/焊盘短接入,9a6d8045-2c26-48a3-a17d-8a02e6962ac8;e5af54a0-4b57-4d8b-b055-477a6f94dfe2;zone:c01578f8-8a4e-4df5-a4c4-96ed90fa3483,接入坐标、支路及回流优先；不新增蛇形来强制角度。必要例外不代表自动最优。
c4296307-ef78-46da-b753-26aacfd21ad5,GND,F.Cu,"[169288000, 88998000]","[169288000, 88948000]",0.05,True,0.0,过孔/焊盘短接入,91ad7203-4755-4ab3-9df2-1d31121950f3;d640b319-915d-4378-a1f1-00331a07739e;e0f7bbf9-aa9e-4064-9a60-4e52cb9352ec;zone:c01578f8-8a4e-4df5-a4c4-96ed90fa3483,接入坐标、支路及回流优先；不新增蛇形来强制角度。必要例外不代表自动最优。
e6b1e2c1-5dda-4486-a776-d5b70e017175,GND,F.Cu,"[108310800, 90498100]","[105000000, 93000000]",4.1498072545601445,False,0.8089,过孔/焊盘短接入,18586101-2fc0-4b07-be74-118efd69b860;49f223ac-27bc-40ca-b8b9-83f2a947f056;J16.1;zone:c01578f8-8a4e-4df5-a4c4-96ed90fa3483,接入坐标、支路及回流优先；不新增蛇形来强制角度。必要例外不代表自动最优。
e7cfd160-cf86-406b-9404-bb9219b59fe0,GND,F.Cu,"[141588000, 96348000]","[141788000, 96298000]",0.20615528128088303,False,0.05,过孔/焊盘短接入,C30.2;zone:c01578f8-8a4e-4df5-a4c4-96ed90fa3483,接入坐标、支路及回流优先；不新增蛇形来强制角度。必要例外不代表自动最优。
f2a2447b-3d9f-4118-8437-3b68aa812919,GND,F.Cu,"[125100000, 92000000]","[125100000, 92037500]",0.0375,True,0.0,既有内部直连/支路顶点,zone:c01578f8-8a4e-4df5-a4c4-96ed90fa3483,接入坐标、支路及回流优先；不新增蛇形来强制角度。必要例外不代表自动最优。
01653bc9-57e9-4ae0-8576-f9f298040c71,GND,B.Cu,"[170087500, 122974999]","[169687500, 123775000]",0.8944280854272187,False,0.4,过孔/焊盘短接入,44e0fb53-e708-494a-9c29-598250bdec29;73f3430e-cfd0-48b2-8b5e-444952dfcc64;C34.2;zone:79196056-2275-4fac-b5e1-27bb194b3d8d,接入坐标、支路及回流优先；不新增蛇形来强制角度。必要例外不代表自动最优。
0507b2a0-3a17-4a34-b4d2-3b08d005b0e6,GND,B.Cu,"[115400000, 111100000]","[114800000, 110800000]",0.6708203932499369,False,0.3,过孔/焊盘短接入,0bc73a5a-cb98-40cb-9562-3a92ded58ed9;8069229f-5915-4045-ae55-bde73615a916;zone:79196056-2275-4fac-b5e1-27bb194b3d8d,接入坐标、支路及回流优先；不新增蛇形来强制角度。必要例外不代表自动最优。
05a8b31c-d794-4e52-a306-b7a6d58ba9bf,GND,B.Cu,"[125300000, 91900000]","[125200000, 91900000]",0.1,True,0.0,过孔/焊盘短接入,58f84ce4-c2bc-4ead-9d10-9a370d5272b4;77ab9ccf-92df-45fb-aebe-4e78ea2700a8;ca8cb55c-143e-4ce5-975c-2d4add2e105b;e55d5662-dc89-4517-a47b-debe14fe9b08;zone:79196056-2275-4fac-b5e1-27bb194b3d8d,接入坐标、支路及回流优先；不新增蛇形来强制角度。必要例外不代表自动最优。
06b1f800-e1c6-4e3b-93eb-5741643a0e41,GND,B.Cu,"[124107000, 81348400]","[121985000, 79700000]",2.687025597198508,False,0.4736,过孔/焊盘短接入,C1.1;e9222e3a-7d37-477c-aae1-835cbab46123;zone:79196056-2275-4fac-b5e1-27bb194b3d8d,接入坐标、支路及回流优先；不新增蛇形来强制角度。必要例外不代表自动最优。
09a89056-66b3-4f2e-a315-6e2a2ee3926d,GND,B.Cu,"[133100000, 116100000]","[133600000, 118600000]",2.5495097567963927,False,0.5,过孔/焊盘短接入,94b5af8c-1cf9-4268-98f4-b013925669eb;R35.2;zone:79196056-2275-4fac-b5e1-27bb194b3d8d,接入坐标、支路及回流优先；不新增蛇形来强制角度。必要例外不代表自动最优。
0c134553-896c-404b-990c-dc33c1a021a1,GND,B.Cu,"[139993100, 102701900]","[140530100, 103159300]",0.705396172374078,False,0.0796,既有内部直连/支路顶点,91d5b437-cdf7-403b-80d4-8882e9ea00cf;db3aa577-f164-4b29-b044-cb7d114d6cf7;e03e3cb5-fa5c-429d-8726-93659edccc36;zone:79196056-2275-4fac-b5e1-27bb194b3d8d,接入坐标、支路及回流优先；不新增蛇形来强制角度。必要例外不代表自动最优。
0cc48ea4-2509-424a-9d7f-fb083beb5f96,GND,B.Cu,"[150450000, 125230000]","[156062500, 128950000]",6.733391140428425,False,1.8925,过孔/焊盘短接入,890e2f08-ec5b-4cdf-8498-09bbc67bf670;96f270a5-1f65-4b0f-a7a2-9609bdf28550;U26.3;U41.1;a74cf341-15ed-4d95-9f9f-5819c32e30cb;zone:79196056-2275-4fac-b5e1-27bb194b3d8d,接入坐标、支路及回流优先；不新增蛇形来强制角度。必要例外不代表自动最优。
153f03f7-b747-4f84-874d-6bc79ee6b97c,GND,B.Cu,"[151560000, 101591100]","[149961900, 100910300]",1.7370700187384502,False,0.6808,过孔/焊盘短接入,01f6dd5c-87f8-4bff-9401-79290d9d5d1d;6cb4da1d-03f7-4ef7-8547-43b7d3c930b9;77da57a0-e894-4bf1-8ff9-73b11cd47aab;e6a076e7-a972-45bb-9589-1221e874e037;zone:79196056-2275-4fac-b5e1-27bb194b3d8d,接入坐标、支路及回流优先；不新增蛇形来强制角度。必要例外不代表自动最优。
19e66abe-6a69-434a-abcd-8fd8e77cd4b9,GND,B.Cu,"[104600000, 120200000]","[104603754, 121701846]",1.5018506917240475,False,0.003754,过孔/焊盘短接入,4a99dee4-4326-4940-a9c1-f285f2801565;821b367f-10b8-4bc8-bc01-800bfcd83e0d;b341e30d-7a1e-4476-8706-da207acf7f13;zone:79196056-2275-4fac-b5e1-27bb194b3d8d,接入坐标、支路及回流优先；不新增蛇形来强制角度。必要例外不代表自动最优。
1bec94d4-9da4-4520-b8c9-f10179179a84,GND,B.Cu,"[173137500, 105000000]","[174237500, 104800000]",1.1180339887498947,False,0.2,过孔/焊盘短接入,0631e26c-c5ec-4844-b2c3-8cf236fd7b34;2ca580f2-3321-4894-a64a-62a9b9a8f9f6;3164bd2e-f84b-4a75-8060-af7dc9af5ea4;5aa62b50-a411-445a-a591-e10a59017cfc;8df38ef1-d173-46be-a5fc-e0eca76300d2;U38.4;cc0d693d-2421-4b49-8a6f-70faf455b203;e80f4fac-fd2a-42bf-9391-2b0827ded5b5;zone:79196056-2275-4fac-b5e1-27bb194b3d8d,接入坐标、支路及回流优先；不新增蛇形来强制角度。必要例外不代表自动最优。
22b52d56-a643-4e41-bb6b-49daba576ae5,GND,B.Cu,"[144137500, 92550000]","[147256300, 90220100]",3.8929869573375147,False,0.7889,过孔/焊盘短接入,0c6757d4-65c6-44f4-9ffa-cf1cf2ac179a;U34.7;zone:79196056-2275-4fac-b5e1-27bb194b3d8d,接入坐标、支路及回流优先；不新增蛇形来强制角度。必要例外不代表自动最优。
25f8dbb6-cc8c-40f1-ba83-ba5fa9cb93c8,GND,B.Cu,"[171900000, 102700000]","[171900000, 102600000]",0.1,True,0.0,过孔/焊盘短接入,16bbfaf0-eb0f-45df-a569-46389b35f129;3617070a-7251-4fd1-8f20-b57ce78b1f4e;88024217-357b-4c65-9c03-e1ee81e26d61;a9af68d4-05aa-4e1a-82ff-57114e96bac2;b13311c2-efd6-459d-9ae3-cf5a590e55ae;fcdc0189-8ffa-4f44-99ea-0891aca093d6;zone:79196056-2275-4fac-b5e1-27bb194b3d8d,接入坐标、支路及回流优先；不新增蛇形来强制角度。必要例外不代表自动最优。
272a3f6c-d8b5-43a5-8168-c36d63266d58,GND,B.Cu,"[114400000, 110850000]","[114100000, 111200000]",0.4609772228646444,False,0.05,既有内部直连/支路顶点,8069229f-5915-4045-ae55-bde73615a916;d054cb21-d57c-44e3-8f5b-d79aca2861dd;zone:79196056-2275-4fac-b5e1-27bb194b3d8d,接入坐标、支路及回流优先；不新增蛇形来强制角度。必要例外不代表自动最优。
280e883a-1482-4008-8a6b-9ac02e72288d,GND,B.Cu,"[127450000, 106730000]","[126155900, 106304400]",1.3622885780920282,False,0.4256,过孔/焊盘短接入,1952e727-a264-4244-b574-bbc51cb7bc9c;214d28eb-09ce-408c-a6c4-1d4384e6e009;U12.3;zone:79196056-2275-4fac-b5e1-27bb194b3d8d,接入坐标、支路及回流优先；不新增蛇形来强制角度。必要例外不代表自动最优。
29e7fcf8-418f-4a65-8fd0-16c9313c0e34,GND,B.Cu,"[173000000, 123200000]","[172700000, 123400000]",0.3605551275463989,False,0.1,过孔/焊盘短接入,31c3513d-1419-487e-8bf2-13c7d5fe2266;73f3430e-cfd0-48b2-8b5e-444952dfcc64;96c2dd30-c1a4-4b14-b251-e431a7209fb2;b292f7c0-cc0b-45f6-8396-ac74e21eae77;zone:79196056-2275-4fac-b5e1-27bb194b3d8d,接入坐标、支路及回流优先；不新增蛇形来强制角度。必要例外不代表自动最优。
2b524d5d-43c0-42ec-804e-8e7d29100955,GND,B.Cu,"[162500000, 129000000]","[160000000, 128800000]",2.5079872407968904,False,0.2,过孔/焊盘短接入,497b2aac-0a92-400e-a9e8-5ba2eb779fa3;cde3b669-db35-4c99-8009-1447fd3f1ef9;f0db0fed-3984-4bc7-9580-dec7adc57a5c;zone:79196056-2275-4fac-b5e1-27bb194b3d8d,接入坐标、支路及回流优先；不新增蛇形来强制角度。必要例外不代表自动最优。
2b8f4f0d-68e8-43a1-8e8f-3806169dca4f,GND,B.Cu,"[154823300, 79811700]","[156000000, 83000000]",3.398511406483727,False,1.1767,过孔/焊盘短接入,275ff1c9-c0de-49cf-bd81-9b542978af2d;C22.2;U33.2;f5bf33b1-954d-4892-906e-a87c377f0aac;zone:79196056-2275-4fac-b5e1-27bb194b3d8d,接入坐标、支路及回流优先；不新增蛇形来强制角度。必要例外不代表自动最优。
2e1da946-90a6-47fc-acd6-cde7b6155385,GND,B.Cu,"[127100000, 116100000]","[126200000, 117400000]",1.5811388300841898,False,0.4,过孔/焊盘短接入,Q5.2;Q7.2;a598cb61-12f1-422d-a0a8-2f03441e1bf6;a6fbec40-5a92-4a7b-9eaf-85e632889a76;aefe5cab-a86a-49d2-b473-f821862008fe;zone:79196056-2275-4fac-b5e1-27bb194b3d8d,接入坐标、支路及回流优先；不新增蛇形来强制角度。必要例外不代表自动最优。
3164bd2e-f84b-4a75-8060-af7dc9af5ea4,GND,B.Cu,"[174247400, 104639300]","[173137500, 105000000]",1.1670400592953096,False,0.3607,过孔/焊盘短接入,0631e26c-c5ec-4844-b2c3-8cf236fd7b34;1bec94d4-9da4-4520-b8c9-f10179179a84;2ca580f2-3321-4894-a64a-62a9b9a8f9f6;5aa62b50-a411-445a-a591-e10a59017cfc;8df38ef1-d173-46be-a5fc-e0eca76300d2;U38.4;cc0d693d-2421-4b49-8a6f-70faf455b203;e80f4fac-fd2a-42bf-9391-2b0827ded5b5;zone:79196056-2275-4fac-b5e1-27bb194b3d8d,接入坐标、支路及回流优先；不新增蛇形来强制角度。必要例外不代表自动最优。
33e1eb08-7525-4f45-aea9-0bff2d208857,GND,B.Cu,"[154162500, 125775000]","[154862500, 127575000]",1.9313207915827966,False,0.7,过孔/焊盘短接入,C27.2;c8e29c8a-3195-4593-8654-183c5913b8e0;zone:79196056-2275-4fac-b5e1-27bb194b3d8d,接入坐标、支路及回流优先；不新增蛇形来强制角度。必要例外不代表自动最优。
33e35185-2dad-4b4b-ab8d-2887b5042834,GND,B.Cu,"[101550000, 125230000]","[108674300, 125081000]",7.125857947643919,False,0.149,过孔/焊盘短接入,7dffc633-ad17-4e85-a49a-711c492015fd;U28.2;zone:79196056-2275-4fac-b5e1-27bb194b3d8d,接入坐标、支路及回流优先；不新增蛇形来强制角度。必要例外不代表自动最优。
35d4fee0-91a4-426c-9864-8246a36925b9,GND,B.Cu,"[135137500, 92550000]","[136237500, 92750000]",1.1180339887498947,False,0.2,过孔/焊盘短接入,61e34265-a040-467d-b649-7e9a307d2850;64418fb5-3688-468a-85fa-84846d081634;U40.7;zone:79196056-2275-4fac-b5e1-27bb194b3d8d,接入坐标、支路及回流优先；不新增蛇形来强制角度。必要例外不代表自动最优。
3617070a-7251-4fd1-8f20-b57ce78b1f4e,GND,B.Cu,"[172000000, 102800000]","[171900000, 102700000]",0.14142135623730953,True,0.0,过孔/焊盘短接入,25f8dbb6-cc8c-40f1-ba83-ba5fa9cb93c8;88024217-357b-4c65-9c03-e1ee81e26d61;b13311c2-efd6-459d-9ae3-cf5a590e55ae;fcdc0189-8ffa-4f44-99ea-0891aca093d6;zone:79196056-2275-4fac-b5e1-27bb194b3d8d,接入坐标、支路及回流优先；不新增蛇形来强制角度。必要例外不代表自动最优。
37a1ce6c-6d9b-4be4-86cb-c082d233d9a2,GND,B.Cu,"[155450000, 106730000]","[157568500, 107221800]",2.1748355087224414,False,0.4918,过孔/焊盘短接入,2af58d01-64e1-4d7e-92d5-71ff674d710e;U16.3;d39b7da0-d7eb-4c6c-a985-53bc03fb75a9;zone:79196056-2275-4fac-b5e1-27bb194b3d8d,接入坐标、支路及回流优先；不新增蛇形来强制角度。必要例外不代表自动最优。
3b2f391c-c8e2-46f9-bfc8-6e081f358fb7,GND,B.Cu,"[128672800, 88837000]","[127590000, 85800000]",3.224255703259281,False,1.0828,过孔/焊盘短接入,584278ec-a45a-4950-a91e-5b95a322fcda;6f12e20e-e316-47bd-9b49-af498e92db9b;90f6873c-f63d-4c3d-a354-8476bad011fa;C2.1;zone:79196056-2275-4fac-b5e1-27bb194b3d8d,接入坐标、支路及回流优先；不新增蛇形来强制角度。必要例外不代表自动最优。
3d5ae1fa-98ce-49bb-8aff-066223604fc3,GND,B.Cu,"[178091100, 93081200]","[181536900, 92335000]",3.5256704440432323,False,0.7462,过孔/焊盘短接入,0df3d3fb-20e7-4041-a7f8-24ea2ed54940;aff394d6-2b83-4c57-9db1-7733fae278a6;f27cea2c-4f62-46a6-b9a7-f36f9e82c91b;zone:79196056-2275-4fac-b5e1-27bb194b3d8d,接入坐标、支路及回流优先；不新增蛇形来强制角度。必要例外不代表自动最优。
40862015-1220-4bda-8e97-7fb01cb4208e,GND,B.Cu,"[117475600, 125997300]","[117050000, 125937500]",0.42978064172319347,False,0.0598,过孔/焊盘短接入,1cacf653-1cfe-48a4-b488-cf38d5e99fec;4287601d-5433-4537-85ef-65fd0e655be2;Q2.2;ae9c4d57-19f8-428f-9f49-4032facf5caa;dfd3b083-2167-46f4-8a58-99ab5764579d;zone:79196056-2275-4fac-b5e1-27bb194b3d8d,接入坐标、支路及回流优先；不新增蛇形来强制角度。必要例外不代表自动最优。
40ac05e8-4752-4e0a-bbf6-440187298612,GND,B.Cu,"[131240000, 104318500]","[130923300, 106730000]",2.4322070512191187,False,0.3167,既有内部直连/支路顶点,1952e727-a264-4244-b574-bbc51cb7bc9c;7ceadc49-100f-4ebe-b5e8-d1899d7fdd7b;zone:79196056-2275-4fac-b5e1-27bb194b3d8d,接入坐标、支路及回流优先；不新增蛇形来强制角度。必要例外不代表自动最优。
4287601d-5433-4537-85ef-65fd0e655be2,GND,B.Cu,"[116158000, 124884800]","[117050000, 125937500]",1.3797975539911642,False,0.1607,过孔/焊盘短接入,1cacf653-1cfe-48a4-b488-cf38d5e99fec;40862015-1220-4bda-8e97-7fb01cb4208e;Q2.2;zone:79196056-2275-4fac-b5e1-27bb194b3d8d,接入坐标、支路及回流优先；不新增蛇形来强制角度。必要例外不代表自动最优。
478fc22e-8262-4efc-9e45-0eee3c325b78,GND,B.Cu,"[161984100, 90479000]","[161005000, 89500000]",1.384585790046973,False,0.0001,过孔/焊盘短接入,60889186-8b67-49c5-b226-6335943ec7ca;D4.2;c431e3eb-a7f1-4768-9b86-f1eb572a3c31;ff294b43-242d-4cd2-bcbd-27979594f1a4;zone:79196056-2275-4fac-b5e1-27bb194b3d8d,接入坐标、支路及回流优先；不新增蛇形来强制角度。必要例外不代表自动最优。
497b2aac-0a92-400e-a9e8-5ba2eb779fa3,GND,B.Cu,"[160000000, 128800000]","[159900000, 128699999]",0.14142206334585844,False,1e-06,既有内部直连/支路顶点,2b524d5d-43c0-42ec-804e-8e7d29100955;cde3b669-db35-4c99-8009-1447fd3f1ef9;zone:79196056-2275-4fac-b5e1-27bb194b3d8d,接入坐标、支路及回流优先；不新增蛇形来强制角度。必要例外不代表自动最优。
4a99dee4-4326-4940-a9c1-f285f2801565,GND,B.Cu,"[104435400, 120159200]","[104600000, 120200000]",0.16958124896343935,False,0.0408,过孔/焊盘短接入,19e66abe-6a69-434a-abcd-8fd8e77cd4b9;821b367f-10b8-4bc8-bc01-800bfcd83e0d;b341e30d-7a1e-4476-8706-da207acf7f13;zone:79196056-2275-4fac-b5e1-27bb194b3d8d,接入坐标、支路及回流优先；不新增蛇形来强制角度。必要例外不代表自动最优。
4c87c301-ce36-412d-ae43-605b41ce1efd,GND,B.Cu,"[120125000, 126650000]","[121550000, 125230000]",2.0117218992693795,False,0.005,过孔/焊盘短接入,7eb681b2-093d-4350-915c-e2012535a8b0;U25.2;a1b026ce-4624-46f7-8474-5e32032f1aad;zone:79196056-2275-4fac-b5e1-27bb194b3d8d,接入坐标、支路及回流优先；不新增蛇形来强制角度。必要例外不代表自动最优。
5285e9b1-6bc1-45f5-89ed-9fe2a3d275de,GND,B.Cu,"[164200000, 111300000]","[164900000, 112300000]",1.2206555615733703,False,0.3,既有内部直连/支路顶点,60db65f9-4466-4754-86c1-48521e818b93;923bf373-d6f3-4ff3-933e-0862001fc275;f016b9d2-0e07-4242-b8c6-1a4d893d58b1;zone:79196056-2275-4fac-b5e1-27bb194b3d8d,接入坐标、支路及回流优先；不新增蛇形来强制角度。必要例外不代表自动最优。
537fb1a4-216e-488b-9dab-6331825d368c,GND,B.Cu,"[178862500, 105650000]","[179962500, 105450000]",1.1180339887498947,False,0.2,过孔/焊盘短接入,138ac497-c579-4608-bc2e-20795ab69e6a;75a3a0da-07fb-46b4-ac78-ab415d761cad;U38.12;a2814f0c-1e1c-4405-a57a-ad8e5fa3f5d0;a6c417e6-dcce-4815-b256-7f74985dfa6b;b54c27f1-53b0-4432-939d-2fe927c59473;zone:79196056-2275-4fac-b5e1-27bb194b3d8d,接入坐标、支路及回流优先；不新增蛇形来强制角度。必要例外不代表自动最优。
54ada24d-a28d-4c50-ae5d-df62467935de,GND,B.Cu,"[172547000, 91997000]","[176000000, 90850000]",3.6385186546175627,False,1.147,过孔/焊盘短接入,9440612a-412e-478f-93a0-c65025c8e0ba;D5.2;zone:79196056-2275-4fac-b5e1-27bb194b3d8d,接入坐标、支路及回流优先；不新增蛇形来强制角度。必要例外不代表自动最优。
57b1e43f-ff47-4257-a308-777df30e89a8,GND,B.Cu,"[166312500, 122200000]","[168112500, 123600000]",2.2803508501982757,False,0.4,过孔/焊盘短接入,506fed53-fafc-4bf4-866e-14c2bb3dd758;73f3430e-cfd0-48b2-8b5e-444952dfcc64;U44.1;bca5a819-1554-44c8-9e92-090cc31299d4;f8c571dc-de28-4d74-a0f3-27afbe50645f;zone:79196056-2275-4fac-b5e1-27bb194b3d8d,接入坐标、支路及回流优先；不新增蛇形来强制角度。必要例外不代表自动最优。
58f84ce4-c2bc-4ead-9d10-9a370d5272b4,GND,B.Cu,"[125200000, 91900000]","[125100000, 92000000]",0.14142135623730953,True,0.0,过孔/焊盘短接入,05a8b31c-d794-4e52-a306-b7a6d58ba9bf;77ab9ccf-92df-45fb-aebe-4e78ea2700a8;ca8cb55c-143e-4ce5-975c-2d4add2e105b;e55d5662-dc89-4517-a47b-debe14fe9b08;zone:79196056-2275-4fac-b5e1-27bb194b3d8d,接入坐标、支路及回流优先；不新增蛇形来强制角度。必要例外不代表自动最优。
5ee528dd-29c9-4022-a0b4-04eefe7f2c18,GND,B.Cu,"[163338400, 88371400]","[163257900, 89205200]",0.8376769604089633,False,0.0805,过孔/焊盘短接入,23029302-9add-4cae-a217-f1826aef209a;95dc5814-c75b-4f59-b4a7-87b170999962;c431e3eb-a7f1-4768-9b86-f1eb572a3c31;zone:79196056-2275-4fac-b5e1-27bb194b3d8d,接入坐标、支路及回流优先；不新增蛇形来强制角度。必要例外不代表自动最优。
60db65f9-4466-4754-86c1-48521e818b93,GND,B.Cu,"[164650000, 115000000]","[164176700, 109730000]",5.291210909612278,False,0.4733,过孔/焊盘短接入,5285e9b1-6bc1-45f5-89ed-9fe2a3d275de;5f472701-7a1f-472a-9021-1a73cc1c4b68;923bf373-d6f3-4ff3-933e-0862001fc275;D12.2;zone:79196056-2275-4fac-b5e1-27bb194b3d8d,接入坐标、支路及回流优先；不新增蛇形来强制角度。必要例外不代表自动最优。
690e1911-6b12-405e-bac3-c8977799114b,GND,B.Cu,"[103188000, 88298000]","[102538000, 86598000]",1.8200274723201297,False,0.65,过孔/焊盘短接入,14ed1a3c-896d-450f-9e6e-fca27e2c40a2;d6cfcc51-85e6-4b94-8436-2996a9ec022b;de19437b-3319-41de-a1c0-0e97e50b445e;zone:79196056-2275-4fac-b5e1-27bb194b3d8d,接入坐标、支路及回流优先；不新增蛇形来强制角度。必要例外不代表自动最优。
69a12ecc-b545-41ee-b397-4e03b0b1a4b4,GND,B.Cu,"[170562500, 89550000]","[170862500, 90250000]",0.7615773105863908,False,0.3,过孔/焊盘短接入,9440612a-412e-478f-93a0-c65025c8e0ba;Q6.2;a7d2a17c-7215-4c6a-b73d-8194ebc5b252;b7438170-4cbd-4d91-aa6e-0a0700d2266b;zone:79196056-2275-4fac-b5e1-27bb194b3d8d,接入坐标、支路及回流优先；不新增蛇形来强制角度。必要例外不代表自动最优。
69f5caeb-9052-4d51-92fe-dfafe5e50782,GND,B.Cu,"[173137500, 103050000]","[172137500, 102650000]",1.0770329614269007,False,0.4,过孔/焊盘短接入,16bbfaf0-eb0f-45df-a569-46389b35f129;396f53a0-a119-4b76-9a25-17938ecf6580;72bf795e-6848-4a16-9939-4b979c079fc1;88024217-357b-4c65-9c03-e1ee81e26d61;U38.7;a59db2b9-74c4-45e6-8322-50d986bee95e;zone:79196056-2275-4fac-b5e1-27bb194b3d8d,接入坐标、支路及回流优先；不新增蛇形来强制角度。必要例外不代表自动最优。
6f12e20e-e316-47bd-9b49-af498e92db9b,GND,B.Cu,"[128672800, 88837000]","[129725000, 89800000]",1.426356841747534,False,0.0892,过孔/焊盘短接入,3b2f391c-c8e2-46f9-bfc8-6e081f358fb7;584278ec-a45a-4950-a91e-5b95a322fcda;66079059-a0b6-454a-8c74-1f4319fdd4cc;C6.1;zone:79196056-2275-4fac-b5e1-27bb194b3d8d,接入坐标、支路及回流优先；不新增蛇形来强制角度。必要例外不代表自动最优。
6fe746e9-1ad9-40f7-8935-cd76647c2cba,GND,B.Cu,"[156000000, 84576700]","[155460500, 84407300]",0.5654702556280039,False,0.1694,既有内部直连/支路顶点,275ff1c9-c0de-49cf-bd81-9b542978af2d;39a05b37-3f64-48cf-b692-48f805be9888;zone:79196056-2275-4fac-b5e1-27bb194b3d8d,接入坐标、支路及回流优先；不新增蛇形来强制角度。必要例外不代表自动最优。
72544576-fbf2-4636-a29f-decd4d12c8ea,GND,B.Cu,"[182600000, 92787500]","[181753000, 92551100]",0.8793713436313467,False,0.2364,过孔/焊盘短接入,9d1480f8-02e3-4d58-b4b8-72eb3e82fc99;aff394d6-2b83-4c57-9db1-7733fae278a6;zone:79196056-2275-4fac-b5e1-27bb194b3d8d,接入坐标、支路及回流优先；不新增蛇形来强制角度。必要例外不代表自动最优。
7430d307-0490-4f49-883c-d49c35398f1e,GND,B.Cu,"[178862500, 103700000]","[179962500, 103500000]",1.1180339887498947,False,0.2,过孔/焊盘短接入,283c1af5-c8a7-4cc5-b4af-3f8095bc1d34;59162f15-c941-44f1-ba04-4ea593eccf69;U38.9;a6c417e6-dcce-4815-b256-7f74985dfa6b;db08b675-872b-4b33-849c-4cdf50361b79;zone:79196056-2275-4fac-b5e1-27bb194b3d8d,接入坐标、支路及回流优先；不新增蛇形来强制角度。必要例外不代表自动最优。
77ab9ccf-92df-45fb-aebe-4e78ea2700a8,GND,B.Cu,"[125300000, 90637500]","[125100000, 92037500]",1.414213562373095,False,0.2,过孔/焊盘短接入,05a8b31c-d794-4e52-a306-b7a6d58ba9bf;58f84ce4-c2bc-4ead-9d10-9a370d5272b4;U42.13;ca8cb55c-143e-4ce5-975c-2d4add2e105b;e55d5662-dc89-4517-a47b-debe14fe9b08;f00d1f23-b369-4bf1-98f4-cab367e29cbb;zone:79196056-2275-4fac-b5e1-27bb194b3d8d,接入坐标、支路及回流优先；不新增蛇形来强制角度。必要例外不代表自动最优。
79b7ff72-7dc1-40e8-abde-4beeccd9bb5d,GND,B.Cu,"[178862500, 106300000]","[177762500, 106100000]",1.1180339887498947,False,0.2,过孔/焊盘短接入,6c0866e6-2b9d-42db-99c9-f6b0289572bb;U38.13;b54c27f1-53b0-4432-939d-2fe927c59473;f0cfd0bb-775d-48c2-b947-5735d1842aff;zone:79196056-2275-4fac-b5e1-27bb194b3d8d,接入坐标、支路及回流优先；不新增蛇形来强制角度。必要例外不代表自动最优。
7ceadc49-100f-4ebe-b5e8-d1899d7fdd7b,GND,B.Cu,"[131141000, 102380300]","[131240000, 104318500]",1.9407267298617803,False,0.099,既有内部直连/支路顶点,40ac05e8-4752-4e0a-bbf6-440187298612;84c5b992-8ce0-43ab-a536-ed748165193b;zone:79196056-2275-4fac-b5e1-27bb194b3d8d,接入坐标、支路及回流优先；不新增蛇形来强制角度。必要例外不代表自动最优。
7dffc633-ad17-4e85-a49a-711c492015fd,GND,B.Cu,"[108674300, 125081000]","[110450000, 125230000]",1.7819403721785978,False,0.149,过孔/焊盘短接入,33e35185-2dad-4b4b-ab8d-2887b5042834;U28.3;zone:79196056-2275-4fac-b5e1-27bb194b3d8d,接入坐标、支路及回流优先；不新增蛇形来强制角度。必要例外不代表自动最优。
7eb681b2-093d-4350-915c-e2012535a8b0,GND,B.Cu,"[118802200, 124697800]","[121550000, 125230000]",2.798864355412745,False,0.5322,过孔/焊盘短接入,4c87c301-ce36-412d-ae43-605b41ce1efd;U25.2;ae9c4d57-19f8-428f-9f49-4032facf5caa;zone:79196056-2275-4fac-b5e1-27bb194b3d8d,接入坐标、支路及回流优先；不新增蛇形来强制角度。必要例外不代表自动最优。
8069229f-5915-4045-ae55-bde73615a916,GND,B.Cu,"[114800000, 110800000]","[114400000, 110850000]",0.40311288741492746,False,0.05,既有内部直连/支路顶点,0507b2a0-3a17-4a34-b4d2-3b08d005b0e6;272a3f6c-d8b5-43a5-8168-c36d63266d58;zone:79196056-2275-4fac-b5e1-27bb194b3d8d,接入坐标、支路及回流优先；不新增蛇形来强制角度。必要例外不代表自动最优。
821b367f-10b8-4bc8-bc01-800bfcd83e0d,GND,B.Cu,"[104600000, 120200000]","[106176700, 118523300]",2.301587665069484,False,0.1,过孔/焊盘短接入,19e66abe-6a69-434a-abcd-8fd8e77cd4b9;4a99dee4-4326-4940-a9c1-f285f2801565;b341e30d-7a1e-4476-8706-da207acf7f13;cc017efe-6ca0-4d65-93cd-f0173bd3882f;zone:79196056-2275-4fac-b5e1-27bb194b3d8d,接入坐标、支路及回流优先；不新增蛇形来强制角度。必要例外不代表自动最优。
8384165e-fd68-4624-bf9e-e33392924f15,GND,B.Cu,"[115081800, 86568200]","[117894100, 82879100]",4.638802658014242,False,0.8768,既有内部直连/支路顶点,67a2d22a-63e7-4442-936e-a52811b192c7;c742a425-7de5-4070-b8d7-68604358fc2d;cacb874a-effb-4210-8a4b-70401951aae9;zone:79196056-2275-4fac-b5e1-27bb194b3d8d,接入坐标、支路及回流优先；不新增蛇形来强制角度。必要例外不代表自动最优。
8bd3d202-b52d-4427-8293-2069fe484a8f,GND,B.Cu,"[174900000, 106400000]","[173100000, 108400000]",2.6907248094147422,False,0.2,既有内部直连/支路顶点,3361ca4a-4d8b-4ec1-9046-464ca4feb43d;679c67a4-677c-4f10-8223-507bbe262455;6c0866e6-2b9d-42db-99c9-f6b0289572bb;e2ef5fce-101a-4ac6-bb11-ed8ba283a994;ec80b607-27a5-4fe2-bf6b-a7d3e2923a6a;zone:79196056-2275-4fac-b5e1-27bb194b3d8d,接入坐标、支路及回流优先；不新增蛇形来强制角度。必要例外不代表自动最优。
8be378b0-2dda-4507-b230-288b6332220c,GND,B.Cu,"[122050000, 96362500]","[121450000, 96062500]",0.6708203932499369,False,0.3,过孔/焊盘短接入,31c67b90-9c49-4ae5-9260-f30832e2b924;511ca1ae-bc66-449a-a9f8-0b40757efde8;U42.7;zone:79196056-2275-4fac-b5e1-27bb194b3d8d,接入坐标、支路及回流优先；不新增蛇形来强制角度。必要例外不代表自动最优。
8c9267fa-f407-4491-aa6e-6d06edd2cfb0,GND,B.Cu,"[146670000, 98570000]","[147255000, 104000000]",5.4614215182496215,False,0.585,过孔/焊盘短接入,C18.2;U2.23;bd181b57-8514-46a4-9779-7f0126e01abe;zone:79196056-2275-4fac-b5e1-27bb194b3d8d,接入坐标、支路及回流优先；不新增蛇形来强制角度。必要例外不代表自动最优。
94b5af8c-1cf9-4268-98f4-b013925669eb,GND,B.Cu,"[132500000, 115300000]","[133100000, 116100000]",1.0,False,0.2,过孔/焊盘短接入,09a89056-66b3-4f2e-a315-6e2a2ee3926d;R55.2;fb7fd0a6-257a-4837-814d-e5e6580e3881;zone:79196056-2275-4fac-b5e1-27bb194b3d8d,接入坐标、支路及回流优先；不新增蛇形来强制角度。必要例外不代表自动最优。
95966225-0d76-4bfa-8252-8df2d9702d22,GND,B.Cu,"[141499000, 102380300]","[141400000, 103026800]",0.6540361228556112,False,0.099,既有内部直连/支路顶点,7453fb87-78f0-4a11-adf0-fc0169ce915f;8791b138-e74c-4dd1-91bd-0e2c28d4b29a;e03e3cb5-fa5c-429d-8726-93659edccc36;zone:79196056-2275-4fac-b5e1-27bb194b3d8d,接入坐标、支路及回流优先；不新增蛇形来强制角度。必要例外不代表自动最优。
95dc5814-c75b-4f59-b4a7-87b170999962,GND,B.Cu,"[162921300, 88086000]","[163338400, 88371400]",0.505396448345257,False,0.1317,过孔/焊盘短接入,23029302-9add-4cae-a217-f1826aef209a;439d2cb8-d120-47b2-8948-8393f403ee0e;5ee528dd-29c9-4022-a0b4-04eefe7f2c18;zone:79196056-2275-4fac-b5e1-27bb194b3d8d,接入坐标、支路及回流优先；不新增蛇形来强制角度。必要例外不代表自动最优。
96d73e29-9734-435c-889f-fc240d1b5e17,GND,B.Cu,"[182800000, 86062500]","[183600000, 85362500]",1.063014581273465,False,0.1,过孔/焊盘短接入,Q1.2;d0b41313-f474-4d69-81a3-330d1a9dc729;zone:79196056-2275-4fac-b5e1-27bb194b3d8d,接入坐标、支路及回流优先；不新增蛇形来强制角度。必要例外不代表自动最优。
9862fde8-7a1b-436a-9ada-48a3c9bbba28,GND,B.Cu,"[124407800, 100693000]","[122387500, 98756300]",2.7986459190115496,False,0.0836,既有内部直连/支路顶点,9f5a6e8e-254a-4bca-82ff-800bda0a9b9a;a051f27a-a5e8-494d-bd85-4d20802937bb;zone:79196056-2275-4fac-b5e1-27bb194b3d8d,接入坐标、支路及回流优先；不新增蛇形来强制角度。必要例外不代表自动最优。
9fa6c8bf-a251-431b-8a34-b78ef8ef422f,GND,B.Cu,"[141550000, 125230000]","[140624300, 123648400]",1.832588074281834,False,0.6559,过孔/焊盘短接入,U26.2;b4a6a080-6624-4b80-af97-be60d714351f;zone:79196056-2275-4fac-b5e1-27bb194b3d8d,接入坐标、支路及回流优先；不新增蛇形来强制角度。必要例外不代表自动最优。
a1b026ce-4624-46f7-8474-5e32032f1aad,GND,B.Cu,"[119225000, 128000000]","[120125000, 126650000]",1.6224980739587953,False,0.45,过孔/焊盘短接入,4c87c301-ce36-412d-ae43-605b41ce1efd;R4.2;zone:79196056-2275-4fac-b5e1-27bb194b3d8d,接入坐标、支路及回流优先；不新增蛇形来强制角度。必要例外不代表自动最优。
a5422a3e-db6d-483f-8294-aff624940f23,GND,B.Cu,"[120275000, 75000000]","[121529100, 79244100]",4.42551145292835,False,1.2541,过孔/焊盘短接入,67a2d22a-63e7-4442-936e-a52811b192c7;C1.1;C7.2;zone:79196056-2275-4fac-b5e1-27bb194b3d8d,接入坐标、支路及回流优先；不新增蛇形来强制角度。必要例外不代表自动最优。
a6fbec40-5a92-4a7b-9eaf-85e632889a76,GND,B.Cu,"[126000000, 117400000]","[125600000, 115700000]",1.746424919657298,False,0.4,过孔/焊盘短接入,2e1da946-90a6-47fc-acd6-cde7b6155385;Q5.2;R56.2;aefe5cab-a86a-49d2-b473-f821862008fe;zone:79196056-2275-4fac-b5e1-27bb194b3d8d,接入坐标、支路及回流优先；不新增蛇形来强制角度。必要例外不代表自动最优。
a74cf341-15ed-4d95-9f9f-5819c32e30cb,GND,B.Cu,"[150450000, 125230000]","[146481100, 122374800]",4.889205891553352,False,1.1137,过孔/焊盘短接入,0cc48ea4-2509-424a-9d7f-fb083beb5f96;257b1cb7-8c2b-427d-8f18-f5aa9c61dbe0;U26.3;zone:79196056-2275-4fac-b5e1-27bb194b3d8d,接入坐标、支路及回流优先；不新增蛇形来强制角度。必要例外不代表自动最优。
a822422c-a715-4b24-aab5-0e7fbb7b9f47,GND,B.Cu,"[157775000, 125000000]","[158075000, 126000000]",1.044030650891055,False,0.3,过孔/焊盘短接入,7b060a4c-53d8-4f29-943d-aafaa87b8109;C31.2;cadfdbfb-0783-480c-bea0-af32178a8c4e;zone:79196056-2275-4fac-b5e1-27bb194b3d8d,接入坐标、支路及回流优先；不新增蛇形来强制角度。必要例外不代表自动最优。
ac76845d-c59b-4b7b-a979-f2f2adeabeb6,GND,B.Cu,"[173100000, 113200000]","[173000000, 113300000]",0.14142135623730953,True,0.0,既有内部直连/支路顶点,3361ca4a-4d8b-4ec1-9046-464ca4feb43d;ec80b607-27a5-4fe2-bf6b-a7d3e2923a6a;fc55b980-3709-4e6e-802d-5b14873c45ec;zone:79196056-2275-4fac-b5e1-27bb194b3d8d,接入坐标、支路及回流优先；不新增蛇形来强制角度。必要例外不代表自动最优。
ae9c4d57-19f8-428f-9f49-4032facf5caa,GND,B.Cu,"[118802200, 124697800]","[117475600, 125997300]",1.857031989492911,False,0.0271,过孔/焊盘短接入,1cacf653-1cfe-48a4-b488-cf38d5e99fec;40862015-1220-4bda-8e97-7fb01cb4208e;7eb681b2-093d-4350-915c-e2012535a8b0;dfd3b083-2167-46f4-8a58-99ab5764579d;zone:79196056-2275-4fac-b5e1-27bb194b3d8d,接入坐标、支路及回流优先；不新增蛇形来强制角度。必要例外不代表自动最优。
b13311c2-efd6-459d-9ae3-cf5a590e55ae,GND,B.Cu,"[171900000, 102600000]","[171800000, 102500000]",0.14142135623730953,True,0.0,过孔/焊盘短接入,16bbfaf0-eb0f-45df-a569-46389b35f129;25f8dbb6-cc8c-40f1-ba83-ba5fa9cb93c8;3617070a-7251-4fd1-8f20-b57ce78b1f4e;88024217-357b-4c65-9c03-e1ee81e26d61;a9af68d4-05aa-4e1a-82ff-57114e96bac2;zone:79196056-2275-4fac-b5e1-27bb194b3d8d,接入坐标、支路及回流优先；不新增蛇形来强制角度。必要例外不代表自动最优。
b370e0e7-72df-4c2d-bd08-ba70eb2a3384,GND,B.Cu,"[163162500, 101124999]","[162762500, 100325000]",0.8944262965728367,False,0.399999,过孔/焊盘短接入,4a0e7648-b65f-419b-8427-0afac546f635;C25.2;zone:79196056-2275-4fac-b5e1-27bb194b3d8d,接入坐标、支路及回流优先；不新增蛇形来强制角度。必要例外不代表自动最优。
b4a6a080-6624-4b80-af97-be60d714351f,GND,B.Cu,"[140624300, 123648400]","[140279400, 118370600]",5.289057463291545,False,0.3449,过孔/焊盘短接入,9fa6c8bf-a251-431b-8a34-b78ef8ef422f;D10.2;e216303e-6707-4c80-abd4-a23e09e99972;zone:79196056-2275-4fac-b5e1-27bb194b3d8d,接入坐标、支路及回流优先；不新增蛇形来强制角度。必要例外不代表自动最优。
b51ff302-358b-457f-bde1-e5eb6cbf405c,GND,B.Cu,"[141400000, 104404500]","[141400000, 104318500]",0.086,True,0.0,既有内部直连/支路顶点,77bd79dd-3e65-4316-a7be-6ff24f524022;8791b138-e74c-4dd1-91bd-0e2c28d4b29a;zone:79196056-2275-4fac-b5e1-27bb194b3d8d,接入坐标、支路及回流优先；不新增蛇形来强制角度。必要例外不代表自动最优。
b80248c2-d4e5-4d7d-9efc-a3007ea9b886,GND,B.Cu,"[140650000, 118000000]","[141692600, 118466900]",1.1423705046962653,False,0.4669,过孔/焊盘短接入,0593c219-94f8-4322-b430-70c9bf4db4d7;D10.2;e216303e-6707-4c80-abd4-a23e09e99972;zone:79196056-2275-4fac-b5e1-27bb194b3d8d,接入坐标、支路及回流优先；不新增蛇形来强制角度。必要例外不代表自动最优。
bca5a819-1554-44c8-9e92-090cc31299d4,GND,B.Cu,"[169200000, 124700000]","[166300000, 122200000]",3.8288379438153295,False,0.4,过孔/焊盘短接入,506fed53-fafc-4bf4-866e-14c2bb3dd758;57b1e43f-ff47-4257-a308-777df30e89a8;U27.3;U44.1;c7bb8d23-e73f-4837-be4d-51df358db9ff;f8c571dc-de28-4d74-a0f3-27afbe50645f;zone:79196056-2275-4fac-b5e1-27bb194b3d8d,接入坐标、支路及回流优先；不新增蛇形来强制角度。必要例外不代表自动最优。
c02dea88-c715-49ea-812a-d265bf415014,GND,B.Cu,"[149137500, 118550000]","[147637500, 118350000]",1.5132745950421556,False,0.2,过孔/焊盘短接入,U37.7;addb5b94-af6f-4b40-a87d-eb90e765d504;e9299e54-2218-45dc-82fb-dd0d0ca84e4b;f6d5a783-9da2-4e9b-802d-6835c3d9cb40;zone:79196056-2275-4fac-b5e1-27bb194b3d8d,接入坐标、支路及回流优先；不新增蛇形来强制角度。必要例外不代表自动最优。
c17bc988-68ae-4da3-9180-b8177b5900a7,GND,B.Cu,"[142590000, 85800000]","[141000000, 84576700]",2.0061313242158403,False,0.3667,过孔/焊盘短接入,0c6757d4-65c6-44f4-9ffa-cf1cf2ac179a;32e4f973-4c6d-4c6a-8330-0b0a537d340c;9a31cf23-6696-4b6a-9963-27f8cf5f71f4;C5.1;zone:79196056-2275-4fac-b5e1-27bb194b3d8d,接入坐标、支路及回流优先；不新增蛇形来强制角度。必要例外不代表自动最优。
c742a425-7de5-4070-b8d7-68604358fc2d,GND,B.Cu,"[115081800, 86568200]","[117745000, 89231500]",3.7664042706539087,False,0.0001,既有内部直连/支路顶点,8384165e-fd68-4624-bf9e-e33392924f15;cacb874a-effb-4210-8a4b-70401951aae9;f9b7151b-d03e-4080-bda6-d56affb93d06;zone:79196056-2275-4fac-b5e1-27bb194b3d8d,接入坐标、支路及回流优先；不新增蛇形来强制角度。必要例外不代表自动最优。
cadfdbfb-0783-480c-bea0-af32178a8c4e,GND,B.Cu,"[159808300, 125230000]","[157775000, 125000000]",2.046267062237967,False,0.23,过孔/焊盘短接入,8a078b8d-ca7e-4279-94b4-bcf070a9a701;8c103f34-ced5-436c-8f5d-936af05ab58c;C31.2;a822422c-a715-4b24-aab5-0e7fbb7b9f47;zone:79196056-2275-4fac-b5e1-27bb194b3d8d,接入坐标、支路及回流优先；不新增蛇形来强制角度。必要例外不代表自动最优。
d054cb21-d57c-44e3-8f5b-d79aca2861dd,GND,B.Cu,"[114100000, 111200000]","[114200000, 112350000]",1.1543396380615194,False,0.1,既有内部直连/支路顶点,272a3f6c-d8b5-43a5-8168-c36d63266d58;9d7a70a5-6059-43af-bc01-ca1ed77e34a6;zone:79196056-2275-4fac-b5e1-27bb194b3d8d,接入坐标、支路及回流优先；不新增蛇形来强制角度。必要例外不代表自动最优。
d39b7da0-d7eb-4c6c-a985-53bc03fb75a9,GND,B.Cu,"[155450000, 106730000]","[151560000, 102725000]",5.583200247170076,False,0.115,过孔/焊盘短接入,01f6dd5c-87f8-4bff-9401-79290d9d5d1d;37a1ce6c-6d9b-4be4-86cb-c082d233d9a2;C19.2;U16.3;zone:79196056-2275-4fac-b5e1-27bb194b3d8d,接入坐标、支路及回流优先；不新增蛇形来强制角度。必要例外不代表自动最优。
d3e6d010-0970-485a-a0ac-2e84c4792330,GND,B.Cu,"[181262500, 109575000]","[180362500, 108475000]",1.4212670403551895,False,0.2,过孔/焊盘短接入,46c25523-f218-491a-8599-c5be88ed4b43;C28.2;zone:79196056-2275-4fac-b5e1-27bb194b3d8d,接入坐标、支路及回流优先；不新增蛇形来强制角度。必要例外不代表自动最优。
d4bd7f53-b2d1-46cf-9ee9-b571040c6f1d,GND,B.Cu,"[104607508, 123203692]","[104609385, 123954615]",0.7509253458620238,False,0.001877,既有内部直连/支路顶点,zone:79196056-2275-4fac-b5e1-27bb194b3d8d,接入坐标、支路及回流优先；不新增蛇形来强制角度。必要例外不代表自动最优。
d4f5d01d-2a04-47c2-a842-0a22ced79f34,GND,B.Cu,"[165137500, 103050000]","[165637500, 102250000]",0.9433981132056604,False,0.3,过孔/焊盘短接入,05ce1dad-e257-49ce-9d06-3dee95c4248d;16bbfaf0-eb0f-45df-a569-46389b35f129;94ad02b3-e5d7-4535-bfd9-a9797855e1b1;96d322da-aa21-425d-b484-bf00091fa58e;U36.7;b45bdfdf-254e-466a-ba12-582c93acc4c9;zone:79196056-2275-4fac-b5e1-27bb194b3d8d,接入坐标、支路及回流优先；不新增蛇形来强制角度。必要例外不代表自动最优。
d5f5be80-1e1a-472c-b066-e34735b6cb0e,GND,B.Cu,"[160923300, 107801700]","[162550000, 109730000]",2.522794835098566,False,0.3016,过孔/焊盘短接入,5f472701-7a1f-472a-9021-1a73cc1c4b68;74649a20-9c96-4fb4-8b83-35c43d45751a;923bf373-d6f3-4ff3-933e-0862001fc275;U43.2;fea7674b-7e03-45e8-8daf-141a3f195cb3;zone:79196056-2275-4fac-b5e1-27bb194b3d8d,接入坐标、支路及回流优先；不新增蛇形来强制角度。必要例外不代表自动最优。
db093c4b-a48b-46e4-ae16-3573cd2c1742,GND,B.Cu,"[181536900, 92105300]","[181639200, 91614600]",0.501250216957559,False,0.1023,既有内部直连/支路顶点,cb3b8caf-165e-44ee-82dc-6a64c2286072;f27cea2c-4f62-46a6-b9a7-f36f9e82c91b;zone:79196056-2275-4fac-b5e1-27bb194b3d8d,接入坐标、支路及回流优先；不新增蛇形来强制角度。必要例外不代表自动最优。
de19437b-3319-41de-a1c0-0e97e50b445e,GND,B.Cu,"[102538000, 86598000]","[102488000, 86548000]",0.07071067811865477,True,0.0,过孔/焊盘短接入,14ed1a3c-896d-450f-9e6e-fca27e2c40a2;690e1911-6b12-405e-bac3-c8977799114b;zone:79196056-2275-4fac-b5e1-27bb194b3d8d,接入坐标、支路及回流优先；不新增蛇形来强制角度。必要例外不代表自动最优。
de5b22ea-4fc5-415b-a413-259d8a60cc77,GND,B.Cu,"[113450000, 106730000]","[116000000, 104775000]",3.2131798891440857,False,0.595,过孔/焊盘短接入,C3.1;U3.3;d209f36c-669c-4ec3-9111-d6683f9cbaa8;zone:79196056-2275-4fac-b5e1-27bb194b3d8d,接入坐标、支路及回流优先；不新增蛇形来强制角度。必要例外不代表自动最优。
e0d82fab-51b3-4122-8eb6-c890ecc7d8f8,GND,B.Cu,"[139101000, 94375600]","[139101000, 94287200]",0.0884,True,0.0,既有内部直连/支路顶点,4373e7de-840d-4205-9171-6e0f1b1d2ec5;c6429c33-88df-4e30-842f-8fdefb04bc17;zone:79196056-2275-4fac-b5e1-27bb194b3d8d,接入坐标、支路及回流优先；不新增蛇形来强制角度。必要例外不代表自动最优。
e29e41d5-6697-4816-9c09-25b536d98bff,GND,B.Cu,"[141000000, 83000000]","[139935000, 79700000]",3.4675964298055217,False,1.065,过孔/焊盘短接入,9a31cf23-6696-4b6a-9963-27f8cf5f71f4;C4.2;U11.2,接入坐标、支路及回流优先；不新增蛇形来强制角度。必要例外不代表自动最优。
e9222e3a-7d37-477c-aae1-835cbab46123,GND,B.Cu,"[125997600, 83002400]","[124107000, 81348400]",2.5119881289528423,False,0.2366,过孔/焊盘短接入,06b1f800-e1c6-4e3b-93eb-5741643a0e41;U1.2;d12b2c84-9d02-415c-a28f-7b928d23fdee;zone:79196056-2275-4fac-b5e1-27bb194b3d8d,接入坐标、支路及回流优先；不新增蛇形来强制角度。必要例外不代表自动最优。
ef1aa75a-e366-4380-8c8b-099af8f508af,GND,B.Cu,"[133050000, 125937500]","[132550000, 126937500]",1.1180339887498947,False,0.5,过孔/焊盘短接入,07e367fc-3237-4f97-a587-9ab86afda14b;Q3.2;ec1ae51d-efe0-49f2-8abf-ce975f07893a;zone:79196056-2275-4fac-b5e1-27bb194b3d8d,接入坐标、支路及回流优先；不新增蛇形来强制角度。必要例外不代表自动最优。
f31d77f6-3184-499b-89c0-acdc3d154e52,GND,B.Cu,"[178862500, 104350000]","[179962500, 104550000]",1.1180339887498947,False,0.2,过孔/焊盘短接入,283c1af5-c8a7-4cc5-b4af-3f8095bc1d34;U38.10;a6c417e6-dcce-4815-b256-7f74985dfa6b;e92eb784-1b43-41e3-9f4f-7e8e742424bd;zone:79196056-2275-4fac-b5e1-27bb194b3d8d,接入坐标、支路及回流优先；不新增蛇形来强制角度。必要例外不代表自动最优。
f5bf33b1-954d-4892-906e-a87c377f0aac,GND,B.Cu,"[154935000, 79700000]","[156650000, 76500000]",3.630595681152061,False,1.485,过孔/焊盘短接入,2b8f4f0d-68e8-43a1-8e8f-3806169dca4f;C22.2;D14.2;zone:79196056-2275-4fac-b5e1-27bb194b3d8d,接入坐标、支路及回流优先；不新增蛇形来强制角度。必要例外不代表自动最优。
f6d5a783-9da2-4e9b-802d-6835c3d9cb40,GND,B.Cu,"[151497600, 118324300]","[149137500, 118550000]",2.37086745728225,False,0.2257,过孔/焊盘短接入,U37.7;c02dea88-c715-49ea-812a-d265bf415014;dc359ba1-2fac-49c8-9942-d178bdd9b9a6;e9299e54-2218-45dc-82fb-dd0d0ca84e4b;zone:79196056-2275-4fac-b5e1-27bb194b3d8d,接入坐标、支路及回流优先；不新增蛇形来强制角度。必要例外不代表自动最优。
fb7fd0a6-257a-4837-814d-e5e6580e3881,GND,B.Cu,"[132400000, 115200000]","[132500000, 115300000]",0.14142135623730953,True,0.0,过孔/焊盘短接入,94b5af8c-1cf9-4268-98f4-b013925669eb;R55.2;zone:79196056-2275-4fac-b5e1-27bb194b3d8d,接入坐标、支路及回流优先；不新增蛇形来强制角度。必要例外不代表自动最优。
fcbbb7c7-d6ce-4d0b-9659-b96595226d76,GND,B.Cu,"[188650000, 91000000]","[185656000, 89926700]",3.1805673849173512,False,1.0733,过孔/焊盘短接入,2d1b6da6-a844-4319-9ddc-0927ba16f022;D6.2;e225bd88-2a76-49e4-9734-58ba584f1785;zone:79196056-2275-4fac-b5e1-27bb194b3d8d,接入坐标、支路及回流优先；不新增蛇形来强制角度。必要例外不代表自动最优。
fe5ef278-4dbc-4c79-b9db-550f1d91dbca,GND,B.Cu,"[157568500, 112738500]","[152650000, 116250800]",6.04383103172152,False,1.4062,过孔/焊盘短接入,2af58d01-64e1-4d7e-92d5-71ff674d710e;D11.2;be957b5f-0ec7-4c7d-81f4-c6ad1ebc3ef1;zone:79196056-2275-4fac-b5e1-27bb194b3d8d,接入坐标、支路及回流优先；不新增蛇形来强制角度。必要例外不代表自动最优。
fe87de97-7b74-46a8-8632-b7741dbf99f5,GND,B.Cu,"[182062500, 125550000]","[182362500, 124850000]",0.7615773105863908,False,0.3,过孔/焊盘短接入,1d27c694-f4b6-4f86-98e1-ca42d0bf70c4;4682adcb-f097-4bc8-9633-7a2eb719bedb;Q4.2;zone:79196056-2275-4fac-b5e1-27bb194b3d8d,接入坐标、支路及回流优先；不新增蛇形来强制角度。必要例外不代表自动最优。
fe9f350d-929b-454b-9c6b-aead56e83113,GND,B.Cu,"[162911200, 94167300]","[162975800, 96501600]",2.3351937071686364,False,0.0646,既有内部直连/支路顶点,4dda453e-5fc1-4b6e-86f8-e5a521f3ffc3;86f9f1f4-f578-4109-b9aa-0dd6b63c07f7;zone:79196056-2275-4fac-b5e1-27bb194b3d8d,接入坐标、支路及回流优先；不新增蛇形来强制角度。必要例外不代表自动最优。
ff294b43-242d-4cd2-bcbd-27979594f1a4,GND,B.Cu,"[161984100, 90479000]","[162911200, 91406200]",1.3111881062608828,False,0.0001,既有内部直连/支路顶点,478fc22e-8262-4efc-9e45-0eee3c325b78;86f9f1f4-f578-4109-b9aa-0dd6b63c07f7;c431e3eb-a7f1-4768-9b86-f1eb572a3c31;zone:79196056-2275-4fac-b5e1-27bb194b3d8d,接入坐标、支路及回流优先；不新增蛇形来强制角度。必要例外不代表自动最优。
1fadc572-175b-494b-ab0f-feb719311aea,+24V_CTRL,F.Cu,"[163600000, 90500000]","[163700000, 90400000]",0.14142135623730953,True,0.0,过孔/焊盘短接入,36d8c74b-79fe-4782-8368-32de8295c25b;b48c90e8-8d33-4270-9372-1178ae6ba824;c92ad875-463e-4373-b9dd-a9ab3e3d776c,接入坐标、支路及回流优先；不新增蛇形来强制角度。必要例外不代表自动最优。
2682ee93-41d0-451c-bd83-ad8b24d48560,+24V_CTRL,F.Cu,"[181778000, 82478000]","[183100000, 83100000]",1.4610160847848324,False,0.622,过孔/焊盘短接入,527d9306-1957-43bc-afad-db7e4185ebad;f401e693-1cc2-457f-8543-a5095a24d9a7,接入坐标、支路及回流优先；不新增蛇形来强制角度。必要例外不代表自动最优。
3d7eaa8f-4f64-497f-a5a3-c63423a3b088,+24V_CTRL,F.Cu,"[145500000, 131000000]","[142646600, 132426700]",3.19019818349895,False,1.4267,过孔/焊盘短接入,7e7055ec-919c-4273-a095-868b12ebc63e;U22.1,接入坐标、支路及回流优先；不新增蛇形来强制角度。必要例外不代表自动最优。
411075af-a491-4903-8602-d695427b11ed,+24V_CTRL,F.Cu,"[151056600, 81773300]","[153460000, 83000000]",2.6983558790493145,False,1.1767,过孔/焊盘短接入,50e4645a-e501-4ef8-8884-8efea44f5ba3;8d9d988f-da90-411c-8f88-4266b3b18e0b;U33.1,接入坐标、支路及回流优先；不新增蛇形来强制角度。必要例外不代表自动最优。
50e4645a-e501-4ef8-8884-8efea44f5ba3,+24V_CTRL,F.Cu,"[144027500, 81423300]","[151056600, 81773300]",7.037808381165261,False,0.35,既有内部直连/支路顶点,0e80b5b7-690a-40ce-b1d9-c2a882fef078;411075af-a491-4903-8602-d695427b11ed,接入坐标、支路及回流优先；不新增蛇形来强制角度。必要例外不代表自动最优。
527d9306-1957-43bc-afad-db7e4185ebad,+24V_CTRL,F.Cu,"[175600000, 80400000]","[181778000, 82478000]",6.518110769233674,False,2.078,过孔/焊盘短接入,2682ee93-41d0-451c-bd83-ad8b24d48560;889984e1-6314-45b4-931f-f40141a0b1c0;e32afcc0-4950-40fc-907d-7f54b1f3960a,接入坐标、支路及回流优先；不新增蛇形来强制角度。必要例外不代表自动最优。
53395247-b68e-40d8-97b5-59fea90e7ced,+24V_CTRL,F.Cu,"[179800000, 102400000]","[181600000, 104300000]",2.6172504656604803,False,0.1,过孔/焊盘短接入,1171c730-9ce6-43a9-945a-586801ef10d2;3059b7d0-617c-4ff6-8204-ab34dc1e2575;c2e6baac-4cb5-4fa5-ac5c-ec7a94c12ba3,接入坐标、支路及回流优先；不新增蛇形来强制角度。必要例外不代表自动最优。
6a2d64e4-fca6-4019-85bc-4b5ff01c6bf0,+24V_CTRL,F.Cu,"[185900000, 95300000]","[184600000, 102000000]",6.8249542123006215,False,1.3,过孔/焊盘短接入,03393d4f-4216-4930-bb0e-91062b44bc51;ca3c964c-82b9-4339-8f65-2a6fdb592f64,接入坐标、支路及回流优先；不新增蛇形来强制角度。必要例外不代表自动最优。
72e88936-4047-4cce-a6b5-d4727d411a90,+24V_CTRL,F.Cu,"[155214300, 99463000]","[155200000, 99500000]",0.03966724089220222,False,0.0143,过孔/焊盘短接入,3e9c5133-95a4-4a6b-9844-477336e6d6e0;db9e66c7-88d9-4d66-a608-33635bf4a480;dc1d502d-e590-4600-93b1-4d8701a8b83f,接入坐标、支路及回流优先；不新增蛇形来强制角度。必要例外不代表自动最优。
76bea356-fa53-484e-9190-c13a35f0af23,+24V_CTRL,F.Cu,"[121017700, 81734400]","[123460000, 83000000]",2.7507403821516854,False,1.1767,过孔/焊盘短接入,9ec33d43-f460-4adf-8373-b3e4e0b84b20;U1.1,接入坐标、支路及回流优先；不新增蛇形来强制角度。必要例外不代表自动最优。
8cafa29d-9760-471c-b35b-d06fc95f8a17,+24V_CTRL,F.Cu,"[110353400, 89904200]","[110254200, 89904200]",0.0992,True,0.0,过孔/焊盘短接入,cf0115e2-7827-41d0-94c7-e848383ac6e5;fb00ba1c-cd71-4b70-a1e5-080a069c17a0,接入坐标、支路及回流优先；不新增蛇形来强制角度。必要例外不代表自动最优。
8d9d988f-da90-411c-8f88-4266b3b18e0b,+24V_CTRL,F.Cu,"[155221600, 84984000]","[153460000, 83000000]",2.653203829335394,False,0.2224,过孔/焊盘短接入,411075af-a491-4903-8602-d695427b11ed;U33.1;b3c7666e-b521-4fb8-bb03-9234081ac710,接入坐标、支路及回流优先；不新增蛇形来强制角度。必要例外不代表自动最优。
ba05a9b0-4153-42b8-be25-a0cb9cafbcf5,+24V_CTRL,F.Cu,"[128353400, 132426700]","[125500000, 131000000]",3.19019818349895,False,1.4267,过孔/焊盘短接入,7e7055ec-919c-4273-a095-868b12ebc63e;U21.1,接入坐标、支路及回流优先；不新增蛇形来强制角度。必要例外不代表自动最优。
c92ad875-463e-4373-b9dd-a9ab3e3d776c,+24V_CTRL,F.Cu,"[163500000, 90500000]","[163600000, 90500000]",0.1,True,0.0,过孔/焊盘短接入,1fadc572-175b-494b-ab0f-feb719311aea;36d8c74b-79fe-4782-8368-32de8295c25b;b48c90e8-8d33-4270-9372-1178ae6ba824,接入坐标、支路及回流优先；不新增蛇形来强制角度。必要例外不代表自动最优。
c9649279-9324-4f5f-9527-cdc6304fd0c4,+24V_CTRL,F.Cu,"[160742500, 113597600]","[158021300, 113306800]",2.7366940055475695,False,0.2908,过孔/焊盘短接入,292133d6-0ffc-4be7-8526-975803042f83;d928a2b7-4376-43f1-800f-1b4b598c9fc5,接入坐标、支路及回流优先；不新增蛇形来强制角度。必要例外不代表自动最优。
c978d60a-bb38-413f-93e6-f7a1e8a75b1e,+24V_CTRL,F.Cu,"[118725000, 76929600]","[124935000, 77872500]",6.281175081941277,False,0.9429,过孔/焊盘短接入,b335e8bf-e58b-4c2a-be4b-ec12630d304b;d8cc540f-b161-4a08-b678-cec6eb5d7134;f9cbe01e-e94d-4a0f-9587-bbf143be54cf,接入坐标、支路及回流优先；不新增蛇形来强制角度。必要例外不代表自动最优。
d43401a6-19aa-44e0-a9e0-581cf5d2b9b9,+24V_CTRL,F.Cu,"[162400000, 96700000]","[163500000, 92900000]",3.9560080889704965,False,1.1,过孔/焊盘短接入,9b1e3469-2c91-4654-bd1b-b043654b3288;c6f13081-d4d7-42ab-845b-64715e14674e,接入坐标、支路及回流优先；不新增蛇形来强制角度。必要例外不代表自动最优。
e32afcc0-4950-40fc-907d-7f54b1f3960a,+24V_CTRL,F.Cu,"[175500000, 80300000]","[175600000, 80400000]",0.14142135623730953,True,0.0,过孔/焊盘短接入,527d9306-1957-43bc-afad-db7e4185ebad;889984e1-6314-45b4-931f-f40141a0b1c0,接入坐标、支路及回流优先；不新增蛇形来强制角度。必要例外不代表自动最优。
e78941a1-34dd-4956-9c89-c6f89fe7ff77,+24V_CTRL,F.Cu,"[178800000, 100100000]","[177900000, 102200000]",2.2847319317591728,False,0.9,过孔/焊盘短接入,4e414612-1878-4a6a-8748-1a81ad4cbbbb;57ab1946-f313-4744-a478-bde04ab80eb4;7377dd55-d36b-48ee-9725-90341aead0c4;e9770249-8965-4484-a1ab-6163b39bc9de,接入坐标、支路及回流优先；不新增蛇形来强制角度。必要例外不代表自动最优。
07c3fa77-1f02-4064-99ce-4efe1975720f,+24V_CTRL,B.Cu,"[171800000, 84100000]","[173000000, 84000000]",1.2041594578792294,False,0.1,过孔/焊盘短接入,16124c60-4938-47bd-8ec6-d9bed5226469;833a6a02-2794-4648-907b-99d8c334277b;c47d30e1-42a6-4492-b396-f49dae8a6835;dda9f687-8bc2-469d-afd9-2064c4b9d581;e90d4f47-b660-4a1e-b549-ee786b417b7e,接入坐标、支路及回流优先；不新增蛇形来强制角度。必要例外不代表自动最优。
158b2c3d-6822-4a35-a238-37ee544177c0,+24V_CTRL,B.Cu,"[163400000, 90700000]","[163500000, 90600000]",0.14142135623730953,True,0.0,过孔/焊盘短接入,36d8c74b-79fe-4782-8368-32de8295c25b;982e3476-576b-4d94-a28d-94b8ca32f8f9;ea9532a2-de8e-441c-8883-5204c281582f,接入坐标、支路及回流优先；不新增蛇形来强制角度。必要例外不代表自动最优。
16124c60-4938-47bd-8ec6-d9bed5226469,+24V_CTRL,B.Cu,"[173200000, 83900000]","[173100000, 84000000]",0.14142135623730953,True,0.0,过孔/焊盘短接入,07c3fa77-1f02-4064-99ce-4efe1975720f;833a6a02-2794-4648-907b-99d8c334277b;c47d30e1-42a6-4492-b396-f49dae8a6835;dda9f687-8bc2-469d-afd9-2064c4b9d581,接入坐标、支路及回流优先；不新增蛇形来强制角度。必要例外不代表自动最优。
1aa6a420-dfb2-4d71-927d-9a25c272b7ab,+24V_CTRL,B.Cu,"[136985000, 79700000]","[138460000, 83000000]",3.6146403693866973,False,1.475,过孔/焊盘短接入,C4.1;U11.1,接入坐标、支路及回流优先；不新增蛇形来强制角度。必要例外不代表自动最优。
29e036fc-9b9d-4c2a-a9aa-50c1ea765d54,+24V_CTRL,B.Cu,"[110353400, 89904200]","[114884100, 84090900]",7.370325595250185,False,1.2826,过孔/焊盘短接入,431ce6d0-804e-41b9-9176-f4b7aa8d91d5;9f71e1f2-7714-447f-8cfe-11e293f0c5f9;fb00ba1c-cd71-4b70-a1e5-080a069c17a0,接入坐标、支路及回流优先；不新增蛇形来强制角度。必要例外不代表自动最优。
395ae455-76de-4b02-91cd-f1c7d2b346e6,+24V_CTRL,B.Cu,"[155221600, 84984000]","[154995400, 88129200]",3.153323560943279,False,0.2262,过孔/焊盘短接入,48f1c09d-a770-4f27-8a8e-244f9560ce23;b3c7666e-b521-4fb8-bb03-9234081ac710,接入坐标、支路及回流优先；不新增蛇形来强制角度。必要例外不代表自动最优。
40d1ed69-153e-49ea-9ecf-50cbf725129a,+24V_CTRL,B.Cu,"[178700000, 100000000]","[178800000, 100100000]",0.14142135623730953,True,0.0,过孔/焊盘短接入,7377dd55-d36b-48ee-9725-90341aead0c4;845d68a0-a3e1-4e12-8b71-1b514f83080c;91f4e95c-e907-4487-bed5-cf0323b5af5e,接入坐标、支路及回流优先；不新增蛇形来强制角度。必要例外不代表自动最优。
431ce6d0-804e-41b9-9176-f4b7aa8d91d5,+24V_CTRL,B.Cu,"[118725000, 76929600]","[114884100, 84090900]",8.126298696208503,False,3.3204,过孔/焊盘短接入,29e036fc-9b9d-4c2a-a9aa-50c1ea765d54;72767ba2-29cb-4b5d-8e79-1bc4a14f7325;9f71e1f2-7714-447f-8cfe-11e293f0c5f9;f9cbe01e-e94d-4a0f-9587-bbf143be54cf,接入坐标、支路及回流优先；不新增蛇形来强制角度。必要例外不代表自动最优。
4c43259b-121f-4621-943b-8347de551411,+24V_CTRL,B.Cu,"[173400000, 96600000]","[171400000, 96000000]",2.08806130178211,False,0.6,过孔/焊盘短接入,69e568b1-fb71-4a39-91ca-b442a537b715;7dbe75c6-12ad-4076-a4a1-57a1fd9b96a3;R51.1,接入坐标、支路及回流优先；不新增蛇形来强制角度。必要例外不代表自动最优。
572874c2-5c2b-4f15-8986-e54190c66ac3,+24V_CTRL,B.Cu,"[178800000, 101100000]","[178700000, 101000000]",0.14142135623730953,True,0.0,过孔/焊盘短接入,6d6c0a28-5362-4861-a717-6ef750dfa94e;845d68a0-a3e1-4e12-8b71-1b514f83080c,接入坐标、支路及回流优先；不新增蛇形来强制角度。必要例外不代表自动最优。
5fa8d6e1-ba33-4841-a4ec-9df13008bf78,+24V_CTRL,B.Cu,"[177900000, 102200000]","[178000000, 102200000]",0.1,True,0.0,过孔/焊盘短接入,7ddd3062-5189-4c70-ab08-2fc6ddffee94;e9770249-8965-4484-a1ab-6163b39bc9de;ee259528-d0ea-43f1-8473-bf25f7df1b24,接入坐标、支路及回流优先；不新增蛇形来强制角度。必要例外不代表自动最优。
69e568b1-fb71-4a39-91ca-b442a537b715,+24V_CTRL,B.Cu,"[173400000, 96600000]","[171400000, 95800000]",2.1540659228538015,False,0.8,过孔/焊盘短接入,4c43259b-121f-4621-943b-8347de551411;7dbe75c6-12ad-4076-a4a1-57a1fd9b96a3;R51.1,接入坐标、支路及回流优先；不新增蛇形来强制角度。必要例外不代表自动最优。
6c203f97-062f-4f26-958f-b607600c3ba6,+24V_CTRL,B.Cu,"[184200000, 85000000]","[184500000, 90300000]",5.308483775994799,False,0.3,过孔/焊盘短接入,000ba2b4-e6e4-44a3-b5ca-2cd9ef8f44a8;9a292b7b-b562-4ac1-9e23-83abe8cbc4ec,接入坐标、支路及回流优先；不新增蛇形来强制角度。必要例外不代表自动最优。
78bcf2a1-ad5f-4215-bfe5-d63b6164f500,+24V_CTRL,B.Cu,"[160742500, 113597700]","[160742500, 113597600]",0.0001,True,0.0,既有内部直连/支路顶点,15641630-53a5-4b22-be55-7c56dbbffce5,接入坐标、支路及回流优先；不新增蛇形来强制角度。必要例外不代表自动最优。
7ddd3062-5189-4c70-ab08-2fc6ddffee94,+24V_CTRL,B.Cu,"[179600000, 102400000]","[177900000, 102200000]",1.7117242768623688,False,0.2,过孔/焊盘短接入,3059b7d0-617c-4ff6-8204-ab34dc1e2575;5fa8d6e1-ba33-4841-a4ec-9df13008bf78;e9770249-8965-4484-a1ab-6163b39bc9de;ee259528-d0ea-43f1-8473-bf25f7df1b24,接入坐标、支路及回流优先；不新增蛇形来强制角度。必要例外不代表自动最优。
833a6a02-2794-4648-907b-99d8c334277b,+24V_CTRL,B.Cu,"[173100000, 83900000]","[173000000, 84000000]",0.14142135623730953,True,0.0,过孔/焊盘短接入,07c3fa77-1f02-4064-99ce-4efe1975720f;16124c60-4938-47bd-8ec6-d9bed5226469;c47d30e1-42a6-4492-b396-f49dae8a6835;dda9f687-8bc2-469d-afd9-2064c4b9d581,接入坐标、支路及回流优先；不新增蛇形来强制角度。必要例外不代表自动最优。
8b8b2522-c602-4dda-aa4e-0fa855d768eb,+24V_CTRL,B.Cu,"[151985000, 79700000]","[153460000, 83000000]",3.6146403693866973,False,1.475,过孔/焊盘短接入,C22.1;U33.1,接入坐标、支路及回流优先；不新增蛇形来强制角度。必要例外不代表自动最优。
91f4e95c-e907-4487-bed5-cf0323b5af5e,+24V_CTRL,B.Cu,"[177800000, 98900000]","[178700000, 100000000]",1.4212670403551895,False,0.2,过孔/焊盘短接入,40d1ed69-153e-49ea-9ecf-50cbf725129a;7377dd55-d36b-48ee-9725-90341aead0c4;7eb0fe44-53e5-455a-97e8-7d4ac328ad61;845d68a0-a3e1-4e12-8b71-1b514f83080c,接入坐标、支路及回流优先；不新增蛇形来强制角度。必要例外不代表自动最优。
982e3476-576b-4d94-a28d-94b8ca32f8f9,+24V_CTRL,B.Cu,"[163500000, 90600000]","[163500000, 90500000]",0.1,True,0.0,过孔/焊盘短接入,158b2c3d-6822-4a35-a238-37ee544177c0;36d8c74b-79fe-4782-8368-32de8295c25b;ea9532a2-de8e-441c-8883-5204c281582f,接入坐标、支路及回流优先；不新增蛇形来强制角度。必要例外不代表自动最优。
9a292b7b-b562-4ac1-9e23-83abe8cbc4ec,+24V_CTRL,B.Cu,"[183100000, 83100000]","[184200000, 85000000]",2.195449840010015,False,0.8,过孔/焊盘短接入,6c203f97-062f-4f26-958f-b607600c3ba6;f401e693-1cc2-457f-8543-a5095a24d9a7,接入坐标、支路及回流优先；不新增蛇形来强制角度。必要例外不代表自动最优。
bf8932ad-a3f4-41fe-a0a0-31289a030d93,+24V_CTRL,B.Cu,"[183000000, 104300000]","[184600000, 103100000]",2.0,False,0.4,既有内部直连/支路顶点,7fe1de97-653b-4356-ba47-2cd5b4463332;e0c47db5-9896-4179-ba62-2ca9872cce83,接入坐标、支路及回流优先；不新增蛇形来强制角度。必要例外不代表自动最优。
c7a0e786-ab4a-4edb-a3db-a35e541644fa,+24V_CTRL,B.Cu,"[173700000, 98600000]","[174100000, 98900000]",0.5,False,0.1,既有内部直连/支路顶点,74c5c7ee-f9ad-45a5-9346-dad34ea81ead;7eb0fe44-53e5-455a-97e8-7d4ac328ad61,接入坐标、支路及回流优先；不新增蛇形来强制角度。必要例外不代表自动最优。
dda9f687-8bc2-469d-afd9-2064c4b9d581,+24V_CTRL,B.Cu,"[173200000, 83900000]","[173700000, 83300000]",0.7810249675906654,False,0.1,过孔/焊盘短接入,07c3fa77-1f02-4064-99ce-4efe1975720f;16124c60-4938-47bd-8ec6-d9bed5226469;6192bdd9-bcf0-4367-be53-7edae4352739;833a6a02-2794-4648-907b-99d8c334277b;c47d30e1-42a6-4492-b396-f49dae8a6835,接入坐标、支路及回流优先；不新增蛇形来强制角度。必要例外不代表自动最优。
ea9532a2-de8e-441c-8883-5204c281582f,+24V_CTRL,B.Cu,"[163500000, 92900000]","[163400000, 90700000]",2.2022715545545237,False,0.1,过孔/焊盘短接入,158b2c3d-6822-4a35-a238-37ee544177c0;36d8c74b-79fe-4782-8368-32de8295c25b;982e3476-576b-4d94-a28d-94b8ca32f8f9;c6f13081-d4d7-42ab-845b-64715e14674e,接入坐标、支路及回流优先；不新增蛇形来强制角度。必要例外不代表自动最优。
ee259528-d0ea-43f1-8473-bf25f7df1b24,+24V_CTRL,B.Cu,"[178000000, 102200000]","[179600000, 102400000]",1.6124515496597098,False,0.2,过孔/焊盘短接入,3059b7d0-617c-4ff6-8204-ab34dc1e2575;5fa8d6e1-ba33-4841-a4ec-9df13008bf78;7ddd3062-5189-4c70-ab08-2fc6ddffee94;e9770249-8965-4484-a1ab-6163b39bc9de,接入坐标、支路及回流优先；不新增蛇形来强制角度。必要例外不代表自动最优。
9d45a0e7-714b-4a93-a5f1-dc699c895727,+24V_ESTOP_NC,F.Cu,"[109256800, 133330100]","[105500000, 131000000]",4.420736618483394,False,1.4267,过孔/焊盘短接入,U24.1;bf53586d-67dc-4611-9f8f-6a998494ec0e,接入坐标、支路及回流优先；不新增蛇形来强制角度。必要例外不代表自动最优。
4b3cad3b-cef1-4773-a249-ca46f64279e8,+5V_MCU_FEED,F.Cu,"[114038000, 84973000]","[115170000, 86848000]",2.190216655949817,False,0.743,既有内部直连/支路顶点,eed98dd2-8412-40a2-83d0-1e799bc52aff;f85f6706-251d-4bb2-a147-892fffdec27d,接入坐标、支路及回流优先；不新增蛇形来强制角度。必要例外不代表自动最优。
91279451-e03e-4ff5-8d03-3e8825d5ef88,+5V_MCU_FEED,F.Cu,"[114688000, 89548000]","[114688000, 89683000]",0.135,True,0.0,既有内部直连/支路顶点,9ea7d7a4-518b-4780-9549-f23eb6226236;e5ba0e7d-fd61-49c2-bc91-30cea61d55a8,接入坐标、支路及回流优先；不新增蛇形来强制角度。必要例外不代表自动最优。
9ea7d7a4-518b-4780-9549-f23eb6226236,+5V_MCU_FEED,F.Cu,"[114929000, 88385500]","[114688000, 89548000]",1.1872182823727069,False,0.241,既有内部直连/支路顶点,91279451-e03e-4ff5-8d03-3e8825d5ef88;c1dfd2b1-e641-4a58-bd5d-97bc59fa289b;e5ba0e7d-fd61-49c2-bc91-30cea61d55a8,接入坐标、支路及回流优先；不新增蛇形来强制角度。必要例外不代表自动最优。
c1dfd2b1-e641-4a58-bd5d-97bc59fa289b,+5V_MCU_FEED,F.Cu,"[115170000, 87223000]","[114929000, 88385500]",1.1872182823727069,False,0.241,既有内部直连/支路顶点,9ea7d7a4-518b-4780-9549-f23eb6226236;f85f6706-251d-4bb2-a147-892fffdec27d,接入坐标、支路及回流优先；不新增蛇形来强制角度。必要例外不代表自动最优。
d191ca1d-8384-4ddc-a372-e5482acd10c1,+5V_MCU_FEED,F.Cu,"[114015000, 90133000]","[113988000, 90160000]",0.03818376618407357,True,0.0,过孔/焊盘短接入,5e2cbd26-1e12-4d8f-900c-ba10658ad4b1;e5ba0e7d-fd61-49c2-bc91-30cea61d55a8;ec6e4ae4-762b-4ce8-8d13-c28e49307653,接入坐标、支路及回流优先；不新增蛇形来强制角度。必要例外不代表自动最优。
72013658-672f-46f2-9713-d23c8c031074,+5V_MCU_FEED,B.Cu,"[112838000, 79848000]","[114038000, 83148000]",3.5114099732158874,False,1.2,过孔/焊盘短接入,209a5d78-c7ec-480e-9b02-69bbd7edb548;86990db5-0828-4b02-994b-a2edd2062495;J19.1,接入坐标、支路及回流优先；不新增蛇形来强制角度。必要例外不代表自动最优。
a7b81062-83d2-41bf-8272-b28a4a005c52,+5V_MCU_FEED,B.Cu,"[113988000, 90160000]","[114238000, 90133000]",0.2514537730876194,False,0.027,过孔/焊盘短接入,D9.1;c7ccf1d8-8885-4f6c-9d4c-6dec6affd29e;ec6e4ae4-762b-4ce8-8d13-c28e49307653,接入坐标、支路及回流优先；不新增蛇形来强制角度。必要例外不代表自动最优。
0a2e6222-6496-4b47-851e-11c4323e5606,+5V_MCU,F.Cu,"[111316116, 110000000]","[114700000, 111400000]",3.6620582908326296,False,1.4,过孔/焊盘短接入,65582dd6-48ca-4aff-9252-f0a7b770561d;934124e9-eef8-49e3-a517-ed90f8068e7a,接入坐标、支路及回流优先；不新增蛇形来强制角度。必要例外不代表自动最优。
26b95d7a-aa4b-4b2c-8237-06702ed80ffc,+5V_MCU,F.Cu,"[98488000, 96698000]","[101338000, 97448000]",2.947032405658275,False,0.75,既有内部直连/支路顶点,391e48a1-ccea-465b-bdd3-53292e483173;fe77dcb5-0a7b-454b-aeb5-65cbf98b7ade,接入坐标、支路及回流优先；不新增蛇形来强制角度。必要例外不代表自动最优。
2aa1a85a-579d-4e04-a3cc-aaf9451a55bd,+5V_MCU,F.Cu,"[119500000, 119750000]","[120300000, 119800000]",0.8015609770940698,False,0.05,既有内部直连/支路顶点,460439b9-c779-4031-9ad1-7dd5ce15df80;46ac0be9-5b0d-483f-8383-af2f1f3cd6d3,接入坐标、支路及回流优先；不新增蛇形来强制角度。必要例外不代表自动最优。
32acb500-6960-4540-b105-b67a3e0bf091,+5V_MCU,F.Cu,"[106038000, 100248000]","[106148000, 100248000]",0.11,True,0.0,过孔/焊盘短接入,26eb6f01-6a04-430b-9391-f6d1ae5ce2bd;9733877b-55ac-4781-bad5-d219f13dbb99;d149c2ae-bf6b-4eff-ad2a-2c806ba36b6a,接入坐标、支路及回流优先；不新增蛇形来强制角度。必要例外不代表自动最优。
391e48a1-ccea-465b-bdd3-53292e483173,+5V_MCU,F.Cu,"[101338000, 97448000]","[102338000, 98298000]",1.3124404748406688,False,0.15,既有内部直连/支路顶点,26b95d7a-aa4b-4b2c-8237-06702ed80ffc;42255401-c735-49db-a1a7-ddd427bebc60,接入坐标、支路及回流优先；不新增蛇形来强制角度。必要例外不代表自动最优。
46ac0be9-5b0d-483f-8383-af2f1f3cd6d3,+5V_MCU,F.Cu,"[118700000, 119700000]","[119500000, 119750000]",0.8015609770940698,False,0.05,过孔/焊盘短接入,2aa1a85a-579d-4e04-a3cc-aaf9451a55bd;7ff686fe-c2c3-4e72-bc80-49d4020d521a,接入坐标、支路及回流优先；不新增蛇形来强制角度。必要例外不代表自动最优。
77b001b4-0536-4aab-bbe3-83165d9fa350,+5V_MCU,F.Cu,"[99638000, 91948000]","[98738000, 92648000]",1.1401754250991378,False,0.2,过孔/焊盘短接入,caf88bf9-732e-4802-abc8-2df165e0cde4;df23189c-4ef7-46e2-b645-8e12ae3029ea,接入坐标、支路及回流优先；不新增蛇形来强制角度。必要例外不代表自动最优。
99484cf8-da1d-46aa-bff2-613c8a1526aa,+5V_MCU,F.Cu,"[100688000, 85098000]","[100388000, 85948000]",0.9013878188659974,False,0.3,过孔/焊盘短接入,3da901de-66b8-4435-8c09-910b9f406039;e584530b-8740-419d-9429-1d4a0ac88758,接入坐标、支路及回流优先；不新增蛇形来强制角度。必要例外不代表自动最优。
caf88bf9-732e-4802-abc8-2df165e0cde4,+5V_MCU,F.Cu,"[98738000, 92648000]","[97438000, 95098000]",2.7735356496717323,False,1.15,过孔/焊盘短接入,1db50fdb-215c-4cda-b511-cd3f5ad8dd31;77b001b4-0536-4aab-bbe3-83165d9fa350,接入坐标、支路及回流优先；不新增蛇形来强制角度。必要例外不代表自动最优。
e584530b-8740-419d-9429-1d4a0ac88758,+5V_MCU,F.Cu,"[106888000, 79298000]","[100688000, 85098000]",8.489994110716449,False,0.4,过孔/焊盘短接入,99484cf8-da1d-46aa-bff2-613c8a1526aa;b66d75c9-c04f-4090-bf62-61e88894e449,接入坐标、支路及回流优先；不新增蛇形来强制角度。必要例外不代表自动最优。
ef988310-428f-403e-bc2a-e17b1c099b3b,+5V_MCU,F.Cu,"[102338000, 99048000]","[102438000, 99148000]",0.14142135623730953,True,0.0,既有内部直连/支路顶点,42255401-c735-49db-a1a7-ddd427bebc60;dd029998-c46b-4a0b-ad01-375935e520e2,接入坐标、支路及回流优先；不新增蛇形来强制角度。必要例外不代表自动最优。
f288a5c7-75ad-4e82-b88d-88803bd28bd9,+5V_MCU,F.Cu,"[142100000, 119800000]","[142300000, 119900000]",0.22360679774997896,False,0.1,既有内部直连/支路顶点,04538eed-3368-4365-bbb3-eb0d1530af6a;460439b9-c779-4031-9ad1-7dd5ce15df80,接入坐标、支路及回流优先；不新增蛇形来强制角度。必要例外不代表自动最优。
fe77dcb5-0a7b-454b-aeb5-65cbf98b7ade,+5V_MCU,F.Cu,"[97988000, 97148000]","[98488000, 96698000]",0.6726812023536856,False,0.05,过孔/焊盘短接入,26b95d7a-aa4b-4b2c-8237-06702ed80ffc;cf670826-1e2b-427a-a893-c63470bf5bb5;f13394b8-d1f9-4563-9b56-7694687441c3,接入坐标、支路及回流优先；不新增蛇形来强制角度。必要例外不代表自动最优。
0a8ac515-0824-48ff-bd8e-f71dc9531bb0,+5V_MCU,B.Cu,"[106300000, 100400000]","[106190000, 100400000]",0.11,True,0.0,过孔/焊盘短接入,26eb6f01-6a04-430b-9391-f6d1ae5ce2bd;6c74cdab-5788-451b-9029-372977cd2a07;c20621d0-495d-4785-a189-a41b0b470fa6,接入坐标、支路及回流优先；不新增蛇形来强制角度。必要例外不代表自动最优。
8f76ac53-b95d-453a-9bcd-49af881cbbf5,+5V_MCU,B.Cu,"[106038000, 103738000]","[106100000, 103800000]",0.0876812408671319,True,0.0,既有内部直连/支路顶点,4e006049-5ae3-43c1-8da7-219b3909c4c4;bf018c11-410c-4f04-837b-e76b1a17bf81,接入坐标、支路及回流优先；不新增蛇形来强制角度。必要例外不代表自动最优。
a614109e-6255-4974-9479-3549552d311d,+5V_MCU,B.Cu,"[100388000, 88298000]","[100338000, 88348000]",0.07071067811865477,True,0.0,过孔/焊盘短接入,4bc93f5b-7c19-436b-9bee-2ec5eedc62d0;854bb28c-0217-4ece-ae21-108bf9b6e1e6,接入坐标、支路及回流优先；不新增蛇形来强制角度。必要例外不代表自动最优。
a815a8ad-6168-4bea-817f-48a123fdadfc,+5V_MCU,B.Cu,"[97788000, 97098000]","[97788000, 97148000]",0.05,True,0.0,过孔/焊盘短接入,cf670826-1e2b-427a-a893-c63470bf5bb5;e4da5303-16cb-4ba6-bf68-6b01e50b3c27,接入坐标、支路及回流优先；不新增蛇形来强制角度。必要例外不代表自动最优。
e4da5303-16cb-4ba6-bf68-6b01e50b3c27,+5V_MCU,B.Cu,"[97438000, 95098000]","[97788000, 97098000]",2.0303940504246953,False,0.35,过孔/焊盘短接入,1db50fdb-215c-4cda-b511-cd3f5ad8dd31;a815a8ad-6168-4bea-817f-48a123fdadfc;cf670826-1e2b-427a-a893-c63470bf5bb5,接入坐标、支路及回流优先；不新增蛇形来强制角度。必要例外不代表自动最优。
fb26dfda-e9eb-4b66-9226-8e9c92f8378b,+5V_MCU,B.Cu,"[106100000, 104600000]","[106200000, 104700000]",0.14142135623730953,True,0.0,过孔/焊盘短接入,4e006049-5ae3-43c1-8da7-219b3909c4c4;58dc4184-b4e4-4944-8f1d-92a2b96edde1,接入坐标、支路及回流优先；不新增蛇形来强制角度。必要例外不代表自动最优。
2598e473-06c1-4324-b42b-22b89bd0f1aa,FUNC_BTN_RET,F.Cu,"[155588000, 75623000]","[168538000, 77523000]",13.088640112708426,False,1.9,既有内部直连/支路顶点,0763bf55-124e-4d0f-b90a-5aec1d2b9f9e;fd79a5aa-1919-4341-b818-1472fa15632a,接入坐标、支路及回流优先；不新增蛇形来强制角度。必要例外不代表自动最优。
c0e75a56-a39b-44fd-a3de-b0c159d3eb9b,FUNC_BTN_RET,F.Cu,"[154263000, 75198000]","[155338000, 75523000]",1.12305387226081,False,0.325,过孔/焊盘短接入,b44eaa3b-5ef1-48ac-84a5-625cf55afa49;fd79a5aa-1919-4341-b818-1472fa15632a,接入坐标、支路及回流优先；不新增蛇形来强制角度。必要例外不代表自动最优。
fd79a5aa-1919-4341-b818-1472fa15632a,FUNC_BTN_RET,F.Cu,"[155413000, 75548000]","[155488000, 75548000]",0.075,True,0.0,既有内部直连/支路顶点,2598e473-06c1-4324-b42b-22b89bd0f1aa;c0e75a56-a39b-44fd-a3de-b0c159d3eb9b,接入坐标、支路及回流优先；不新增蛇形来强制角度。必要例外不代表自动最优。
063af2ab-bff8-46fe-a09a-ecca98bf7a40,FUNC_BTN_RET,B.Cu,"[152038000, 73148000]","[153888000, 74473000]",2.275549384214722,False,0.525,既有内部直连/支路顶点,1d40d661-85b9-48e4-bddd-0cfc9c747e0e;5349f6ca-d070-48de-b4e1-4ac0d5436562,接入坐标、支路及回流优先；不新增蛇形来强制角度。必要例外不代表自动最优。
1d40d661-85b9-48e4-bddd-0cfc9c747e0e,FUNC_BTN_RET,B.Cu,"[153888000, 74473000]","[154263000, 75198000]",0.8162413858657254,False,0.35,过孔/焊盘短接入,063af2ab-bff8-46fe-a09a-ecca98bf7a40;b44eaa3b-5ef1-48ac-84a5-625cf55afa49,接入坐标、支路及回流优先；不新增蛇形来强制角度。必要例外不代表自动最优。
5349f6ca-d070-48de-b4e1-4ac0d5436562,FUNC_BTN_RET,B.Cu,"[150388000, 73173000]","[152038000, 73148000]",1.650189383070925,False,0.025,既有内部直连/支路顶点,063af2ab-bff8-46fe-a09a-ecca98bf7a40;a41e5ae1-7da5-466f-bbec-2d0711ca66be,接入坐标、支路及回流优先；不新增蛇形来强制角度。必要例外不代表自动最优。
8f3b1cf2-cb5f-44ec-9e32-afd8143ff1e0,FUNC_LED_A,F.Cu,"[175000000, 82700000]","[170748400, 93015400]",11.157220967606584,False,4.2516,过孔/焊盘短接入,76280362-8f52-4e79-a538-2018afe21772;J18.3,接入坐标、支路及回流优先；不新增蛇形来强制角度。必要例外不代表自动最优。
a32fc342-b322-43dd-9b99-c49164fae7dc,+6V5_LIM_B,F.Cu,"[176646600, 70073300]","[179500000, 71500000]",3.19019818349895,False,1.4267,过孔/焊盘短接入,J15.1;bf235a00-13bf-4a4c-89f2-73dbac18a5c0,接入坐标、支路及回流优先；不新增蛇形来强制角度。必要例外不代表自动最优。
c560407f-99c1-4e18-a587-537ce981e2f3,+6V5_LIM_B,F.Cu,"[161500000, 71500000]","[164353400, 70073300]",3.19019818349895,False,1.4267,过孔/焊盘短接入,J14.1;bf235a00-13bf-4a4c-89f2-73dbac18a5c0,接入坐标、支路及回流优先；不新增蛇形来强制角度。必要例外不代表自动最优。
dc8d51cd-bfa0-46cb-b881-5e857153b7aa,+6V5_LIM_B,B.Cu,"[161500000, 71500000]","[158540000, 75886700]",5.291950197233531,False,1.4267,过孔/焊盘短接入,5d2296c9-9081-49d4-bd74-5064c52c927c;J14.1,接入坐标、支路及回流优先；不新增蛇形来强制角度。必要例外不代表自动最优。
e0cee9c8-3ed9-4c93-875c-1830b6d46534,+6V5_LIM_B,B.Cu,"[157590000, 85800000]","[158540000, 83000000]",2.956771888394504,False,0.95,过孔/焊盘短接入,5d2296c9-9081-49d4-bd74-5064c52c927c;C23.1;U33.3,接入坐标、支路及回流优先；不新增蛇形来强制角度。必要例外不代表自动最优。
49ddbc83-232b-47e8-ae62-0092eb82abe0,LIM_RO_RET,B.Cu,"[180467500, 91142500]","[179901000, 90917300]",0.6096206115281865,False,0.2252,过孔/焊盘短接入,3d61238f-900a-4e33-b3d0-7ea32328df66;R16.2,接入坐标、支路及回流优先；不新增蛇形来强制角度。必要例外不代表自动最优。
e8b50e51-53a9-45f4-9772-3e9e1cc90b70,LIM_RO_RET,B.Cu,"[179901000, 83225000]","[174500000, 71500000]",12.909160545906925,False,5.401,过孔/焊盘短接入,3d61238f-900a-4e33-b3d0-7ea32328df66;J15.2,接入坐标、支路及回流优先；不新增蛇形来强制角度。必要例外不代表自动最优。
5266a878-9a91-4231-9509-3ff358a8a1f4,+5V_BUZ,F.Cu,"[179088000, 89548000]","[184788000, 89698000]",5.701973342624464,False,0.15,既有内部直连/支路顶点,19b92907-0d11-41c6-90e9-859f6373111d;60f84400-c727-4d65-a5ed-920669a5a690,接入坐标、支路及回流优先；不新增蛇形来强制角度。必要例外不代表自动最优。
60f84400-c727-4d65-a5ed-920669a5a690,+5V_BUZ,F.Cu,"[174688000, 91548000]","[179088000, 89548000]",4.833218389437829,False,2.0,过孔/焊盘短接入,5266a878-9a91-4231-9509-3ff358a8a1f4;BZ1.1,接入坐标、支路及回流优先；不新增蛇形来强制角度。必要例外不代表自动最优。
d9454f6a-0b41-43ed-99c2-8afd92540acb,+5V_BUZ,F.Cu,"[166138000, 91598000]","[168988000, 93698000]",3.540127116361784,False,0.75,过孔/焊盘短接入,C36.1;f8136a9c-53b4-4be7-897e-837b54546ed2,接入坐标、支路及回流优先；不新增蛇形来强制角度。必要例外不代表自动最优。
4fcb96cc-ee46-4c9a-8981-eb1dc503409e,+5V_BUZ,B.Cu,"[185102200, 95151600]","[185444800, 103527700]",8.383103600099428,False,0.3426,既有内部直连/支路顶点,b55da151-e2bc-423c-aac0-4c57342bb027;d8fd33af-4365-413f-bd0a-537a67b9146a,接入坐标、支路及回流优先；不新增蛇形来强制角度。必要例外不代表自动最优。
78df4f3d-5267-4396-af39-084b5e3714a5,+5V_BUZ,B.Cu,"[185288000, 94948000]","[185688000, 94598000]",0.5315072906367325,False,0.05,既有内部直连/支路顶点,b55da151-e2bc-423c-aac0-4c57342bb027;cf6ec514-a85d-4b63-9d09-5486d8a623df,接入坐标、支路及回流优先；不新增蛇形来强制角度。必要例外不代表自动最优。
b55da151-e2bc-423c-aac0-4c57342bb027,+5V_BUZ,B.Cu,"[185163000, 94998000]","[185163000, 95023000]",0.025,True,0.0,既有内部直连/支路顶点,4fcb96cc-ee46-4c9a-8981-eb1dc503409e;78df4f3d-5267-4396-af39-084b5e3714a5,接入坐标、支路及回流优先；不新增蛇形来强制角度。必要例外不代表自动最优。
bd07984a-b17f-4cfe-b228-9210449cf9ed,+5V_BUZ,B.Cu,"[183784000, 121752200]","[184000000, 120600000]",1.1722716579359924,False,0.216,过孔/焊盘短接入,0ca5172a-a13c-4dbe-8c36-54d02976e086;427a4dc4-688e-4007-bbc4-39917922af23;F2.2,接入坐标、支路及回流优先；不新增蛇形来强制角度。必要例外不代表自动最优。
cf6ec514-a85d-4b63-9d09-5486d8a623df,+5V_BUZ,B.Cu,"[185688000, 94598000]","[186288000, 91198000]",3.452535300326414,False,0.6,过孔/焊盘短接入,78df4f3d-5267-4396-af39-084b5e3714a5;84514170-eba5-43cf-ab56-b13062454233,接入坐标、支路及回流优先；不新增蛇形来强制角度。必要例外不代表自动最优。
03b15602-9e4a-47f7-904c-3cc25ebd0a86,+5V_CTRL,F.Cu,"[105500000, 95900000]","[101700000, 95600000]",3.8118237105091834,False,0.3,过孔/焊盘短接入,0f730c16-1412-491e-a0e2-bc82e5787176;9ea376a4-3b3a-4672-8d77-aab796807e71,接入坐标、支路及回流优先；不新增蛇形来强制角度。必要例外不代表自动最优。
19a9295a-374d-4b5e-8644-621773eef0fb,+5V_CTRL,F.Cu,"[106800000, 114900000]","[104400000, 123200000]",8.64002314811714,False,2.4,过孔/焊盘短接入,5a98ba70-77c6-4a9b-bce1-e07a9e660fe9;cc737131-26ab-46d1-9134-fba92def32f1,接入坐标、支路及回流优先；不新增蛇形来强制角度。必要例外不代表自动最优。
3305c394-bdbb-40b9-adcf-aed6b46324d2,+5V_CTRL,F.Cu,"[98000000, 90800000]","[98400000, 89400000]",1.4560219778561037,False,0.4,过孔/焊盘短接入,2801df2d-35fd-4689-b159-94af766830c6;86d3eaf2-29e2-4b26-8c8d-418d15e774cc,接入坐标、支路及回流优先；不新增蛇形来强制角度。必要例外不代表自动最优。
5dde330b-fec4-4751-8833-c5953e358180,+5V_CTRL,F.Cu,"[106800000, 103500000]","[113100000, 106000000]",6.777905281132218,False,2.5,过孔/焊盘短接入,5ba0d4f0-274c-4f2e-b69c-11017e3f3b44;831fdbe6-63dd-4f15-955d-e9d30648832d;c1292c75-2237-40d9-afbd-54ac6560c86c,接入坐标、支路及回流优先；不新增蛇形来强制角度。必要例外不代表自动最优。
6636e7e2-8f2e-42dc-85d3-e621316cd4ed,+5V_CTRL,F.Cu,"[127284400, 129459400]","[127359900, 129534900]",0.10677312395916867,True,0.0,过孔/焊盘短接入,52f40b89-57da-48d7-8525-807dc492db62;5471fe5f-ec70-4f62-ac4a-80cd8a113b8d;ac607ef3-f0d1-467a-80c2-5e5c21c0289a,接入坐标、支路及回流优先；不新增蛇形来强制角度。必要例外不代表自动最优。
68424997-96ee-4299-a353-af135e30c3a6,+5V_CTRL,F.Cu,"[172400000, 121700000]","[172800000, 121500000]",0.4472135954999579,False,0.2,过孔/焊盘短接入,4a808a38-13cc-4fc9-9fa7-aa3f85dac757;a7eca562-5739-49af-a749-9be794cecab9;abf6a3e4-f77f-408c-aca7-a4347827cd66;b61ac496-dfd6-4f1b-aaa5-006f423c3213;bfd1299c-7a30-47d3-9cd4-c4b05e39be42,接入坐标、支路及回流优先；不新增蛇形来强制角度。必要例外不代表自动最优。
a4858ec8-bd61-47ff-91da-b00d368e8bcb,+5V_CTRL,F.Cu,"[165061600, 121980000]","[165898700, 121715400]",0.8779234419925236,False,0.2646,既有内部直连/支路顶点,a1811962-d45c-4c9a-82b0-21d9d1ac6f8b;b61ac496-dfd6-4f1b-aaa5-006f423c3213,接入坐标、支路及回流优先；不新增蛇形来强制角度。必要例外不代表自动最优。
a95af499-30bc-4e54-af4b-e812b268cd5c,+5V_CTRL,F.Cu,"[105700000, 89500000]","[107000000, 89000000]",1.392838827718412,False,0.5,过孔/焊盘短接入,3520524c-f440-4aba-8568-cfe5e7f4af3a;c95319e8-17fc-4d72-a6e4-41743e175670,接入坐标、支路及回流优先；不新增蛇形来强制角度。必要例外不代表自动最优。
c1292c75-2237-40d9-afbd-54ac6560c86c,+5V_CTRL,F.Cu,"[119600000, 107900000]","[113100000, 106000000]",6.772001181334805,False,1.9,既有内部直连/支路顶点,5dde330b-fec4-4751-8833-c5953e358180;831fdbe6-63dd-4f15-955d-e9d30648832d;fd5b74a0-c30c-403f-a5fb-17e9fcb50457,接入坐标、支路及回流优先；不新增蛇形来强制角度。必要例外不代表自动最优。
ca4d228b-abd5-453f-a905-be9f4fe0bd84,+5V_CTRL,F.Cu,"[115700000, 88100000]","[116900000, 87500000]",1.3416407864998738,False,0.6,过孔/焊盘短接入,39529ac3-c1d8-40d9-b07d-2956ca09f4aa;f3be3313-9711-425e-a20e-9957f6d4b456,接入坐标、支路及回流优先；不新增蛇形来强制角度。必要例外不代表自动最优。
cc737131-26ab-46d1-9134-fba92def32f1,+5V_CTRL,F.Cu,"[104400000, 123200000]","[107000000, 125700000]",3.6069377593742864,False,0.1,过孔/焊盘短接入,19a9295a-374d-4b5e-8644-621773eef0fb;aa8c6cf3-3f21-4d84-a9ef-da5ca83db783,接入坐标、支路及回流优先；不新增蛇形来强制角度。必要例外不代表自动最优。
0fef3bae-a821-4f4e-b07a-2dd774e22c17,+5V_CTRL,B.Cu,"[115600000, 88200000]","[115700000, 88100000]",0.14142135623730953,True,0.0,过孔/焊盘短接入,a755d159-3c04-48c9-a7c5-4435d27cb213;f3be3313-9711-425e-a20e-9957f6d4b456,接入坐标、支路及回流优先；不新增蛇形来强制角度。必要例外不代表自动最优。
4876f309-0831-40fb-a330-19133a9a3b7d,+5V_CTRL,B.Cu,"[105600000, 89400000]","[105700000, 89500000]",0.14142135623730953,True,0.0,过孔/焊盘短接入,3520524c-f440-4aba-8568-cfe5e7f4af3a;36ab10ac-d3b0-4b00-aaa2-bc941ca10fe2,接入坐标、支路及回流优先；不新增蛇形来强制角度。必要例外不代表自动最优。
4f27e814-c51e-4262-9fce-c01dc7b48a29,+5V_CTRL,B.Cu,"[131400000, 113000000]","[131400000, 113100000]",0.1,True,0.0,过孔/焊盘短接入,7e015176-3104-44f2-ab7a-65edd6f50a69;R54.1,接入坐标、支路及回流优先；不新增蛇形来强制角度。必要例外不代表自动最优。
6a4dda0b-d09e-4d7f-92a3-94e8d3cc4ce3,+5V_CTRL,B.Cu,"[120900000, 129500000]","[107000000, 129499999]",13.900000000000036,False,1e-06,过孔/焊盘短接入,420f278d-0ff3-4a23-82a6-654fcc0e3ee6;ae92aa05-6d9b-4c3e-a750-d17e143b09a0,接入坐标、支路及回流优先；不新增蛇形来强制角度。必要例外不代表自动最优。
7e015176-3104-44f2-ab7a-65edd6f50a69,+5V_CTRL,B.Cu,"[130600000, 111900000]","[131400000, 113000000]",1.3601470508735443,False,0.3,过孔/焊盘短接入,4f27e814-c51e-4262-9fce-c01dc7b48a29;R54.1;a29e4377-e298-4a45-a04d-f18b96b6d83c,接入坐标、支路及回流优先；不新增蛇形来强制角度。必要例外不代表自动最优。
92b786fc-2c68-4b5f-a95a-2c5cb8800dd2,+5V_CTRL,B.Cu,"[122202600, 81443300]","[122283700, 81524400]",0.114692719908458,True,0.0,过孔/焊盘短接入,058efb7d-dd32-42c2-b81d-f567cec1d132;d687d928-a799-4f5c-b48f-65af99be252e,接入坐标、支路及回流优先；不新增蛇形来强制角度。必要例外不代表自动最优。
d5209ada-0feb-4777-af15-dba0e949dc3e,+5V_CTRL,B.Cu,"[168800000, 121500000]","[168700000, 121400000]",0.14142135623730953,True,0.0,过孔/焊盘短接入,863cda95-5088-4f4c-9302-c023b3d99dfc;U44.3;e303e524-8ac9-4bf9-8ffe-e624852452d4,接入坐标、支路及回流优先；不新增蛇形来强制角度。必要例外不代表自动最优。
f3fe834a-850e-4d78-bdf6-bfb8d678651d,+5V_CTRL,B.Cu,"[129490000, 85526700]","[128539999, 83000000]",2.699391559222374,False,0.950001,过孔/焊盘短接入,C2.2;U1.3,接入坐标、支路及回流优先；不新增蛇形来强制角度。必要例外不代表自动最优。
f63ec3c2-a2bf-4bb3-b7cf-a214c1f0411c,+5V_CTRL,B.Cu,"[105500000, 95900000]","[106800000, 96300000]",1.3601470508735443,False,0.4,过孔/焊盘短接入,99ff4bb6-c32e-4957-be60-fe781222f385;9ea376a4-3b3a-4672-8d77-aab796807e71,接入坐标、支路及回流优先；不新增蛇形来强制角度。必要例外不代表自动最优。
0fdf7a02-45d9-443b-8921-af3dd4e2f637,+3V3,F.Cu,"[141704500, 109682100]","[139675100, 108512000]",2.3425623513580165,False,0.8593,过孔/焊盘短接入,64df3fae-79ad-4227-8009-d69583c1bf24;6e469a19-7841-45a3-8995-8862bfff2cb9;87d51315-81b5-4028-a979-cf4c2e8c7c86,接入坐标、支路及回流优先；不新增蛇形来强制角度。必要例外不代表自动最优。
35bc2ac5-e2f3-47c5-81f6-5f8ec69dc73f,+3V3,F.Cu,"[153663000, 79623000]","[157038000, 78348000]",3.607804041241708,False,1.275,过孔/焊盘短接入,2871043b-ef41-488f-a3ba-5f7dfd2d0fe0;380aea10-4f74-47a7-84c7-fc015ce04341;96aee235-7578-4771-b9a8-e8510be60373;c56be162-5d9a-4c6b-9d3b-adb172a4c7c7,接入坐标、支路及回流优先；不新增蛇形来强制角度。必要例外不代表自动最优。
380aea10-4f74-47a7-84c7-fc015ce04341,+3V3,F.Cu,"[152688000, 78073000]","[153663000, 79623000]",1.8311540077229986,False,0.575,既有内部直连/支路顶点,35bc2ac5-e2f3-47c5-81f6-5f8ec69dc73f;600919c6-d98d-4e60-8495-05c7b78512c2,接入坐标、支路及回流优先；不新增蛇形来强制角度。必要例外不代表自动最优。
409ce3ed-c5a9-498e-b15c-03f2e19e9ac0,+3V3,F.Cu,"[160000000, 103900000]","[160000000, 104000000]",0.1,True,0.0,过孔/焊盘短接入,0e484792-8327-4f72-a855-261bad140129;42c90d83-483e-4a91-a65b-181fe703d15d,接入坐标、支路及回流优先；不新增蛇形来强制角度。必要例外不代表自动最优。
4e7e5f84-1345-4294-93c1-5dbafc86eb7c,+3V3,F.Cu,"[165900000, 98800000]","[166000000, 98700000]",0.14142135623730953,True,0.0,过孔/焊盘短接入,9d495da9-6505-474e-87e5-1a3adf779691;f1832a8b-ca0e-404c-986a-9f9be79e1ee7,接入坐标、支路及回流优先；不新增蛇形来强制角度。必要例外不代表自动最优。
600919c6-d98d-4e60-8495-05c7b78512c2,+3V3,F.Cu,"[152613000, 77873000]","[152613000, 77973000]",0.1,True,0.0,既有内部直连/支路顶点,380aea10-4f74-47a7-84c7-fc015ce04341;9775670b-a311-4eb5-9e09-a64b907d1be8,接入坐标、支路及回流优先；不新增蛇形来强制角度。必要例外不代表自动最优。
70460b1a-2429-4fdc-a032-e6d0351c5704,+3V3,F.Cu,"[171188000, 107148000]","[171588000, 107598000]",0.6020797289396147,False,0.05,过孔/焊盘短接入,9038f1d4-21f3-42c9-84d2-aa53f4fec96c;934fcae7-4678-4ee3-aa11-7d616201b72d;a58c8185-67e4-42d7-9319-242444d22b75;a8f81ede-f404-4932-a8b5-89aba393d24f;cbc53c62-f5aa-4129-9961-5412e11e168f,接入坐标、支路及回流优先；不新增蛇形来强制角度。必要例外不代表自动最优。
76fcb4b7-7996-4189-8967-013f8df19b01,+3V3,F.Cu,"[173770600, 111683000]","[170091800, 111090200]",3.7262556648732517,False,0.5928,过孔/焊盘短接入,27bf2249-cd55-412d-a6e5-2ff4f27901cf;93ac502c-f401-49db-b250-7d3a505db4ee;93b54000-c3a6-41b7-ae67-fb21e00452d2;ee1057e7-5668-4e0f-b7bc-17e58a5d1de7,接入坐标、支路及回流优先；不新增蛇形来强制角度。必要例外不代表自动最优。
7cbd09f8-ecd1-4108-883f-8cf7a0f1bffa,+3V3,F.Cu,"[152682000, 110182800]","[156970800, 107326800]",5.152721750686718,False,1.4328,过孔/焊盘短接入,7dc05681-85ed-464a-9e0e-0e5d76c87d87;98aa88f1-29ec-4e1b-b842-99b261ebcf7f;ae091fdd-87dc-4152-b9dd-c790d0c0f81b,接入坐标、支路及回流优先；不新增蛇形来强制角度。必要例外不代表自动最优。
8f8cc759-6fa4-4615-b35b-71db7b3762d3,+3V3,F.Cu,"[164906600, 102346200]","[164900000, 102300000]",0.04666904755831214,False,0.0066,既有内部直连/支路顶点,9fcba95e-acbf-434a-b4bc-58e5a17b2949;b2522285-ca8d-45bf-b18a-d99957c7a5d3;e7a4f55a-a702-40ee-9788-032d0009f2a2,接入坐标、支路及回流优先；不新增蛇形来强制角度。必要例外不代表自动最优。
9038f1d4-21f3-42c9-84d2-aa53f4fec96c,+3V3,F.Cu,"[171638000, 107698000]","[171638000, 107748000]",0.05,True,0.0,过孔/焊盘短接入,70460b1a-2429-4fdc-a032-e6d0351c5704;C26.1;a58c8185-67e4-42d7-9319-242444d22b75;a8f81ede-f404-4932-a8b5-89aba393d24f,接入坐标、支路及回流优先；不新增蛇形来强制角度。必要例外不代表自动最优。
96aee235-7578-4771-b9a8-e8510be60373,+3V3,F.Cu,"[157163000, 78248000]","[157138000, 78248000]",0.025,True,0.0,既有内部直连/支路顶点,35bc2ac5-e2f3-47c5-81f6-5f8ec69dc73f;c56be162-5d9a-4c6b-9d3b-adb172a4c7c7,接入坐标、支路及回流优先；不新增蛇形来强制角度。必要例外不代表自动最优。
9775670b-a311-4eb5-9e09-a64b907d1be8,+3V3,F.Cu,"[151400000, 77975000]","[152602005, 77798234]",1.2149330182281655,False,0.176766,过孔/焊盘短接入,600919c6-d98d-4e60-8495-05c7b78512c2;U45.5,接入坐标、支路及回流优先；不新增蛇形来强制角度。必要例外不代表自动最优。
9d395a76-01e9-46fd-9abe-c514d21d9e72,+3V3,F.Cu,"[184000000, 97300000]","[183950000, 97300000]",0.05,True,0.0,过孔/焊盘短接入,57667c6a-913c-49d6-aac2-0111d3506f03;6d07b80f-495c-4d50-9232-9e2f1ee04b89,接入坐标、支路及回流优先；不新增蛇形来强制角度。必要例外不代表自动最优。
9fcba95e-acbf-434a-b4bc-58e5a17b2949,+3V3,F.Cu,"[164900000, 102300000]","[165000000, 102200000]",0.14142135623730953,True,0.0,过孔/焊盘短接入,8f8cc759-6fa4-4615-b35b-71db7b3762d3;b2522285-ca8d-45bf-b18a-d99957c7a5d3;e7a4f55a-a702-40ee-9788-032d0009f2a2;f4a74621-cd2f-4841-be76-8a4f3e06a184,接入坐标、支路及回流优先；不新增蛇形来强制角度。必要例外不代表自动最优。
a58c8185-67e4-42d7-9319-242444d22b75,+3V3,F.Cu,"[171638000, 107748000]","[171663000, 107773000]",0.03535533905932738,True,0.0,过孔/焊盘短接入,70460b1a-2429-4fdc-a032-e6d0351c5704;9038f1d4-21f3-42c9-84d2-aa53f4fec96c;C26.1;a8f81ede-f404-4932-a8b5-89aba393d24f,接入坐标、支路及回流优先；不新增蛇形来强制角度。必要例外不代表自动最优。
a8f81ede-f404-4932-a8b5-89aba393d24f,+3V3,F.Cu,"[171638000, 107698000]","[171588000, 107598000]",0.11180339887498948,False,0.05,过孔/焊盘短接入,70460b1a-2429-4fdc-a032-e6d0351c5704;9038f1d4-21f3-42c9-84d2-aa53f4fec96c;C26.1;a58c8185-67e4-42d7-9319-242444d22b75,接入坐标、支路及回流优先；不新增蛇形来强制角度。必要例外不代表自动最优。
bbf17b39-e45c-43bc-aa7e-be69f9f6dfce,+3V3,F.Cu,"[133043400, 88558500]","[125805500, 88225700]",7.245547063541855,False,0.3328,过孔/焊盘短接入,15e9dbcc-41ca-499d-8c3e-801a821c3ba7;a8b8c660-5455-47b8-8b7a-ae13e9281da0;d714f44f-c4b9-44eb-92ae-2dcd23816d6a,接入坐标、支路及回流优先；不新增蛇形来强制角度。必要例外不代表自动最优。
c0340ffc-e2f6-48a7-b839-bb6a8c0a54fa,+3V3,F.Cu,"[179049800, 110541700]","[180191200, 106825600]",3.8874404394151174,False,1.1414,过孔/焊盘短接入,0867e503-36be-4e16-ab85-9d369256ab77;6812265e-dbc4-45b5-bcd4-41d1c72b22bd;e101ba27-0ffd-4f7d-9b1b-2f84aa64d5ff,接入坐标、支路及回流优先；不新增蛇形来强制角度。必要例外不代表自动最优。
c56be162-5d9a-4c6b-9d3b-adb172a4c7c7,+3V3,F.Cu,"[157138000, 78248000]","[157038000, 78348000]",0.14142135623730953,True,0.0,过孔/焊盘短接入,2871043b-ef41-488f-a3ba-5f7dfd2d0fe0;35bc2ac5-e2f3-47c5-81f6-5f8ec69dc73f;96aee235-7578-4771-b9a8-e8510be60373,接入坐标、支路及回流优先；不新增蛇形来强制角度。必要例外不代表自动最优。
e7a4f55a-a702-40ee-9788-032d0009f2a2,+3V3,F.Cu,"[165000000, 102200000]","[165000000, 102100000]",0.1,True,0.0,过孔/焊盘短接入,8f8cc759-6fa4-4615-b35b-71db7b3762d3;9fcba95e-acbf-434a-b4bc-58e5a17b2949;b2522285-ca8d-45bf-b18a-d99957c7a5d3;f4a74621-cd2f-4841-be76-8a4f3e06a184,接入坐标、支路及回流优先；不新增蛇形来强制角度。必要例外不代表自动最优。
efdda208-0935-4184-8867-6f684d25cd04,+3V3,F.Cu,"[151526800, 96674600]","[151544100, 96674600]",0.0173,True,0.0,既有内部直连/支路顶点,4c1dc68b-b440-464a-9741-030d51330873;780b78dc-fe09-493c-a2a2-68549a83f9ae,接入坐标、支路及回流优先；不新增蛇形来强制角度。必要例外不代表自动最优。
f102d12c-c6f6-47b7-af6a-4e99196aaf40,+3V3,F.Cu,"[139461700, 112929900]","[133370000, 112030000]",6.157810398185381,False,0.8999,过孔/焊盘短接入,0bee4bb9-af70-49a0-a631-1a0046163f23;182cb3bc-44f5-42fb-9878-ddc708ca5e47;7fad846c-e21d-4917-930d-9b1a4648efe5,接入坐标、支路及回流优先；不新增蛇形来强制角度。必要例外不代表自动最优。
f80db402-47ca-40ff-a752-de6a01d1c8e3,+3V3,F.Cu,"[152113000, 73473000]","[157413000, 75173000]",5.565968020030298,False,1.7,过孔/焊盘短接入,15d1ede2-854a-44a0-9c15-83f83ab7f711;36abf5de-fca7-4b4c-903c-c670816a5ee0;7f52ccb1-77c3-478e-8ded-69f3f1e4cd2b;R58.1,接入坐标、支路及回流优先；不新增蛇形来强制角度。必要例外不代表自动最优。
0339a787-109e-4798-8f9e-51a2607d45df,+3V3,B.Cu,"[137945900, 102708200]","[136480600, 103014400]",1.49695107802493,False,0.3062,既有内部直连/支路顶点,a0f09e18-c274-405f-8c5b-bbaed9e46ff1;e5d07b9f-84d9-4083-8d99-422558d0fac3,接入坐标、支路及回流优先；不新增蛇形来强制角度。必要例外不代表自动最优。
066d4d5d-ef73-4903-82cc-9640a574e8ec,+3V3,B.Cu,"[179400000, 107100000]","[180900000, 107700000]",1.6155494421403513,False,0.6,过孔/焊盘短接入,C28.1;U38.14;ed4ec4c2-5d5c-411e-958e-b0e00cea5599;f383190b-c0fa-4369-aa0f-aca109426e94,接入坐标、支路及回流优先；不新增蛇形来强制角度。必要例外不代表自动最优。
06cf5808-9894-4087-90d0-1c36fbef4615,+3V3,B.Cu,"[119388800, 112000000]","[119388800, 112001100]",0.0011,True,0.0,既有内部直连/支路顶点,d3f20c79-8f2e-46dd-9c79-3de2164547c2,接入坐标、支路及回流优先；不新增蛇形来强制角度。必要例外不代表自动最优。
221701e8-824e-4945-a5ed-36da1fa04775,+3V3,B.Cu,"[164400000, 98800000]","[162200000, 100000000]",2.5059928172283334,False,1.0,过孔/焊盘短接入,be4f04b3-2026-4d37-bafa-0aeb778e738d;e1b4b94b-76e5-40fb-ae35-56083731c155;fdce8614-df50-4be2-9cc2-fd2077bd8dd1,接入坐标、支路及回流优先；不新增蛇形来强制角度。必要例外不代表自动最优。
322ea5fb-2681-431b-8114-66ebf518fbc6,+3V3,B.Cu,"[157413000, 76973000]","[157163000, 78248000]",1.2992786460186283,False,0.25,过孔/焊盘短接入,2871043b-ef41-488f-a3ba-5f7dfd2d0fe0;33cbaa17-817d-4fe1-af68-380b1d3a487d;3c908670-478c-47f7-adcc-0d4ea12fefdb;e8fae181-54d6-4532-9796-0e9fb3bb5bda,接入坐标、支路及回流优先；不新增蛇形来强制角度。必要例外不代表自动最优。
33ea951f-8b14-40f7-89c1-0b177067db6c,+3V3,B.Cu,"[156225000, 125000000]","[154862500, 122450000]",2.8911773120996918,False,1.1875,过孔/焊盘短接入,42035145-833e-46dd-a910-cd0185baf5ee;59d93d16-81d0-4fb2-a5d3-a922cc14c32b;5d30b5ac-4688-4910-b28f-a64c93dfd10d;C31.1;U37.14;db9b7924-c71a-4bfc-a57c-cff79133a910,接入坐标、支路及回流优先；不新增蛇形来强制角度。必要例外不代表自动最优。
3471e955-e9a6-43e6-870e-cac25065d941,+3V3,B.Cu,"[139461700, 112929900]","[139175000, 112000000]",0.9730934693029236,False,0.2867,过孔/焊盘短接入,7fad846c-e21d-4917-930d-9b1a4648efe5;R42.1,接入坐标、支路及回流优先；不新增蛇形来强制角度。必要例外不代表自动最优。
3850caf0-fe18-46ee-9abd-8ec067334489,+3V3,B.Cu,"[125900000, 89900000]","[125300000, 88700000]",1.3416407864998738,False,0.6,过孔/焊盘短接入,9a359235-6391-4b6d-9a93-00825780c437;C32.1;U42.14,接入坐标、支路及回流优先；不新增蛇形来强制角度。必要例外不代表自动最优。
41127c7d-463d-4f9d-b8f3-df682e5353dc,+3V3,B.Cu,"[152682000, 110182800]","[153235000, 112000000]",1.8994801499357659,False,0.553,过孔/焊盘短接入,7dc05681-85ed-464a-9e0e-0e5d76c87d87;R26.1;bc5fd5cc-7a5b-44c4-b72f-f2a34bea6d26,接入坐标、支路及回流优先；不新增蛇形来强制角度。必要例外不代表自动最优。
4ec35689-2339-4022-8b14-d08a56f5e3c4,+3V3,B.Cu,"[166000000, 98700000]","[166000000, 98800000]",0.1,True,0.0,过孔/焊盘短接入,9d495da9-6505-474e-87e5-1a3adf779691;dbb3aa69-642b-4c53-a353-c24830552109,接入坐标、支路及回流优先；不新增蛇形来强制角度。必要例外不代表自动最优。
59d93d16-81d0-4fb2-a5d3-a922cc14c32b,+3V3,B.Cu,"[157937500, 128000000]","[156225000, 125000000]",3.454367706252477,False,1.2875,过孔/焊盘短接入,33ea951f-8b14-40f7-89c1-0b177067db6c;42035145-833e-46dd-a910-cd0185baf5ee;C31.1;U41.3,接入坐标、支路及回流优先；不新增蛇形来强制角度。必要例外不代表自动最优。
5ca7b6bc-b2fd-42a0-9d5a-8fa1b2585700,+3V3,B.Cu,"[165000000, 102000000]","[164906600, 102346200]",0.3585777461025712,False,0.0934,过孔/焊盘短接入,8701d065-318c-4c1f-a737-4d6681139fce;e8cec792-4939-4fd1-a40e-11b754b2bcf1;f4a74621-cd2f-4841-be76-8a4f3e06a184,接入坐标、支路及回流优先；不新增蛇形来强制角度。必要例外不代表自动最优。
5d30b5ac-4688-4910-b28f-a64c93dfd10d,+3V3,B.Cu,"[156225000, 124536600]","[161066300, 116875400]",9.062680129520185,False,2.8199,过孔/焊盘短接入,33ea951f-8b14-40f7-89c1-0b177067db6c;42035145-833e-46dd-a910-cd0185baf5ee;C31.1;b7b1782f-0075-4aeb-8404-e7d0113297b2,接入坐标、支路及回流优先；不新增蛇形来强制角度。必要例外不代表自动最优。
62cc0253-3d85-46a4-b9eb-3de9fa0fc014,+3V3,B.Cu,"[142937600, 93096100]","[141953400, 93850000]",1.2397640299669932,False,0.2303,过孔/焊盘短接入,1c41e06c-407c-47f4-9d15-8b400daf5328;797c1d70-94ea-488b-8a3e-fda61ecfb7f2;8877ccf5-df42-4e6f-9aab-00e6f58aaf97;a9e8f835-77c9-4e01-aa27-5ec32cae4955,接入坐标、支路及回流优先；不新增蛇形来强制角度。必要例外不代表自动最优。
645afeee-3c22-4b80-b560-8d73451ec251,+3V3,B.Cu,"[162900000, 102300000]","[162900000, 102200000]",0.1,True,0.0,过孔/焊盘短接入,6b2f5dfa-9bd3-4995-9c69-43c24ed15c43;C25.1;a34e112d-a17d-4066-8e4c-e929b9171a0e;afd9eb9e-a5cf-426c-875c-b359f9a62b7b;cae7ee93-5f38-4765-b44b-d3a79d7fddfb,接入坐标、支路及回流优先；不新增蛇形来强制角度。必要例外不代表自动最优。
6727826f-3778-4c27-879b-6ca12ae704c8,+3V3,B.Cu,"[163263000, 82723000]","[163638000, 83523000]",0.8835298523536146,False,0.375,过孔/焊盘短接入,741f385d-0f8e-4de0-b13e-ade7ea038f45;R49.1,接入坐标、支路及回流优先；不新增蛇形来强制角度。必要例外不代表自动最优。
741f385d-0f8e-4de0-b13e-ade7ea038f45,+3V3,B.Cu,"[159288000, 78773000]","[163263000, 82723000]",5.603849123593532,False,0.025,过孔/焊盘短接入,6727826f-3778-4c27-879b-6ca12ae704c8;ab55c45a-a45b-4d0d-8655-26a64afae513;cbc734f7-84f9-4027-bee1-0d16122a12ec,接入坐标、支路及回流优先；不新增蛇形来强制角度。必要例外不代表自动最优。
797c1d70-94ea-488b-8a3e-fda61ecfb7f2,+3V3,B.Cu,"[142937600, 93096100]","[142937600, 93123300]",0.0272,True,0.0,过孔/焊盘短接入,62cc0253-3d85-46a4-b9eb-3de9fa0fc014;8877ccf5-df42-4e6f-9aab-00e6f58aaf97,接入坐标、支路及回流优先；不新增蛇形来强制角度。必要例外不代表自动最优。
8f3f70ea-15e4-4b14-8251-7358f74035cb,+3V3,B.Cu,"[165186600, 96233300]","[169552600, 100763300]",6.291490761337888,False,0.164,既有内部直连/支路顶点,0291ae2f-856d-4bc9-917d-ead135c9f68f;0dbb06f8-e305-4f60-9c0e-951694e1daaa;eb2e178d-e0df-4baa-850f-6c68ed271a4e,接入坐标、支路及回流优先；不新增蛇形来强制角度。必要例外不代表自动最优。
94ddaac6-e6c2-4478-a231-b57f87c9f1f9,+3V3,B.Cu,"[134074400, 90500000]","[133699800, 93433200]",2.9570234020041166,False,0.3746,既有内部直连/支路顶点,786af193-32cb-4a08-ad82-729dfb0116c6;d2f85595-0c84-49c9-a4a8-dac888187c27,接入坐标、支路及回流优先；不新增蛇形来强制角度。必要例外不代表自动最优。
a2b0565a-07e2-44d3-bc33-29aac1ebf8a9,+3V3,B.Cu,"[177662600, 104297000]","[177000000, 100500000]",3.8543803341133835,False,0.6626,过孔/焊盘短接入,5ea4a514-e61d-4e02-9170-55fee204e1cb;6421f805-2dcc-4cee-aec7-780c6ac0d601;99b60861-c9e4-4df6-91da-dd3b61092e57;b2006014-5b84-4ca6-af23-00dbb0b79745,接入坐标、支路及回流优先；不新增蛇形来强制角度。必要例外不代表自动最优。
bfc08b4b-ad12-424d-8566-f1989f021f2a,+3V3,B.Cu,"[181700000, 103700000]","[182800000, 103800000]",1.104536101718726,False,0.1,既有内部直连/支路顶点,5798d578-1835-47ec-8226-ff5898c75d7f;c8ef948b-66f7-4398-ab51-e502dd574593,接入坐标、支路及回流优先；不新增蛇形来强制角度。必要例外不代表自动最优。
c1756b58-270e-45c3-8502-fc9101305fa9,+3V3,B.Cu,"[134162600, 95800000]","[134074400, 95800000]",0.0882,True,0.0,既有内部直连/支路顶点,a0c3c827-73cf-4dae-85cb-fdd7c8af5bea;ced023c0-a152-4308-96d6-de8e21be6bb8;e58157b2-5961-4932-8f81-78c77c6e50c0,接入坐标、支路及回流优先；不新增蛇形来强制角度。必要例外不代表自动最优。
c3679570-6ae6-488f-8a34-6d64d2fb704d,+3V3,B.Cu,"[144000000, 105325000]","[144782500, 106756400]",1.6313222275197503,False,0.6489,过孔/焊盘短接入,R41.1;ff07cf6c-ffe6-4c54-9d5c-042416bf4d2b,接入坐标、支路及回流优先；不新增蛇形来强制角度。必要例外不代表自动最优。
c79beb03-78a7-4bee-a8fe-e10643b4f928,+3V3,B.Cu,"[151544100, 96674600]","[149862500, 96450000]",1.6965328526144137,False,0.2246,过孔/焊盘短接入,U34.14;a28d30c6-5f70-4e89-8089-2e80710f7ba6;fd6cf0b4-7d65-4b53-9212-aac035689a16,接入坐标、支路及回流优先；不新增蛇形来强制角度。必要例外不代表自动最优。
c8ef948b-66f7-4398-ab51-e502dd574593,+3V3,B.Cu,"[182800000, 103800000]","[183900000, 102800000]",1.4866068747318506,False,0.1,过孔/焊盘短接入,354ec5f6-2497-4137-83ff-c34165ac683e;bfc08b4b-ad12-424d-8566-f1989f021f2a;fe21c7bb-ea6f-43c6-b3e2-1e3b45280f84,接入坐标、支路及回流优先；不新增蛇形来强制角度。必要例外不代表自动最优。
cbc734f7-84f9-4027-bee1-0d16122a12ec,+3V3,B.Cu,"[159263000, 78748000]","[159288000, 78773000]",0.03535533905932738,True,0.0,既有内部直连/支路顶点,741f385d-0f8e-4de0-b13e-ade7ea038f45,接入坐标、支路及回流优先；不新增蛇形来强制角度。必要例外不代表自动最优。
8ab343fd-f4b8-4f7b-87fc-ed01947274fe,+3V3,B.Cu,"[160000000, 104000000]","[159900000, 103900000]",0.14142135623730953,True,0.0,过孔/焊盘短接入,0e484792-8327-4f72-a855-261bad140129;61994c5d-6044-4d3d-925d-aa6939311a62;U35.14;e57b7f79-12c1-45db-bfb1-c977d826d1f4,接入坐标、支路及回流优先；不新增蛇形来强制角度。必要例外不代表自动最优。
d2f85595-0c84-49c9-a4a8-dac888187c27,+3V3,B.Cu,"[134074400, 90500000]","[133043400, 88558500]",2.198268238864402,False,0.9105,过孔/焊盘短接入,94ddaac6-e6c2-4478-a231-b57f87c9f1f9;d714f44f-c4b9-44eb-92ae-2dcd23816d6a,接入坐标、支路及回流优先；不新增蛇形来强制角度。必要例外不代表自动最优。
db9b7924-c71a-4bfc-a57c-cff79133a910,+3V3,B.Cu,"[154200000, 124200000]","[154800000, 122500000]",1.8027756377319948,False,0.6,过孔/焊盘短接入,33ea951f-8b14-40f7-89c1-0b177067db6c;C27.1;U37.14,接入坐标、支路及回流优先；不新增蛇形来强制角度。必要例外不代表自动最优。
e57b7f79-12c1-45db-bfb1-c977d826d1f4,+3V3,B.Cu,"[158900000, 103800000]","[159900000, 103900000]",1.004987562112089,False,0.1,过孔/焊盘短接入,0e484792-8327-4f72-a855-261bad140129;61994c5d-6044-4d3d-925d-aa6939311a62;8ab343fd-f4b8-4f7b-87fc-ed01947274fe;U35.14;d5a49f59-34c7-4639-b551-3a268cd47fd3;e03a708f-baea-482f-b3c5-0c11c6837fe2,接入坐标、支路及回流优先；不新增蛇形来强制角度。必要例外不代表自动最优。
e58157b2-5961-4932-8f81-78c77c6e50c0,+3V3,B.Cu,"[132810400, 98189900]","[134025600, 95800000]",2.6811066838154725,False,1.1747,既有内部直连/支路顶点,a0c3c827-73cf-4dae-85cb-fdd7c8af5bea;c1756b58-270e-45c3-8502-fc9101305fa9;cd56b4ea-32d0-44c4-a5bd-e67ea6d1f2d6;ced023c0-a152-4308-96d6-de8e21be6bb8,接入坐标、支路及回流优先；不新增蛇形来强制角度。必要例外不代表自动最优。
e8cec792-4939-4fd1-a40e-11b754b2bcf1,+3V3,B.Cu,"[165000000, 102200000]","[164906600, 102346200]",0.1734877517290486,False,0.0528,过孔/焊盘短接入,5ca7b6bc-b2fd-42a0-9d5a-8fa1b2585700;8701d065-318c-4c1f-a737-4d6681139fce;f4a74621-cd2f-4841-be76-8a4f3e06a184,接入坐标、支路及回流优先；不新增蛇形来强制角度。必要例外不代表自动最优。
ed4ec4c2-5d5c-411e-958e-b0e00cea5599,+3V3,B.Cu,"[179300000, 107100000]","[179200000, 107000000]",0.14142135623730953,True,0.0,过孔/焊盘短接入,066d4d5d-ef73-4903-82cc-9640a574e8ec;9c2d4e6e-542d-4c2a-93e1-b6332e9c26ae;U38.14;f383190b-c0fa-4369-aa0f-aca109426e94,接入坐标、支路及回流优先；不新增蛇形来强制角度。必要例外不代表自动最优。
1f338b02-fe09-4ff3-966a-1d94c914e3d8,+3V3,B.Cu,"[171000000, 107000000]","[170900000, 106900000]",0.14142135623730953,True,0.0,过孔/焊盘短接入,6d7f38f6-c42c-4725-a55a-be36128bc7df;934fcae7-4678-4ee3-aa11-7d616201b72d;U36.14,接入坐标、支路及回流优先；不新增蛇形来强制角度。必要例外不代表自动最优。
f383190b-c0fa-4369-aa0f-aca109426e94,+3V3,B.Cu,"[179400000, 107100000]","[179300000, 107100000]",0.1,True,0.0,过孔/焊盘短接入,066d4d5d-ef73-4903-82cc-9640a574e8ec;U38.14;ed4ec4c2-5d5c-411e-958e-b0e00cea5599,接入坐标、支路及回流优先；不新增蛇形来强制角度。必要例外不代表自动最优。
fd6cf0b4-7d65-4b53-9212-aac035689a16,+3V3,B.Cu,"[151400000, 98200000]","[150000000, 96500000]",2.2022715545545237,False,0.3,过孔/焊盘短接入,C24.1;U34.14;c79beb03-78a7-4bee-a8fe-e10643b4f928,接入坐标、支路及回流优先；不新增蛇形来强制角度。必要例外不代表自动最优。
fe21c7bb-ea6f-43c6-b3e2-1e3b45280f84,+3V3,B.Cu,"[183900000, 102800000]","[184000000, 102800000]",0.1,True,0.0,过孔/焊盘短接入,354ec5f6-2497-4137-83ff-c34165ac683e;c8ef948b-66f7-4398-ab51-e502dd574593,接入坐标、支路及回流优先；不新增蛇形来强制角度。必要例外不代表自动最优。
21f35770-730e-410a-aa2d-37601d95c0d6,I2C_SDA_EXT,F.Cu,"[96338000, 87348000]","[101888000, 87948000]",5.582338219778518,False,0.6,过孔/焊盘短接入,D15.3;U30.3,接入坐标、支路及回流优先；不新增蛇形来强制角度。必要例外不代表自动最优。
818278af-d712-4ec6-b91a-e6446be9aa16,I2C_SDA_EXT,F.Cu,"[102738000, 87948000]","[102938000, 87648000]",0.3605551275463989,False,0.1,既有内部直连/支路顶点,97824695-accc-4be4-a860-3cc056e14a6c;99e0b6d7-de07-4ec5-b0b3-ea6059ab85bd,接入坐标、支路及回流优先；不新增蛇形来强制角度。必要例外不代表自动最优。
8a75417c-188e-4cbf-ad9f-dc8bdcff6a89,I2C_SDA_EXT,F.Cu,"[103138000, 86598000]","[104488000, 86298000]",1.382931668593933,False,0.3,过孔/焊盘短接入,97824695-accc-4be4-a860-3cc056e14a6c;R61.1,接入坐标、支路及回流优先；不新增蛇形来强制角度。必要例外不代表自动最优。
97824695-accc-4be4-a860-3cc056e14a6c,I2C_SDA_EXT,F.Cu,"[102938000, 87648000]","[103138000, 86598000]",1.0688779163215976,False,0.2,既有内部直连/支路顶点,818278af-d712-4ec6-b91a-e6446be9aa16;8a75417c-188e-4cbf-ad9f-dc8bdcff6a89,接入坐标、支路及回流优先；不新增蛇形来强制角度。必要例外不代表自动最优。
99e0b6d7-de07-4ec5-b0b3-ea6059ab85bd,I2C_SDA_EXT,F.Cu,"[102588000, 87948000]","[102738000, 87948000]",0.15,True,0.0,过孔/焊盘短接入,818278af-d712-4ec6-b91a-e6446be9aa16;D15.3,接入坐标、支路及回流优先；不新增蛇形来强制角度。必要例外不代表自动最优。
36842d38-6573-4eb1-a74a-4b24a664ab8d,I2C_SDA,F.Cu,"[106288000, 86448000]","[105638000, 88198000]",1.8668154702594468,False,0.65,过孔/焊盘短接入,4fca2537-db0b-42e3-a143-c49c9b2fc945;R61.2,接入坐标、支路及回流优先；不新增蛇形来强制角度。必要例外不代表自动最优。
c7c18eb9-aa1f-4d63-a8d7-6e998d0956bf,I2C_SDA,F.Cu,"[105638000, 88598000]","[105088000, 89248000]",0.85146931829632,False,0.1,既有内部直连/支路顶点,4fca2537-db0b-42e3-a143-c49c9b2fc945;c0ec969c-daa2-4c0b-b287-486b3a589b37,接入坐标、支路及回流优先；不新增蛇形来强制角度。必要例外不代表自动最优。
f4ea94f0-4087-4fd0-bfae-ef70c5213f65,I2C_SDA,B.Cu,"[102329400, 94229400]","[103940000, 91823300]",2.89540145230329,False,0.7955,既有内部直连/支路顶点,4e2a135d-29b9-5c93-97c1-197169d99547;9131e448-91b9-479d-a9d8-73addf60323e,接入坐标、支路及回流优先；不新增蛇形来强制角度。必要例外不代表自动最优。
139a7720-3d54-48e7-980d-9aaa64c5b93e,MCU_RESET_N,F.Cu,"[98863000, 120798000]","[99588000, 120448000]",0.8050621094052309,False,0.35,过孔/焊盘短接入,66e63ca9-d4c9-4a53-986c-5288be1926d0;U2.3,接入坐标、支路及回流优先；不新增蛇形来强制角度。必要例外不代表自动最优。
1e2dab5e-b3c4-4fea-bb19-452b99def0b4,MCU_RESET_N,F.Cu,"[118588000, 76248000]","[126588000, 76198000]",8.00015624847415,False,0.05,既有内部直连/支路顶点,a614f596-58a9-4979-a55f-30adcf272b86;c399bbce-6cef-44e7-9c49-804b52e5a36c,接入坐标、支路及回流优先；不新增蛇形来强制角度。必要例外不代表自动最优。
2a841a8e-5854-4ff1-96c0-02c6db699e78,MCU_RESET_N,F.Cu,"[112438000, 80998000]","[115338000, 78198000]",4.0311288741492755,False,0.1,既有内部直连/支路顶点,87f742d4-1bc6-4d82-b8a4-987bc2410c98;a614f596-58a9-4979-a55f-30adcf272b86,接入坐标、支路及回流优先；不新增蛇形来强制角度。必要例外不代表自动最优。
57d69a4c-bf05-4cb9-b113-d025552c625b,MCU_RESET_N,F.Cu,"[99738000, 120123000]","[99813000, 118598000]",1.5268431484602472,False,0.075,既有内部直连/支路顶点,66e63ca9-d4c9-4a53-986c-5288be1926d0;c1fcd07a-5bae-4b49-9d99-d0f766f20aa2,接入坐标、支路及回流优先；不新增蛇形来强制角度。必要例外不代表自动最优。
66e63ca9-d4c9-4a53-986c-5288be1926d0,MCU_RESET_N,F.Cu,"[99588000, 120448000]","[99738000, 120123000]",0.3579455265819088,False,0.15,既有内部直连/支路顶点,139a7720-3d54-48e7-980d-9aaa64c5b93e;57d69a4c-bf05-4cb9-b113-d025552c625b,接入坐标、支路及回流优先；不新增蛇形来强制角度。必要例外不代表自动最优。
7f535ada-2679-4cf3-bcb3-63da7786afa3,MCU_RESET_N,F.Cu,"[101338000, 88498000]","[101338000, 88648000]",0.15,True,0.0,过孔/焊盘短接入,21b4c1aa-23aa-4b04-b3bb-1daefca362dd;6c5b8d8b-abb4-49e5-9f40-c34c29a092fe,接入坐标、支路及回流优先；不新增蛇形来强制角度。必要例外不代表自动最优。
a614f596-58a9-4979-a55f-30adcf272b86,MCU_RESET_N,F.Cu,"[115338000, 78198000]","[118588000, 76248000]",3.7901187316494456,False,1.3,既有内部直连/支路顶点,1e2dab5e-b3c4-4fea-bb19-452b99def0b4;2a841a8e-5854-4ff1-96c0-02c6db699e78,接入坐标、支路及回流优先；不新增蛇形来强制角度。必要例外不代表自动最优。
ba84d868-29b0-437d-922b-0d5a89a21b3d,MCU_RESET_N,F.Cu,"[99038000, 93298000]","[98088000, 95548000]",2.4423349483639627,False,0.95,过孔/焊盘短接入,2b0f6fe4-e3b1-4611-a70c-7577c227350b;d779bead-652f-4aee-8c42-e7447ce1c76b,接入坐标、支路及回流优先；不新增蛇形来强制角度。必要例外不代表自动最优。
c18e6482-3220-4cf6-a4a6-9e264b9eb42a,MCU_RESET_N,F.Cu,"[101488000, 85398000]","[101338000, 85398000]",0.15,True,0.0,过孔/焊盘短接入,eb6f4115-d95c-4742-a650-e3e10df4b46d;fca9805f-e606-48ae-9f9c-502294b59445,接入坐标、支路及回流优先；不新增蛇形来强制角度。必要例外不代表自动最优。
c399bbce-6cef-44e7-9c49-804b52e5a36c,MCU_RESET_N,F.Cu,"[126588000, 76198000]","[144488000, 78348000]",18.028657742605244,False,2.15,过孔/焊盘短接入,12b8d622-ddf0-4ebc-991f-c5f88ff331df;1e2dab5e-b3c4-4fea-bb19-452b99def0b4,接入坐标、支路及回流优先；不新增蛇形来强制角度。必要例外不代表自动最优。
eb6f4115-d95c-4742-a650-e3e10df4b46d,MCU_RESET_N,F.Cu,"[104688000, 82598000]","[101488000, 85398000]",4.25205832509386,False,0.4,过孔/焊盘短接入,01c0b67f-bcef-48e5-830f-5b94a64f94c3;c18e6482-3220-4cf6-a4a6-9e264b9eb42a;fca9805f-e606-48ae-9f9c-502294b59445,接入坐标、支路及回流优先；不新增蛇形来强制角度。必要例外不代表自动最优。
1ae5b2a8-6fdf-4af7-a12f-c76029cb119a,MCU_RESET_N,B.Cu,"[107788000, 80998000]","[104688000, 82598000]",3.488552708502482,False,1.5,过孔/焊盘短接入,01c0b67f-bcef-48e5-830f-5b94a64f94c3;dcefdf1b-b511-4cea-bc4a-d52a9e9ff2c7,接入坐标、支路及回流优先；不新增蛇形来强制角度。必要例外不代表自动最优。
264af06e-f3e8-4810-81d9-600c38d01dba,MCU_RESET_N,B.Cu,"[146838000, 78298000]","[146788000, 78348000]",0.07071067811865477,True,0.0,过孔/焊盘短接入,9752d59f-cf2a-4720-8294-7b072a611fed;baa7e99e-2d8d-48d0-be57-d4fca37c803a,接入坐标、支路及回流优先；不新增蛇形来强制角度。必要例外不代表自动最优。
51ccd92d-2c29-4830-a912-0542bc46b6a8,MCU_RESET_N,B.Cu,"[98088000, 95548000]","[98788000, 97348000]",1.9313207915827966,False,0.7,过孔/焊盘短接入,757ebdf3-e3f1-492a-92e1-bccc252098db;d779bead-652f-4aee-8c42-e7447ce1c76b,接入坐标、支路及回流优先；不新增蛇形来强制角度。必要例外不代表自动最优。
c222f2c9-b5b2-4e6a-ab1f-56e5e5720a74,MCU_STEP,F.Cu,"[153662600, 122472600]","[156055000, 121150000]",2.7336511335574625,False,1.0698,过孔/焊盘短接入,ba35c9c3-6382-4fd4-9c8f-ccde35127e70;fd9b5db4-f99f-45a9-a9d5-cbf32f11cc17,接入坐标、支路及回流优先；不新增蛇形来强制角度。必要例外不代表自动最优。
3e70bfa0-8826-4b47-8d3c-37fcad872202,MCU_STEP,B.Cu,"[152686900, 125908500]","[153662600, 122472600]",3.5717501732344044,False,0.9757,过孔/焊盘短接入,08979f56-367c-4157-be58-f1bef0d5d5b0;fd9b5db4-f99f-45a9-a9d5-cbf32f11cc17,接入坐标、支路及回流优先；不新增蛇形来强制角度。必要例外不代表自动最优。
289d1ec1-38ef-4ac1-a826-536fba7f4320,MCU_DIR,F.Cu,"[161858800, 115077800]","[156268900, 116328200]",5.728043485344712,False,1.2504,既有内部直连/支路顶点,467b2dbf-cdf3-44fc-8410-58e65a86c044;55259855-27a0-4ba7-8604-b426f9130b0f,接入坐标、支路及回流优先；不新增蛇形来强制角度。必要例外不代表自动最优。
55259855-27a0-4ba7-8604-b426f9130b0f,MCU_DIR,F.Cu,"[156268900, 116328200]","[153390600, 119340200]",4.1661438873375465,False,0.1337,既有内部直连/支路顶点,289d1ec1-38ef-4ac1-a826-536fba7f4320;94204d3f-2f9d-4377-a0c0-62af7fe4c9d5,接入坐标、支路及回流优先；不新增蛇形来强制角度。必要例外不代表自动最优。
b8c8c1e1-63c3-4993-8f2e-e65cd2922cc6,MCU_DIR,F.Cu,"[153052800, 119678000]","[150847900, 121201900]",2.680271482518142,False,0.681,既有内部直连/支路顶点,8469afcb-ccbd-4bca-ba69-9a5dcb436db9;94204d3f-2f9d-4377-a0c0-62af7fe4c9d5,接入坐标、支路及回流优先；不新增蛇形来强制角度。必要例外不代表自动最优。
1bfee138-b713-4946-a129-7786ed37824b,MCU_DIR,B.Cu,"[119490000, 122480000]","[119890000, 122380000]",0.41231056256176607,False,0.1,既有内部直连/支路顶点,b672a5e4-8af2-466f-9d80-431da33a2aca;e45a23ee-29d8-4b34-82c5-0bcb56a92b3e,接入坐标、支路及回流优先；不新增蛇形来强制角度。必要例外不代表自动最优。
5c0dd2c6-ec95-431f-a94a-5d7a6ea4fa0c,MCU_DIR,B.Cu,"[120090000, 121930000]","[119777800, 118646700]",3.2981097207339842,False,0.3122,过孔/焊盘短接入,5887e609-8c7b-4fe4-909d-faee9f0e36ca;e45a23ee-29d8-4b34-82c5-0bcb56a92b3e,接入坐标、支路及回流优先；不新增蛇形来强制角度。必要例外不代表自动最优。
b672a5e4-8af2-466f-9d80-431da33a2aca,MCU_DIR,B.Cu,"[113675000, 123234199]","[119490000, 122480000]",5.863705409687717,False,0.754199,既有内部直连/支路顶点,1bfee138-b713-4946-a129-7786ed37824b;d4f01af7-f222-4ca9-a9a9-626eea0dd3a6;f40407b6-4225-4940-b041-9a09d51e7ad8,接入坐标、支路及回流优先；不新增蛇形来强制角度。必要例外不代表自动最优。
baf08f56-e300-4528-9a6d-871f2ed9507f,MCU_DIR,B.Cu,"[104540000, 122180000]","[106040000, 122530000]",1.5402921800749363,False,0.35,既有内部直连/支路顶点,d4f01af7-f222-4ca9-a9a9-626eea0dd3a6;eb105aea-651b-4669-8514-8d2c613ce5fb,接入坐标、支路及回流优先；不新增蛇形来强制角度。必要例外不代表自动最优。
d4f01af7-f222-4ca9-a9a9-626eea0dd3a6,MCU_DIR,B.Cu,"[106040000, 122530000]","[113675000, 123234199]",7.66740642144402,False,0.704199,既有内部直连/支路顶点,b672a5e4-8af2-466f-9d80-431da33a2aca;baf08f56-e300-4528-9a6d-871f2ed9507f;f40407b6-4225-4940-b041-9a09d51e7ad8,接入坐标、支路及回流优先；不新增蛇形来强制角度。必要例外不代表自动最优。
e45a23ee-29d8-4b34-82c5-0bcb56a92b3e,MCU_DIR,B.Cu,"[119890000, 122380000]","[120090000, 121930000]",0.49244289008980524,False,0.2,既有内部直连/支路顶点,1bfee138-b713-4946-a129-7786ed37824b;5c0dd2c6-ec95-431f-a94a-5d7a6ea4fa0c,接入坐标、支路及回流优先；不新增蛇形来强制角度。必要例外不代表自动最优。
eb105aea-651b-4669-8514-8d2c613ce5fb,MCU_DIR,B.Cu,"[103490000, 121430000]","[104540000, 122180000]",1.290348790056394,False,0.3,过孔/焊盘短接入,U2.5;baf08f56-e300-4528-9a6d-871f2ed9507f,接入坐标、支路及回流优先；不新增蛇形来强制角度。必要例外不代表自动最优。
27659b5b-719f-480e-8c1e-8b6038ffcd47,LIM_LC_SENSE,F.Cu,"[118227800, 114312200]","[141223400, 114086900]",22.996703664873365,False,0.2253,既有内部直连/支路顶点,00a8db0e-1e8b-4f3b-a5a9-77381136942a;45440031-94e7-4c2e-b139-4cc8bd0878c0,接入坐标、支路及回流优先；不新增蛇形来强制角度。必要例外不代表自动最优。
45440031-94e7-4c2e-b139-4cc8bd0878c0,LIM_LC_SENSE,F.Cu,"[141223400, 114086900]","[142532400, 113608200]",1.3937843054074042,False,0.4787,既有内部直连/支路顶点,27659b5b-719f-480e-8c1e-8b6038ffcd47;61d65244-d4d5-4079-b466-b36e62e02bb0,接入坐标、支路及回流优先；不新增蛇形来强制角度。必要例外不代表自动最优。
604a2473-5a4b-4a20-b6a3-95d98226b5a8,LIM_LC_SENSE,F.Cu,"[148339700, 112260300]","[149114600, 112710400]",0.8961361615290391,False,0.3248,过孔/焊盘短接入,f018f6ee-6751-48ed-b21e-397373211633;f038a625-fc36-40c8-b81d-07b6df1f9c94,接入坐标、支路及回流优先；不新增蛇形来强制角度。必要例外不代表自动最优。
61d65244-d4d5-4079-b466-b36e62e02bb0,LIM_LC_SENSE,F.Cu,"[142532400, 113608200]","[146398600, 112550000]",4.008402384990808,False,1.0582,既有内部直连/支路顶点,45440031-94e7-4c2e-b139-4cc8bd0878c0;f018f6ee-6751-48ed-b21e-397373211633,接入坐标、支路及回流优先；不新增蛇形来强制角度。必要例外不代表自动最优。
f018f6ee-6751-48ed-b21e-397373211633,LIM_LC_SENSE,F.Cu,"[146398600, 112550000]","[148339700, 112260300]",1.962599118516056,False,0.2897,既有内部直连/支路顶点,604a2473-5a4b-4a20-b6a3-95d98226b5a8;61d65244-d4d5-4079-b466-b36e62e02bb0,接入坐标、支路及回流优先；不新增蛇形来强制角度。必要例外不代表自动最优。
80c57798-04d2-455d-80af-9c19b2bdfee4,LIM_RC_SENSE,B.Cu,"[134016300, 115371200]","[134016200, 115371200]",0.0001,True,0.0,既有内部直连/支路顶点,1181aea3-93a4-4228-8220-a27c904b2564;2837fb3c-d881-4f45-8665-fa878230be57,接入坐标、支路及回流优先；不新增蛇形来强制角度。必要例外不代表自动最优。
3eb7d7b8-ff5b-491d-869d-90b486badcd6,LIM_RO_SENSE,F.Cu,"[118460500, 114990500]","[119936400, 114763900]",1.4931940161948145,False,0.2266,既有内部直连/支路顶点,7c0aed5b-7d75-493b-8284-a9dbf3729cc3;8a23ca9d-93ad-4ab3-a7d3-6603874db672,接入坐标、支路及回流优先；不新增蛇形来强制角度。必要例外不代表自动最优。
779484f7-b751-4633-835e-d1f3a0874166,LIM_RO_SENSE,F.Cu,"[136319700, 114763900]","[142348100, 114510100]",6.033740216482642,False,0.2538,既有内部直连/支路顶点,8a23ca9d-93ad-4ab3-a7d3-6603874db672;f37052b2-ea70-4375-a8f9-fb1cbf19bf5f,接入坐标、支路及回流优先；不新增蛇形来强制角度。必要例外不代表自动最优。
d1f159df-3c3a-416d-9bdb-1eec38ec1bf0,LIM_RO_SENSE,F.Cu,"[142719500, 114059900]","[146698400, 113001700]",4.117211732471382,False,1.0582,既有内部直连/支路顶点,c8731224-6239-4b7a-91cb-df0f025d4743;f37052b2-ea70-4375-a8f9-fb1cbf19bf5f,接入坐标、支路及回流优先；不新增蛇形来强制角度。必要例外不代表自动最优。
f37052b2-ea70-4375-a8f9-fb1cbf19bf5f,LIM_RO_SENSE,F.Cu,"[142348100, 114510100]","[142719500, 114059900]",0.583624879524511,False,0.0788,既有内部直连/支路顶点,779484f7-b751-4633-835e-d1f3a0874166;d1f159df-3c3a-416d-9bdb-1eec38ec1bf0,接入坐标、支路及回流优先；不新增蛇形来强制角度。必要例外不代表自动最优。
968d777f-61b0-4b38-8d71-288b16a38eed,ESTOP_SENSE,F.Cu,"[120800000, 122500000]","[119500000, 121900000]",1.4317821063276353,False,0.6,过孔/焊盘短接入,365e948a-dd94-4b7e-a2a3-97d08d4a279c;7ef478a2-6efb-4d9f-a9b7-c54061b4b923,接入坐标、支路及回流优先；不新增蛇形来强制角度。必要例外不代表自动最优。
ff1148a6-c763-4bef-9daa-0e7a34c32dd2,ESTOP_SENSE,B.Cu,"[122300000, 122100000]","[122800000, 120800000]",1.392838827718412,False,0.5,过孔/焊盘短接入,496c9cba-c4ad-4fb3-a988-2b8d2a2d9c80;bf6ca305-c7d8-4da3-9f04-4c29ca3fcbc5,接入坐标、支路及回流优先；不新增蛇形来强制角度。必要例外不代表自动最优。
a6169d7a-ce0e-4289-aadf-4b4b593512e0,MOTOR_ALM,F.Cu,"[172488000, 110548000]","[178138000, 110398000]",5.651990799709426,False,0.15,过孔/焊盘短接入,0f38d8f2-ed8a-4992-b6cd-16966123e3ea;cc52e80e-60b2-42d7-8595-35f402f4bc69,接入坐标、支路及回流优先；不新增蛇形来强制角度。必要例外不代表自动最优。
cc52e80e-60b2-42d7-8595-35f402f4bc69,MOTOR_ALM,F.Cu,"[167338000, 110448000]","[172488000, 110548000]",5.15097078228949,False,0.1,既有内部直连/支路顶点,a6169d7a-ce0e-4289-aadf-4b4b593512e0;e5e7e2c9-696e-46bd-814d-5e7a3478c6a4;f7a28804-24a5-4741-92b5-822c223f563f,接入坐标、支路及回流优先；不新增蛇形来强制角度。必要例外不代表自动最优。
e23fc2f4-6e1f-49e1-8f3f-bf9abf64ade9,MOTOR_ALM,F.Cu,"[162222700, 115529500]","[156589700, 116779900]",5.770111711223623,False,1.2504,既有内部直连/支路顶点,24781c5b-e44d-40e0-91e6-65e9791fadf1;f7a28804-24a5-4741-92b5-822c223f563f,接入坐标、支路及回流优先；不新增蛇形来强制角度。必要例外不代表自动最优。
e5e7e2c9-696e-46bd-814d-5e7a3478c6a4,MOTOR_ALM,F.Cu,"[166792500, 109827500]","[167250300, 110501900]",0.8151050239079624,False,0.2166,过孔/焊盘短接入,cc52e80e-60b2-42d7-8595-35f402f4bc69;f736f496-1641-46ce-bd2b-8af8d95407d8;f7a28804-24a5-4741-92b5-822c223f563f,接入坐标、支路及回流优先；不新增蛇形来强制角度。必要例外不代表自动最优。
46d681f8-1245-4d17-8254-3ac8931f84c7,MOTOR_ALM,B.Cu,"[166792500, 109827500]","[163000000, 107275000]",4.571467215238451,False,1.24,过孔/焊盘短接入,C21.1;f736f496-1641-46ce-bd2b-8af8d95407d8,接入坐标、支路及回流优先；不新增蛇形来强制角度。必要例外不代表自动最优。
52fa7a50-c489-4ff2-a3a2-d2f32b232287,I2C_SCL,F.Cu,"[106938000, 85148000]","[107288000, 85448000]",0.4609772228646444,False,0.05,既有内部直连/支路顶点,725e9ed9-5c58-4a71-9087-c545b7a7f139;7b5c635a-b7e1-45b3-842a-c1d6707fef7e,接入坐标、支路及回流优先；不新增蛇形来强制角度。必要例外不代表自动最优。
6e05e2d3-4b74-4017-bbd5-d8aa1a6a835b,I2C_SCL,F.Cu,"[107288000, 86498000]","[106838000, 87498000]",1.0965856099730655,False,0.45,过孔/焊盘短接入,7b5c635a-b7e1-45b3-842a-c1d6707fef7e;R62.2,接入坐标、支路及回流优先；不新增蛇形来强制角度。必要例外不代表自动最优。
d0f6c611-4726-44f5-9ccd-9283c64d191f,I2C_SCL,F.Cu,"[99788000, 87048000]","[102813000, 85198000]",3.5458602623340925,False,1.175,过孔/焊盘短接入,5e423bc2-9fc6-4b89-95d9-f678fdd71aa2;725e9ed9-5c58-4a71-9087-c545b7a7f139;7969682d-568a-4f53-bf23-a57bdfde8fdb,接入坐标、支路及回流优先；不新增蛇形来强制角度。必要例外不代表自动最优。
438d997b-d829-4e75-ac4a-fd45d760af3b,I2C_SCL,B.Cu,"[97138000, 90898000]","[97188000, 93648000]",2.750454507895013,False,0.05,既有内部直连/支路顶点,d0f058e7-cfd8-41d8-a251-c214b0164c78;e37b6eec-726d-4e22-a534-813e8f713020,接入坐标、支路及回流优先；不新增蛇形来强制角度。必要例外不代表自动最优。
89d58f1d-f142-4de2-9533-d02f6a7875cb,I2C_SCL,B.Cu,"[99788000, 87048000]","[97788000, 89148000]",2.9,False,0.1,过孔/焊盘短接入,7969682d-568a-4f53-bf23-a57bdfde8fdb;d0f058e7-cfd8-41d8-a251-c214b0164c78,接入坐标、支路及回流优先；不新增蛇形来强制角度。必要例外不代表自动最优。
d0f058e7-cfd8-41d8-a251-c214b0164c78,I2C_SCL,B.Cu,"[97788000, 89148000]","[97138000, 90898000]",1.8668154702594468,False,0.65,既有内部直连/支路顶点,438d997b-d829-4e75-ac4a-fd45d760af3b;89d58f1d-f142-4de2-9533-d02f6a7875cb,接入坐标、支路及回流优先；不新增蛇形来强制角度。必要例外不代表自动最优。
e37b6eec-726d-4e22-a534-813e8f713020,I2C_SCL,B.Cu,"[97188000, 93648000]","[99738000, 96498000]",3.8242646351945884,False,0.3,既有内部直连/支路顶点,438d997b-d829-4e75-ac4a-fd45d760af3b;fabf4768-2889-454e-892a-94f452edf4c2,接入坐标、支路及回流优先；不新增蛇形来强制角度。必要例外不代表自动最优。
896296a0-5edd-4f3f-96dd-8f0452c695ae,BTN_OPEN,F.Cu,"[134340800, 109981900]","[140899300, 105556800]",7.911727514266401,False,2.1334,过孔/焊盘短接入,aebbd02d-7d98-4a52-a2cf-ea8b0c6d53d6;ce09acdd-2b0c-4f23-8af5-93581f068fd9,接入坐标、支路及回流优先；不新增蛇形来强制角度。必要例外不代表自动最优。
89254b25-b97e-4b1d-a4c7-5833cd023df8,STOP_FAULT,F.Cu,"[134785900, 117850600]","[135907600, 118095400]",1.148101881367677,False,0.2448,过孔/焊盘短接入,3edaa1d9-09a4-4bbe-8be7-5d75d574710f;beff4fac-ef8b-47ba-91ab-07ddbc0d2308,接入坐标、支路及回流优先；不新增蛇形来强制角度。必要例外不代表自动最优。
0d222b51-001d-4d6c-bcb2-86d65ab25370,STOP_FAULT,B.Cu,"[135962600, 118150400]","[135962700, 118150400]",0.0001,True,0.0,过孔/焊盘短接入,4a45617e-f720-49a6-869c-9307921b0bdd;5fa3e0a2-9430-4d08-892e-d1a24f29e0b3;beff4fac-ef8b-47ba-91ab-07ddbc0d2308,接入坐标、支路及回流优先；不新增蛇形来强制角度。必要例外不代表自动最优。
4a45617e-f720-49a6-869c-9307921b0bdd,STOP_FAULT,B.Cu,"[135907600, 118095400]","[135962600, 118150400]",0.07778174593052022,True,0.0,过孔/焊盘短接入,0d222b51-001d-4d6c-bcb2-86d65ab25370;5fa3e0a2-9430-4d08-892e-d1a24f29e0b3;beff4fac-ef8b-47ba-91ab-07ddbc0d2308,接入坐标、支路及回流优先；不新增蛇形来强制角度。必要例外不代表自动最优。
5fa3e0a2-9430-4d08-892e-d1a24f29e0b3,STOP_FAULT,B.Cu,"[136510000, 121430000]","[135962700, 118150400]",3.324953150045877,False,0.5473,过孔/焊盘短接入,0d222b51-001d-4d6c-bcb2-86d65ab25370;4a45617e-f720-49a6-869c-9307921b0bdd;U2.18;beff4fac-ef8b-47ba-91ab-07ddbc0d2308,接入坐标、支路及回流优先；不新增蛇形来强制角度。必要例外不代表自动最优。
90c29fae-75ab-4857-bbea-0ed52913643f,BTN_CLOSE,F.Cu,"[163693900, 121201600]","[163746700, 121201600]",0.0528,True,0.0,过孔/焊盘短接入,18b8f25a-5ddc-45ea-8093-e1d2f6dea3f2;47001fc5-2e7d-4850-8fd3-67dcc80ad255,接入坐标、支路及回流优先；不新增蛇形来强制角度。必要例外不代表自动最优。
a2f76776-59f7-4089-9620-cd5dce8707a8,BTN_CLOSE,F.Cu,"[147887900, 117706900]","[153805600, 112699400]",7.7520467968143745,False,0.9102,既有内部直连/支路顶点,4155036c-8051-4562-8762-5af548869336;b3608fb9-49df-4688-a288-2e40e6940108,接入坐标、支路及回流优先；不新增蛇形来强制角度。必要例外不代表自动最优。
a64f133c-6abb-411c-9995-ed20445120f6,BTN_CLOSE,F.Cu,"[139684900, 118204400]","[141895100, 117767700]",2.252929410789428,False,0.4367,过孔/焊盘短接入,196000a4-3ed3-4517-8461-d97bdddfcfdc;9283ad6f-cc6f-4d36-8849-8bc2fe625cd6;b3608fb9-49df-4688-a288-2e40e6940108,接入坐标、支路及回流优先；不新增蛇形来强制角度。必要例外不代表自动最优。
b3608fb9-49df-4688-a288-2e40e6940108,BTN_CLOSE,F.Cu,"[142020100, 117892700]","[147887900, 117706900]",5.870740879991213,False,0.1858,既有内部直连/支路顶点,196000a4-3ed3-4517-8461-d97bdddfcfdc;a2f76776-59f7-4089-9620-cd5dce8707a8;a64f133c-6abb-411c-9995-ed20445120f6,接入坐标、支路及回流优先；不新增蛇形来强制角度。必要例外不代表自动最优。
d20ed67e-aa3d-4c23-83ee-7a657eeed677,BTN_CLOSE,F.Cu,"[141041600, 124428300]","[140047600, 123887300]",1.1316876777627298,False,0.453,过孔/焊盘短接入,66e81388-e058-4c36-a58e-b9fbab5ff41c;d04b6325-4ea1-42ae-a1c7-65da7266f21c,接入坐标、支路及回流优先；不新增蛇形来强制角度。必要例外不代表自动最优。
483637a5-7f57-4120-a2e3-b3d6dff4d321,BTN_CLOSE,B.Cu,"[139050000, 121430000]","[139684900, 118204400]",3.287490436487991,False,0.6349,过孔/焊盘短接入,91bee8a7-3e69-4e37-aef0-cf5f3ea9ab68;9283ad6f-cc6f-4d36-8849-8bc2fe625cd6;U2.19,接入坐标、支路及回流优先；不新增蛇形来强制角度。必要例外不代表自动最优。
91bee8a7-3e69-4e37-aef0-cf5f3ea9ab68,BTN_CLOSE,B.Cu,"[140047600, 123887300]","[139050000, 121430000]",2.6520801364212203,False,0.9976,过孔/焊盘短接入,483637a5-7f57-4120-a2e3-b3d6dff4d321;66e81388-e058-4c36-a58e-b9fbab5ff41c;U2.19,接入坐标、支路及回流优先；不新增蛇形来强制角度。必要例外不代表自动最优。
00e6038e-fe75-450f-9fda-89fe53bab34c,BUZZER,F.Cu,"[175069600, 115944100]","[174966200, 115944100]",0.1034,True,0.0,过孔/焊盘短接入,73f1bb50-bba1-4d0a-8d73-5bce6a4adc05;8c57546d-7931-4319-abfb-f6f01d5796a2;b795d9d2-3c49-48cd-9fe5-3e3a94059622,接入坐标、支路及回流优先；不新增蛇形来强制角度。必要例外不代表自动最优。
b795d9d2-3c49-48cd-9fe5-3e3a94059622,BUZZER,F.Cu,"[175150500, 116025000]","[175069600, 115944100]",0.11440987719598339,True,0.0,过孔/焊盘短接入,00e6038e-fe75-450f-9fda-89fe53bab34c;73f1bb50-bba1-4d0a-8d73-5bce6a4adc05;8c57546d-7931-4319-abfb-f6f01d5796a2,接入坐标、支路及回流优先；不新增蛇形来强制角度。必要例外不代表自动最优。
b8a79b7a-4305-46f2-a389-3e4ded3ea281,BUZZER,B.Cu,"[175150500, 116025000]","[179175000, 115000000]",4.152977877379074,False,1.025,过孔/焊盘短接入,8c57546d-7931-4319-abfb-f6f01d5796a2;R34.1,接入坐标、支路及回流优先；不新增蛇形来强制角度。必要例外不代表自动最优。
49d598ef-7c74-42a9-8984-70b9a96604a7,MCU_FUNC_LED,F.Cu,"[153607900, 90720500]","[149593200, 90491900]",4.021203060030667,False,0.2286,既有内部直连/支路顶点,6b090118-159c-499e-9c31-103fc1fd3517;e9b18fa9-261f-4584-b5af-40b459d0a049,接入坐标、支路及回流优先；不新增蛇形来强制角度。必要例外不代表自动最优。
26fc8e08-bb32-4948-82eb-919c4137694e,MCU_FUNC_LED,B.Cu,"[171250500, 81624200]","[170000000, 76825000]",4.959442598720143,False,1.2505,过孔/焊盘短接入,357b80e5-483b-4812-ab84-9baaa7d04331;R52.1,接入坐标、支路及回流优先；不新增蛇形来强制角度。必要例外不代表自动最优。
0518a507-5f5b-4282-abbc-2241430aae97,MCU_WDI,F.Cu,"[137638000, 94998000]","[137663000, 94973000]",0.03535533905932738,True,0.0,既有内部直连/支路顶点,07f2c03c-eb41-4296-9478-a8bba0ae27b1,接入坐标、支路及回流优先；不新增蛇形来强制角度。必要例外不代表自动最优。
62d205e7-a782-462b-817c-fb84cbd868d0,MCU_WDI,F.Cu,"[134938000, 95498000]","[136338000, 94998000]",1.4866068747318506,False,0.5,过孔/焊盘短接入,07f2c03c-eb41-4296-9478-a8bba0ae27b1;R59.1,接入坐标、支路及回流优先；不新增蛇形来强制角度。必要例外不代表自动最优。
f0daa712-793d-4ee2-b75b-2b0afa4bf8e2,MCU_WDI,F.Cu,"[134663000, 98273000]","[137138000, 96973000]",2.79564393297859,False,1.175,过孔/焊盘短接入,U2.28;ad5deacc-ce64-4902-b9ee-0a26bbd2c023,接入坐标、支路及回流优先；不新增蛇形来强制角度。必要例外不代表自动最优。
a5f52884-1b03-4bcd-ad77-686448a8ecb0,MCU_WDI,B.Cu,"[137138000, 96973000]","[137563000, 96523000]",0.6189709201569974,False,0.025,过孔/焊盘短接入,ad5deacc-ce64-4902-b9ee-0a26bbd2c023;ec1c247a-613a-4769-9f31-3f4b6aa76681;f156a2e4-4e6a-4e58-97f4-fa9eb122a850,接入坐标、支路及回流优先；不新增蛇形来强制角度。必要例外不代表自动最优。
a75dfc04-520a-4383-81fd-5e187f92ffe2,MCU_WDI,B.Cu,"[137663000, 94973000]","[137613000, 95023000]",0.07071067811865477,True,0.0,过孔/焊盘短接入,e5600496-ed51-4470-9f46-327c57529ce3;f156a2e4-4e6a-4e58-97f4-fa9eb122a850,接入坐标、支路及回流优先；不新增蛇形来强制角度。必要例外不代表自动最优。
ec1c247a-613a-4769-9f31-3f4b6aa76681,MCU_WDI,B.Cu,"[137563000, 96523000]","[137613000, 96398000]",0.1346291201783626,False,0.05,既有内部直连/支路顶点,a5f52884-1b03-4bcd-ad77-686448a8ecb0;f156a2e4-4e6a-4e58-97f4-fa9eb122a850,接入坐标、支路及回流优先；不新增蛇形来强制角度。必要例外不代表自动最优。
5ea4e255-4223-40ae-a69b-7fe9e870b9a2,FUNC_BTN_N,B.Cu,"[152398700, 85173600]","[151990300, 82917900]",2.2923727990883163,False,0.4084,过孔/焊盘短接入,4126b674-51f9-4477-8aa1-24b03d388c6b;C33.1;e19c983d-b225-4ade-883f-bded874690e4,接入坐标、支路及回流优先；不新增蛇形来强制角度。必要例外不代表自动最优。
df6d3a85-36b8-48f5-b7f4-d75453967dbf,MCU_RUN_LATCH,F.Cu,"[147233800, 114296400]","[142890100, 114606900]",4.35478356982296,False,0.3105,过孔/焊盘短接入,5254b19d-f522-4385-af20-b65289597fa4;675061ac-6649-4c76-ad69-16b36cc1af97,接入坐标、支路及回流优先；不新增蛇形来强制角度。必要例外不代表自动最优。
a50a7e08-2e78-4dbc-8228-40f570e93857,MCU_RUN_LATCH,B.Cu,"[147500000, 115175000]","[147233800, 114296400]",0.9180416112573547,False,0.2662,过孔/焊盘短接入,5254b19d-f522-4385-af20-b65289597fa4;R43.2,接入坐标、支路及回流优先；不新增蛇形来强制角度。必要例外不代表自动最优。
6a9233e3-630c-4e9d-b0a3-1f7d7c2af13b,MOTOR_PUL_N,B.Cu,"[181800000, 87200000]","[181900000, 83700000]",3.5014282800023193,False,0.1,过孔/焊盘短接入,0c165b3b-5000-4c1e-b441-0c8a35b1fc44;Q1.3,接入坐标、支路及回流优先；不新增蛇形来强制角度。必要例外不代表自动最优。
3099c7ad-8e18-4e22-b90c-ece94262bef3,WDI,F.Cu,"[150538000, 78998000]","[150613000, 78948000]",0.09013878188659973,False,0.025,过孔/焊盘短接入,367dbc2f-8113-443a-a469-a2fd8c0ffbfb;52e5cca2-2955-4069-9782-4d57cd278886;a9b2da60-3f45-4b06-a640-22ab601cd7ac;d7af4ef1-0a29-4b06-bea5-e158b9b6828a;e040f31b-2283-450c-9cb7-a4204e96917b,接入坐标、支路及回流优先；不新增蛇形来强制角度。必要例外不代表自动最优。
349bb0bf-2a27-4c08-a6d9-844fdb0fdca6,WDI,F.Cu,"[150913000, 79048000]","[150788000, 79048000]",0.125,True,0.0,过孔/焊盘短接入,367dbc2f-8113-443a-a469-a2fd8c0ffbfb;a9b2da60-3f45-4b06-a640-22ab601cd7ac;d7af4ef1-0a29-4b06-bea5-e158b9b6828a;e040f31b-2283-450c-9cb7-a4204e96917b,接入坐标、支路及回流优先；不新增蛇形来强制角度。必要例外不代表自动最优。
367dbc2f-8113-443a-a469-a2fd8c0ffbfb,WDI,F.Cu,"[150788000, 79048000]","[150763000, 79023000]",0.03535533905932738,True,0.0,过孔/焊盘短接入,3099c7ad-8e18-4e22-b90c-ece94262bef3;349bb0bf-2a27-4c08-a6d9-844fdb0fdca6;a9b2da60-3f45-4b06-a640-22ab601cd7ac;d7af4ef1-0a29-4b06-bea5-e158b9b6828a;e040f31b-2283-450c-9cb7-a4204e96917b,接入坐标、支路及回流优先；不新增蛇形来强制角度。必要例外不代表自动最优。
52e5cca2-2955-4069-9782-4d57cd278886,WDI,F.Cu,"[147563000, 79648000]","[150538000, 78998000]",3.045180618616899,False,0.65,过孔/焊盘短接入,3099c7ad-8e18-4e22-b90c-ece94262bef3;a9b2da60-3f45-4b06-a640-22ab601cd7ac;ad8e4eae-e59e-4c11-b7f7-425af69d76c7;e040f31b-2283-450c-9cb7-a4204e96917b,接入坐标、支路及回流优先；不新增蛇形来强制角度。必要例外不代表自动最优。
a9b2da60-3f45-4b06-a640-22ab601cd7ac,WDI,F.Cu,"[150763000, 79023000]","[150713000, 79023000]",0.05,True,0.0,过孔/焊盘短接入,3099c7ad-8e18-4e22-b90c-ece94262bef3;349bb0bf-2a27-4c08-a6d9-844fdb0fdca6;367dbc2f-8113-443a-a469-a2fd8c0ffbfb;52e5cca2-2955-4069-9782-4d57cd278886;d7af4ef1-0a29-4b06-bea5-e158b9b6828a;e040f31b-2283-450c-9cb7-a4204e96917b,接入坐标、支路及回流优先；不新增蛇形来强制角度。必要例外不代表自动最优。
b557d86b-fd5d-4d3d-9bb5-f6196925f87f,WDI,F.Cu,"[143888000, 88998000]","[143913000, 88973000]",0.03535533905932738,True,0.0,既有内部直连/支路顶点,15d02224-30cf-42a2-ac1d-461ea0536abe,接入坐标、支路及回流优先；不新增蛇形来强制角度。必要例外不代表自动最优。
c4a5f870-5edf-4b2b-a6ed-6730c409dfce,WDI,F.Cu,"[151400000, 77325000]","[152925000, 76750000]",1.629800601300662,False,0.575,过孔/焊盘短接入,33f65efc-4fe2-4723-a58a-2d47bfc80aaf;R60.1;U45.6,接入坐标、支路及回流优先；不新增蛇形来强制角度。必要例外不代表自动最优。
e040f31b-2283-450c-9cb7-a4204e96917b,WDI,F.Cu,"[150713000, 79023000]","[150688000, 78998000]",0.03535533905932738,True,0.0,过孔/焊盘短接入,3099c7ad-8e18-4e22-b90c-ece94262bef3;349bb0bf-2a27-4c08-a6d9-844fdb0fdca6;367dbc2f-8113-443a-a469-a2fd8c0ffbfb;52e5cca2-2955-4069-9782-4d57cd278886;a9b2da60-3f45-4b06-a640-22ab601cd7ac;d7af4ef1-0a29-4b06-bea5-e158b9b6828a,接入坐标、支路及回流优先；不新增蛇形来强制角度。必要例外不代表自动最优。
388ac38d-0d19-424b-b808-992ff518e5d7,WDI,B.Cu,"[145413000, 82648000]","[145313000, 82973000]",0.34003676271838607,False,0.1,既有内部直连/支路顶点,437fb5ed-306d-469d-aa55-c8c5d6d5c919;b69a3662-6a0a-47db-8c45-9216a13a8d61,接入坐标、支路及回流优先；不新增蛇形来强制角度。必要例外不代表自动最优。
437fb5ed-306d-469d-aa55-c8c5d6d5c919,WDI,B.Cu,"[147563000, 79648000]","[145413000, 82648000]",3.690867106792115,False,0.85,过孔/焊盘短接入,388ac38d-0d19-424b-b808-992ff518e5d7;ad8e4eae-e59e-4c11-b7f7-425af69d76c7,接入坐标、支路及回流优先；不新增蛇形来强制角度。必要例外不代表自动最优。
7fe2469f-3f97-4bb4-b6e0-1632f205b0ad,WDI,B.Cu,"[145338000, 85323000]","[146863000, 88973000]",3.955771100556755,False,1.525,过孔/焊盘短接入,4083c02a-a705-41b6-9b5e-85a8bf8d096e;b69a3662-6a0a-47db-8c45-9216a13a8d61,接入坐标、支路及回流优先；不新增蛇形来强制角度。必要例外不代表自动最优。
89a28453-56a3-4323-8bd6-24a22181fbc6,WDI,B.Cu,"[143888000, 88998000]","[134738000, 91598000]",9.512228971171794,False,2.6,过孔/焊盘短接入,126461ce-a248-4cb8-b21d-90f25325917a;4748b64e-32ee-40ec-9403-b2f9cc2df9f4,接入坐标、支路及回流优先；不新增蛇形来强制角度。必要例外不代表自动最优。
8fc321a3-0851-4c13-8df6-3921b50738de,WDI,B.Cu,"[150913000, 78473000]","[151463000, 78023000]",0.7106335201775947,False,0.1,既有内部直连/支路顶点,4c8f2a96-77cb-45fd-a0b7-e22b36fd2297;de360702-b6df-48ae-b088-555bd44878d2,接入坐标、支路及回流优先；不新增蛇形来强制角度。必要例外不代表自动最优。
b4bd05cb-558e-45f1-ba21-4a2877d18395,WDI,B.Cu,"[152363000, 77573000]","[152438000, 77398000]",0.1903943276465977,False,0.075,既有内部直连/支路顶点,2a895a07-4734-407c-85af-e8daf0e143df;d8efbbff-d2a2-4693-842b-d017be37f422,接入坐标、支路及回流优先；不新增蛇形来强制角度。必要例外不代表自动最优。
b69a3662-6a0a-47db-8c45-9216a13a8d61,WDI,B.Cu,"[145313000, 82973000]","[145338000, 85323000]",2.350132974961204,False,0.025,既有内部直连/支路顶点,388ac38d-0d19-424b-b808-992ff518e5d7;7fe2469f-3f97-4bb4-b6e0-1632f205b0ad,接入坐标、支路及回流优先；不新增蛇形来强制角度。必要例外不代表自动最优。
fa1b8c3c-78e1-4266-b1e9-7aca9e2fcac2,WDI,B.Cu,"[152438000, 76498000]","[152175000, 76000000]",0.5631811431502302,False,0.235,过孔/焊盘短接入,2a895a07-4734-407c-85af-e8daf0e143df;76c05f47-257d-48f0-941f-09fd917030f4,接入坐标、支路及回流优先；不新增蛇形来强制角度。必要例外不代表自动最优。
23da5bea-af8b-4bf6-9265-78e4e0b1da57,+24V_IN,F.Cu,"[106670000, 83000000]","[109500000, 71500000]",11.843095034660491,False,2.83,过孔/焊盘短接入,F1.1;J1.1,接入坐标、支路及回流优先；不新增蛇形来强制角度。必要例外不代表自动最优。
c72d5525-21b0-44b7-9c48-ea86fa605116,I2C_SCL_EXT,F.Cu,"[103988000, 87148000]","[104388000, 87698000]",0.6800735254367721,False,0.15,过孔/焊盘短接入,D15.5;cc8caaf9-84e6-4e34-9988-19744c05a724,接入坐标、支路及回流优先；不新增蛇形来强制角度。必要例外不代表自动最优。
dd5c79b9-e025-40c6-b428-c07ad55b1fe6,I2C_SCL_EXT,F.Cu,"[103888000, 88748000]","[98488000, 91998000]",6.302578837269709,False,2.15,既有内部直连/支路顶点,87f84fab-064b-497c-93fb-ed64e0be2ec4;ef1ee09d-4ef7-4c74-9555-c6e03e3499c7,接入坐标、支路及回流优先；不新增蛇形来强制角度。必要例外不代表自动最优。
526b9a94-9377-49ab-968b-14d3af3919c6,BUZZER_N,F.Cu,"[179888000, 113698000]","[180788000, 113548000]",0.9124143795447329,False,0.15,过孔/焊盘短接入,14e905fe-80f3-44a7-9d15-437a2946f481;cdae2db2-2309-48c6-b347-ad3aecb5bf31,接入坐标、支路及回流优先；不新增蛇形来强制角度。必要例外不代表自动最优。
cdae2db2-2309-48c6-b347-ad3aecb5bf31,BUZZER_N,F.Cu,"[186188000, 108198000]","[180788000, 113548000]",7.601480119029451,False,0.05,既有内部直连/支路顶点,526b9a94-9377-49ab-968b-14d3af3919c6;f6ff64d7-080e-44dc-98c3-c84669655fa5,接入坐标、支路及回流优先；不新增蛇形来强制角度。必要例外不代表自动最优。
f156a4c1-d10d-42ae-a191-e498450d9256,BUZZER_N,F.Cu,"[176238000, 103848000]","[174688000, 102898000]",1.8179658962697842,False,0.6,过孔/焊盘短接入,81feeecb-82fe-4556-98ca-c356fb768db7;BZ1.2,接入坐标、支路及回流优先；不新增蛇形来强制角度。必要例外不代表自动最优。
f6ff64d7-080e-44dc-98c3-c84669655fa5,BUZZER_N,F.Cu,"[188388000, 108148000]","[186188000, 108198000]",2.2005681084665385,False,0.05,既有内部直连/支路顶点,46cc9a3a-6c43-4266-8654-5a1711622fdc;86f565a5-bbe4-473c-bf8d-830782dd75cd;cdae2db2-2309-48c6-b347-ad3aecb5bf31,接入坐标、支路及回流优先；不新增蛇形来强制角度。必要例外不代表自动最优。
b18ff74c-e6f8-4fe3-b780-f907dbf53c7c,BUZZER_N,B.Cu,"[175088000, 109898000]","[175788000, 111548000]",1.792344832893492,False,0.7,过孔/焊盘短接入,b8f188d7-4260-4dec-9a41-a9558f3f41f3;d94503fa-f95c-46b5-889d-3404a8c6b50e,接入坐标、支路及回流优先；不新增蛇形来强制角度。必要例外不代表自动最优。
d94503fa-f95c-46b5-889d-3404a8c6b50e,BUZZER_N,B.Cu,"[175788000, 111548000]","[176088000, 111698000]",0.33541019662496846,False,0.15,既有内部直连/支路顶点,88d4f400-bc9f-4e91-8cc9-e8410ab697d1;b18ff74c-e6f8-4fe3-b780-f907dbf53c7c,接入坐标、支路及回流优先；不新增蛇形来强制角度。必要例外不代表自动最优。
18d8af4f-8709-4771-84ae-64f7f49ea63d,WDT_OK,F.Cu,"[155013000, 75973000]","[152413000, 75448000]",2.65247525907406,False,0.525,既有内部直连/支路顶点,9e221de8-fe13-4c09-b928-ad772f95de0c;b9b05a6d-2ed3-4d7b-8fc5-04bc49f0c396,接入坐标、支路及回流优先；不新增蛇形来强制角度。必要例外不代表自动最优。
5e25db88-fbb7-4e56-af59-317d5cb0bc7e,WDT_OK,F.Cu,"[181988000, 93698000]","[178813000, 93523000]",3.17981917724892,False,0.175,过孔/焊盘短接入,14801e06-5226-4ef7-b849-5b25f6ea90b4;6959ecba-8514-40dd-ba93-b9668d9dc4e7,接入坐标、支路及回流优先；不新增蛇形来强制角度。必要例外不代表自动最优。
5f100731-b25a-4e65-9364-84a5c3ae0411,WDT_OK,F.Cu,"[151638000, 75423000]","[151400000, 76025000]",0.647339169215026,False,0.238,过孔/焊盘短接入,0f671238-831e-47c4-9951-2e3a9521d14d;7d80ae25-77ed-46ca-a4ee-dd958e13dc96;U45.8;b9b05a6d-2ed3-4d7b-8fc5-04bc49f0c396,接入坐标、支路及回流优先；不新增蛇形来强制角度。必要例外不代表自动最优。
6959ecba-8514-40dd-ba93-b9668d9dc4e7,WDT_OK,F.Cu,"[183138000, 95023000]","[182038000, 93773000]",1.6650825805346712,False,0.15,过孔/焊盘短接入,5e25db88-fbb7-4e56-af59-317d5cb0bc7e;b122009c-4ed8-43e4-bdc5-f8d138dbbd0e,接入坐标、支路及回流优先；不新增蛇形来强制角度。必要例外不代表自动最优。
7d80ae25-77ed-46ca-a4ee-dd958e13dc96,WDT_OK,F.Cu,"[151175000, 74250000]","[151400000, 76025000]",1.7892037335082889,False,0.225,过孔/焊盘短接入,0f671238-831e-47c4-9951-2e3a9521d14d;5f100731-b25a-4e65-9364-84a5c3ae0411;R58.2;U45.8,接入坐标、支路及回流优先；不新增蛇形来强制角度。必要例外不代表自动最优。
9e221de8-fe13-4c09-b928-ad772f95de0c,WDT_OK,F.Cu,"[156088000, 76373000]","[155013000, 75973000]",1.147006974695446,False,0.4,既有内部直连/支路顶点,18d8af4f-8709-4771-84ae-64f7f49ea63d;9fc41b62-9049-498a-810f-73d393d57173,接入坐标、支路及回流优先；不新增蛇形来强制角度。必要例外不代表自动最优。
b9b05a6d-2ed3-4d7b-8fc5-04bc49f0c396,WDT_OK,F.Cu,"[152413000, 75448000]","[151638000, 75423000]",0.7754031209635411,False,0.025,既有内部直连/支路顶点,18d8af4f-8709-4771-84ae-64f7f49ea63d;5f100731-b25a-4e65-9364-84a5c3ae0411,接入坐标、支路及回流优先；不新增蛇形来强制角度。必要例外不代表自动最优。
c9a1925e-1e66-4fb6-93ad-fd562aebf368,WDT_OK,F.Cu,"[168313000, 84148000]","[163988000, 79848000]",6.0988216074910735,False,0.025,既有内部直连/支路顶点,0b04e2e9-64d1-41d3-ba13-9c1a6767268d;dec9eacd-35e4-427f-86e4-67f84fb0fe0e,接入坐标、支路及回流优先；不新增蛇形来强制角度。必要例外不代表自动最优。
dec9eacd-35e4-427f-86e4-67f84fb0fe0e,WDT_OK,F.Cu,"[163988000, 79848000]","[159513000, 79798000]",4.475279320891602,False,0.05,既有内部直连/支路顶点,9fc41b62-9049-498a-810f-73d393d57173;c9a1925e-1e66-4fb6-93ad-fd562aebf368,接入坐标、支路及回流优先；不新增蛇形来强制角度。必要例外不代表自动最优。
2ac54f28-6683-45ce-b386-71985af891df,WDT_OK,B.Cu,"[169813000, 84148000]","[174363000, 87823000]",5.848771238473941,False,0.875,过孔/焊盘短接入,d06db944-daf9-4919-b411-2902ad8225ce;ddf900fa-fd14-4614-9159-a80fc695fb1c,接入坐标、支路及回流优先；不新增蛇形来强制角度。必要例外不代表自动最优。
7257c8d7-753a-4fac-a3fb-45327e36452b,WDT_OK,B.Cu,"[176888000, 90398000]","[177563000, 92398000]",2.11083514278117,False,0.675,既有内部直连/支路顶点,81f6fe72-0ceb-4092-b107-a0629ba9facc;e4d9f2bc-29b0-4b9b-ba22-8bb981c80202,接入坐标、支路及回流优先；不新增蛇形来强制角度。必要例外不代表自动最优。
8eab6561-0796-414d-96f1-d7403726cb0d,WDT_OK,B.Cu,"[177888000, 93623000]","[178188000, 93648000]",0.30103986446980735,False,0.025,既有内部直连/支路顶点,97406713-02c4-4a11-9d24-4dafeb284480;985328d3-9e93-4fc3-952d-2632f1d5d4f8,接入坐标、支路及回流优先；不新增蛇形来强制角度。必要例外不代表自动最优。
97406713-02c4-4a11-9d24-4dafeb284480,WDT_OK,B.Cu,"[177513000, 93348000]","[177888000, 93623000]",0.46502688094345684,False,0.1,既有内部直连/支路顶点,8eab6561-0796-414d-96f1-d7403726cb0d;c7abda0b-e16d-42a4-aef8-e5419cc625ab,接入坐标、支路及回流优先；不新增蛇形来强制角度。必要例外不代表自动最优。
985328d3-9e93-4fc3-952d-2632f1d5d4f8,WDT_OK,B.Cu,"[178188000, 93648000]","[178813000, 93523000]",0.6373774391990982,False,0.125,过孔/焊盘短接入,14801e06-5226-4ef7-b849-5b25f6ea90b4;8eab6561-0796-414d-96f1-d7403726cb0d,接入坐标、支路及回流优先；不新增蛇形来强制角度。必要例外不代表自动最优。
c7abda0b-e16d-42a4-aef8-e5419cc625ab,WDT_OK,B.Cu,"[177563000, 92748000]","[177513000, 93348000]",0.6020797289396147,False,0.05,既有内部直连/支路顶点,81f6fe72-0ceb-4092-b107-a0629ba9facc;97406713-02c4-4a11-9d24-4dafeb284480,接入坐标、支路及回流优先；不新增蛇形来强制角度。必要例外不代表自动最优。
e4d9f2bc-29b0-4b9b-ba22-8bb981c80202,WDT_OK,B.Cu,"[176113000, 89573000]","[176888000, 90398000]",1.1319231422671772,False,0.05,过孔/焊盘短接入,4e9fae2e-9ef1-4261-b311-afc7ba796a20;7257c8d7-753a-4fac-a3fb-45327e36452b,接入坐标、支路及回流优先；不新增蛇形来强制角度。必要例外不代表自动最优。
64ceec10-0443-4773-acce-d0a9e8345417,+6V5_LIM_A,B.Cu,"[144490000, 85526700]","[143540000, 83000000]",2.699391207291007,False,0.95,过孔/焊盘短接入,C5.2;U11.3;ec0f5fd9-bd13-4138-9f9d-0b62227dab97,接入坐标、支路及回流优先；不新增蛇形来强制角度。必要例外不代表自动最优。
ec0f5fd9-bd13-4138-9f9d-0b62227dab97,+6V5_LIM_A,B.Cu,"[143500000, 72926700]","[143540000, 83000000]",10.073379417553973,False,0.04,过孔/焊盘短接入,535e1014-27dc-405c-ac37-23ad6475b67e;64ceec10-0443-4773-acce-d0a9e8345417;U11.3;fe2a9f74-f15c-4adf-b838-725a6a8e9423,接入坐标、支路及回流优先；不新增蛇形来强制角度。必要例外不代表自动最优。
f64ecfef-c734-42cb-bed8-d6415337f44a,+6V5_LIM_A,B.Cu,"[125500000, 71500000]","[133221900, 72926700]",7.852592724699276,False,1.4267,过孔/焊盘短接入,535e1014-27dc-405c-ac37-23ad6475b67e;J3.1;b8dd55b3-8fc0-47d8-a0be-08c9d7ed31a2,接入坐标、支路及回流优先；不新增蛇形来强制角度。必要例外不代表自动最优。
32c9d5bd-c906-4090-acff-9ecbed726387,DIR_SELECT,F.Cu,"[149348500, 112098300]","[148619000, 111808600]",0.7849180466774859,False,0.2897,既有内部直连/支路顶点,46f8e2de-354e-4237-8cd7-730ec38bbbd6;e1c6d4eb-194d-4588-98ed-b4e7294d344f,接入坐标、支路及回流优先；不新增蛇形来强制角度。必要例外不代表自动最优。
62f72e9b-648e-4162-a5db-2a87a9ebf531,DIR_SELECT,F.Cu,"[160980300, 107947700]","[163941800, 106423400]",3.3307615855836934,False,1.4372,过孔/焊盘短接入,691ec38d-3441-436f-89ad-6c158ae7f876;6e11399a-0280-44c3-9d4e-20c2133710eb,接入坐标、支路及回流优先；不新增蛇形来强制角度。必要例外不代表自动最优。
691ec38d-3441-436f-89ad-6c158ae7f876,DIR_SELECT,F.Cu,"[158383800, 107950000]","[160980300, 107947700]",2.596501018678791,False,0.0023,既有内部直连/支路顶点,62f72e9b-648e-4162-a5db-2a87a9ebf531;dfb510fe-1c1a-49bf-8a60-b26f07b4b4cb,接入坐标、支路及回流优先；不新增蛇形来强制角度。必要例外不代表自动最优。
80e48650-0719-4fbe-9496-785d4177a8e3,DIR_SELECT,F.Cu,"[147549800, 111808600]","[141514900, 113156500]",6.183595428227821,False,1.3479,既有内部直连/支路顶点,1412e844-7852-4037-95fa-51501e5d818a;46f8e2de-354e-4237-8cd7-730ec38bbbd6,接入坐标、支路及回流优先；不新增蛇形来强制角度。必要例外不代表自动最优。
a078ae31-9bfd-42ee-86a8-e31e4e0f36ee,DIR_SELECT,F.Cu,"[149971600, 112721300]","[153877800, 111362800]",4.135688659703484,False,1.3585,既有内部直连/支路顶点,373872d5-29bf-4463-90e1-cd969ad818b8;dfb510fe-1c1a-49bf-8a60-b26f07b4b4cb;e1c6d4eb-194d-4588-98ed-b4e7294d344f,接入坐标、支路及回流优先；不新增蛇形来强制角度。必要例外不代表自动最优。
dfb510fe-1c1a-49bf-8a60-b26f07b4b4cb,DIR_SELECT,F.Cu,"[153877800, 111362800]","[158383800, 107950000]",5.6525427764856415,False,1.0932,既有内部直连/支路顶点,691ec38d-3441-436f-89ad-6c158ae7f876;a078ae31-9bfd-42ee-86a8-e31e4e0f36ee,接入坐标、支路及回流优先；不新增蛇形来强制角度。必要例外不代表自动最优。
e1c6d4eb-194d-4588-98ed-b4e7294d344f,DIR_SELECT,F.Cu,"[149971600, 112721300]","[149348500, 112098300]",0.8811257628738364,False,0.0001,既有内部直连/支路顶点,32c9d5bd-c906-4090-acff-9ecbed726387;373872d5-29bf-4463-90e1-cd969ad818b8;a078ae31-9bfd-42ee-86a8-e31e4e0f36ee,接入坐标、支路及回流优先；不新增蛇形来强制角度。必要例外不代表自动最优。
45900516-2645-4fa5-aeda-891ba13b0146,DIR_SELECT,B.Cu,"[146000000, 113325000]","[146937500, 113578500]",0.971168625934755,False,0.2535,过孔/焊盘短接入,82c5d4c1-0967-4fd6-8992-30321cb5e7db;R40.1,接入坐标、支路及回流优先；不新增蛇形来强制角度。必要例外不代表自动最优。
87f82c6e-d2b6-407e-b595-50270a28b7a7,+24V_FUSED,F.Cu,"[116500000, 79850000]","[111330000, 83000000]",6.054039973439224,False,2.02,过孔/焊盘短接入,D1.2;F1.2,接入坐标、支路及回流优先；不新增蛇形来强制角度。必要例外不代表自动最优。
02846238-5644-4d16-af67-8c3c3f14eb00,ALM_SELECT,F.Cu,"[148012900, 104714200]","[144043200, 102820500]",4.398251673108305,False,1.8937,过孔/焊盘短接入,43914d92-32b0-4954-a6ec-4404e23bd27b;d654779c-a87c-4457-bd11-36cf6694d4d5;fa57f416-84a1-4dee-8a5f-687478148d47,接入坐标、支路及回流优先；不新增蛇形来强制角度。必要例外不代表自动最优。
0444ac83-022d-4a99-a2cc-417670ac21b9,ALM_SELECT,F.Cu,"[159808900, 105439100]","[157640800, 105971700]",2.2325591526317954,False,0.5326,既有内部直连/支路顶点,6dbc53f8-390b-48f7-aed1-3e7d0656388a;f857aab7-da79-4a77-9a3a-67c975e9e6bb,接入坐标、支路及回流优先；不新增蛇形来强制角度。必要例外不代表自动最优。
378fe9db-5d55-4701-bd7a-8a872a363d22,ALM_SELECT,F.Cu,"[160840700, 105448300]","[160831500, 105439100]",0.013010764773832475,True,0.0,既有内部直连/支路顶点,f857aab7-da79-4a77-9a3a-67c975e9e6bb,接入坐标、支路及回流优先；不新增蛇形来强制角度。必要例外不代表自动最优。
65c7dbc5-9197-4ddd-80c0-127baa4869d5,ALM_SELECT,F.Cu,"[115088000, 94873000]","[115538000, 94473000]",0.6020797289396147,False,0.05,过孔/焊盘短接入,11225661-7184-4c29-969f-c480812d14c7;1f248863-2124-4b4c-8ea0-5ae6add8f382;68e8cc38-1f48-41c5-bbad-e66098851bb6;daa8bf89-8a9a-4058-99fc-1ec3641a0462,接入坐标、支路及回流优先；不新增蛇形来强制角度。必要例外不代表自动最优。
bb83d969-a98e-476d-9392-d32fcbb34d65,ALM_SELECT,F.Cu,"[156859700, 105971700]","[148792900, 106791400]",8.108339554434064,False,0.8197,过孔/焊盘短接入,336f592c-a901-4502-9339-6c4ec5486ad7;6dbc53f8-390b-48f7-aed1-3e7d0656388a,接入坐标、支路及回流优先；不新增蛇形来强制角度。必要例外不代表自动最优。
04628cd1-3f78-4956-990c-630bc4665298,ALM_SELECT,B.Cu,"[148012900, 104714200]","[148792800, 106791400]",2.2187843180444555,False,0.7799,过孔/焊盘短接入,336f592c-a901-4502-9339-6c4ec5486ad7;67738334-4aae-4c48-88b5-2ea43b4ed62b;d654779c-a87c-4457-bd11-36cf6694d4d5,接入坐标、支路及回流优先；不新增蛇形来强制角度。必要例外不代表自动最优。
2bb136dd-5712-41ed-83eb-9ad2e2baef05,ALM_SELECT,B.Cu,"[115063000, 95298000]","[115038000, 95073000]",0.2263846284534354,False,0.025,过孔/焊盘短接入,4f8d3252-b7b8-449c-ad84-5747f8525562;68e8cc38-1f48-41c5-bbad-e66098851bb6;8579aebf-c1e5-4ad7-9da0-40f1f5b2f01b,接入坐标、支路及回流优先；不新增蛇形来强制角度。必要例外不代表自动最优。
5f4a0e32-1c11-41c9-bde4-97fb2bf86be4,ALM_SELECT,B.Cu,"[144000000, 102863700]","[144043200, 102820500]",0.061094025894517706,True,0.0,过孔/焊盘短接入,43914d92-32b0-4954-a6ec-4404e23bd27b;78dbff25-07af-4fa3-9d10-cf3b00b326a7,接入坐标、支路及回流优先；不新增蛇形来强制角度。必要例外不代表自动最优。
67738334-4aae-4c48-88b5-2ea43b4ed62b,ALM_SELECT,B.Cu,"[148792800, 106791400]","[148792900, 106791400]",0.0001,True,0.0,既有内部直连/支路顶点,04628cd1-3f78-4956-990c-630bc4665298,接入坐标、支路及回流优先；不新增蛇形来强制角度。必要例外不代表自动最优。
98b33f73-4218-440c-aefa-00cda7abd839,ALM_SELECT,B.Cu,"[114888000, 94873000]","[114888000, 94923000]",0.05,True,0.0,过孔/焊盘短接入,68e8cc38-1f48-41c5-bbad-e66098851bb6;8579aebf-c1e5-4ad7-9da0-40f1f5b2f01b,接入坐标、支路及回流优先；不新增蛇形来强制角度。必要例外不代表自动最优。
27ed556a-2ec0-4302-95f7-a4e3182ddddc,LIM_LO_RET,B.Cu,"[149723000, 86521500]","[151225000, 87500000]",1.7926143617632877,False,0.5235,过孔/焊盘短接入,1cd9cdf5-c5bb-41fb-bbd7-4e683ab603b3;R7.2,接入坐标、支路及回流优先；不新增蛇形来强制角度。必要例外不代表自动最优。
be618632-bc9a-4dc6-b9bd-378bdeec4084,MOTOR_DIR_N,F.Cu,"[175482100, 117983800]","[187000000, 110500000]",13.735693752046162,False,4.0341,过孔/焊盘短接入,8673f0e5-8bdd-42d1-9d34-962612cf0ede;U19.1,接入坐标、支路及回流优先；不新增蛇形来强制角度。必要例外不代表自动最优。
163fca92-3fff-4845-9d00-b16614583c16,MOTOR_ENA_N,F.Cu,"[161897800, 122321100]","[159746700, 123976600]",2.7143897030456032,False,0.4956,既有内部直连/支路顶点,9353e8cb-64fa-4503-a7f8-7e8d42365fe1;d2f28bb8-e414-4e91-95a6-8ada19b3874c,接入坐标、支路及回流优先；不新增蛇形来强制角度。必要例外不代表自动最优。
89e85e3d-0b73-4c97-9c01-1baf771152f9,MOTOR_ENA_N,F.Cu,"[163555600, 120486500]","[162235600, 121983300]",1.9956979330550002,False,0.1768,既有内部直连/支路顶点,3840dd68-d4e6-4c13-8695-9088f6be07cb;d2f28bb8-e414-4e91-95a6-8ada19b3874c,接入坐标、支路及回流优先；不新增蛇形来强制角度。必要例外不代表自动最优。
a3562119-27b8-4e70-8cc3-70c86da36d0e,MOTOR_ENA_N,F.Cu,"[187000000, 100500000]","[184651100, 107537200]",7.418862112884968,False,2.3489,过孔/焊盘短接入,U19.3;ddec9a5e-4c25-403f-8c18-b38a8ef62337,接入坐标、支路及回流优先；不新增蛇形来强制角度。必要例外不代表自动最优。
ddec9a5e-4c25-403f-8c18-b38a8ef62337,MOTOR_ENA_N,F.Cu,"[184651100, 107537200]","[176205900, 116478000]",12.298752281430827,False,0.4956,既有内部直连/支路顶点,06294a89-e35e-4aac-91f4-f3d9f3bc10e1;a3562119-27b8-4e70-8cc3-70c86da36d0e,接入坐标、支路及回流优先；不新增蛇形来强制角度。必要例外不代表自动最优。
97a91b3f-6ed8-4b51-b8b7-ef33fa3c0472,MOTOR_ENA_N,B.Cu,"[134751900, 123310600]","[134823300, 123310600]",0.0714,True,0.0,过孔/焊盘短接入,2c8be6c5-6bed-4306-9026-4c2f975dbb79;57b96f4d-96ef-405d-bbd1-25f4b62ee7b3,接入坐标、支路及回流优先；不新增蛇形来强制角度。必要例外不代表自动最优。
7f9d2052-f9ce-43af-a721-fa0d216b242a,LIM_LC_RET,B.Cu,"[162400000, 87175000]","[164091900, 84847000]",2.877865460719107,False,0.6361,过孔/焊盘短接入,R10.2;cb0efa56-7da4-4203-9fa9-0a589e6fcc3c,接入坐标、支路及回流优先；不新增蛇形来强制角度。必要例外不代表自动最优。
ad79aaff-cba8-460e-bafc-ce1454c9fdd2,BTN_OPEN_SW,B.Cu,"[138000000, 129962500]","[136447300, 130819500]",1.7735067775455498,False,0.6957,过孔/焊盘短接入,46669bea-7c7f-4fdb-90f4-d0ccdae7216f;R21.1,接入坐标、支路及回流优先；不新增蛇形来强制角度。必要例外不代表自动最优。
509ce82a-a7e8-47c4-8379-dc1754d37cd2,HOLD_GATE,F.Cu,"[129502900, 118609900]","[133387900, 118609800]",3.8850000012870014,False,0.0001,过孔/焊盘短接入,0641b238-9b53-4a30-9fd9-012140e0366c;96d84407-35d6-420e-8cf3-2c87e90b3db5,接入坐标、支路及回流优先；不新增蛇形来强制角度。必要例外不代表自动最优。
dda435dc-847b-4e3b-9564-d77817764055,HOLD_GATE,F.Cu,"[143432500, 116124200]","[144130600, 116329500]",0.7276618033125004,False,0.2053,过孔/焊盘短接入,5ac27c80-0dd8-4f6b-83ab-a9beb0bac676;b5bd3ec5-5e8e-41dd-b111-8f61e70475c0,接入坐标、支路及回流优先；不新增蛇形来强制角度。必要例外不代表自动最优。
bebb3b3a-fc33-4e58-b3f0-85eb8de36293,HOLD_GATE,B.Cu,"[144825000, 114199000]","[142500000, 113325000]",2.4838480227260282,False,0.874,过孔/焊盘短接入,R39.1;c0690dff-4a2a-49a5-9254-53532c8b9c83,接入坐标、支路及回流优先；不新增蛇形来强制角度。必要例外不代表自动最优。
2b9ac736-d76f-45a9-8546-1957f6dae22c,DISABLE_GATE,B.Cu,"[129269900, 129084500]","[127778700, 127593400]",2.1088045547181467,False,0.0001,过孔/焊盘短接入,2a2cf577-6995-4198-aef1-d6cfe35f2cc0;b7914a54-3725-47fe-bed8-0b97721cc347;c00f7956-4493-4aca-b237-7b3f40d2d757;d0828845-9dab-4042-bb60-c9738633ea66,接入坐标、支路及回流优先；不新增蛇形来强制角度。必要例外不代表自动最优。
508689a9-51c4-4952-94f8-bcd27986129f,DISABLE_GATE,B.Cu,"[134193000, 126281700]","[134950000, 125937500]",0.8315784027979563,False,0.3442,过孔/焊盘短接入,Q3.1;d4e9833a-d6e5-4ac2-a2a5-7dc65cdddb55,接入坐标、支路及回流优先；不新增蛇形来强制角度。必要例外不代表自动最优。
8d8b205b-bdc6-4d2e-b20a-41549c356898,DISABLE_GATE,B.Cu,"[129028800, 130229300]","[129074800, 130319100]",0.10089618426878194,False,0.0438,既有内部直连/支路顶点,b7914a54-3725-47fe-bed8-0b97721cc347;da8b5ea3-2de3-474d-82f0-676efb495fce,接入坐标、支路及回流优先；不新增蛇形来强制角度。必要例外不代表自动最优。
b7914a54-3725-47fe-bed8-0b97721cc347,DISABLE_GATE,B.Cu,"[129028800, 130229300]","[129269900, 129084500]",1.1699129241101665,False,0.2411,过孔/焊盘短接入,2b9ac736-d76f-45a9-8546-1957f6dae22c;8d8b205b-bdc6-4d2e-b20a-41549c356898;c00f7956-4493-4aca-b237-7b3f40d2d757;d0828845-9dab-4042-bb60-c9738633ea66;da8b5ea3-2de3-474d-82f0-676efb495fce,接入坐标、支路及回流优先；不新增蛇形来强制角度。必要例外不代表自动最优。
da8b5ea3-2de3-474d-82f0-676efb495fce,DISABLE_GATE,B.Cu,"[128924000, 130901000]","[129074800, 130319100]",0.6011224916770291,False,0.1508,既有内部直连/支路顶点,8d8b205b-bdc6-4d2e-b20a-41549c356898;b7914a54-3725-47fe-bed8-0b97721cc347;bcaa0933-0914-4264-b8c8-2c44647990cb,接入坐标、支路及回流优先；不新增蛇形来强制角度。必要例外不代表自动最优。
619cad66-fc84-44e5-b685-bf1fbad86d59,FUNC_BTN_LED,B.Cu,"[168350600, 98119700]","[166169800, 95689600]",3.265160738769226,False,0.2493,既有内部直连/支路顶点,00f0c30f-f8e7-4585-974c-f845e355df49;104b06f0-fa8c-433f-afdc-8507e0cf6c74,接入坐标、支路及回流优先；不新增蛇形来强制角度。必要例外不代表自动最优。
6b03376d-3bf4-4550-a623-6ffdc13ccf77,FUNC_BTN_LED,B.Cu,"[166169800, 74292900]","[163983600, 71313000]",3.695845566308203,False,0.7937,既有内部直连/支路顶点,104b06f0-fa8c-433f-afdc-8507e0cf6c74;407444ef-3968-4353-8d18-eb63f839274b,接入坐标、支路及回流优先；不新增蛇形来强制角度。必要例外不代表自动最优。
b77136fe-b7b7-4a4b-bebb-4ee31d69d7ee,FUNC_BTN_LED,B.Cu,"[153100000, 75900000]","[153100000, 76000000]",0.1,True,0.0,过孔/焊盘短接入,D14.1;e3ea03f3-9adc-42ac-97c2-9aa75398e695,接入坐标、支路及回流优先；不新增蛇形来强制角度。必要例外不代表自动最优。
fe3d55b6-d062-4deb-819c-35bd02b788a3,FUNC_BTN_LED,B.Cu,"[170824100, 99447100]","[169272800, 99041900]",1.6033461042457429,False,0.4052,过孔/焊盘短接入,00f0c30f-f8e7-4585-974c-f845e355df49;68bd94aa-9f48-4a60-ba38-a0084576cb9c,接入坐标、支路及回流优先；不新增蛇形来强制角度。必要例外不代表自动最优。
ce31d31e-cd03-485a-93de-6b1a98834719,LIM_RO,B.Cu,"[148087000, 96783200]","[148628700, 97217100]",0.694051943301076,False,0.1078,既有内部直连/支路顶点,d1772d4c-48db-4d2d-8055-b1871a48d95c;d49f6ec7-8ea4-4192-a3d7-cd171329f94b,接入坐标、支路及回流优先；不新增蛇形来强制角度。必要例外不代表自动最优。
e6c5252d-341e-4ed7-8d21-065812a7ca5f,LIM_LC,F.Cu,"[140695200, 97747500]","[140320000, 98889900]",1.2024361937333723,False,0.3752,过孔/焊盘短接入,80a7af05-702f-4fd8-8b65-3c31e28168fc;d1dc75ff-f6bf-49b9-8412-b9e3a0be7ccb,接入坐标、支路及回流优先；不新增蛇形来强制角度。必要例外不代表自动最优。
94ec80d5-14ce-4bbc-998b-38fed5d545a4,LIM_LC,B.Cu,"[124838600, 109270000]","[121905000, 112000000]",4.007356854586325,False,0.2036,过孔/焊盘短接入,2777603f-8176-4caa-b132-28ad8cfb095b;2ab238cc-a0ce-4de8-9aa8-e8a7f56e7ac4;R11.2,接入坐标、支路及回流优先；不新增蛇形来强制角度。必要例外不代表自动最优。
b63f510a-29ed-45c1-80c0-fa43e5bb5e75,LIM_LC,B.Cu,"[140695200, 97747500]","[141897900, 97043200]",1.393745234969433,False,0.4984,过孔/焊盘短接入,d1dc75ff-f6bf-49b9-8412-b9e3a0be7ccb;fcdf8324-d730-4202-ba50-a63f59c54b4c,接入坐标、支路及回流优先；不新增蛇形来强制角度。必要例外不代表自动最优。
2ab359cd-56d1-4348-9901-08a4b0bc46ad,FUNC_BTN_RAW_N,F.Cu,"[169101400, 104460400]","[169091900, 104460400]",0.0095,True,0.0,既有内部直连/支路顶点,65ddc5d7-1360-42e1-a405-9ddea2c07e6a,接入坐标、支路及回流优先；不新增蛇形来强制角度。必要例外不代表自动最优。
1bc3b52b-f7e2-4c36-9f44-a968aa2e2ffe,FUNC_BTN_RAW_N,B.Cu,"[165718100, 96082900]","[167898900, 98306800]",3.114742340868663,False,0.0431,既有内部直连/支路顶点,07953415-976c-496a-a344-936a0c1fed4b;7ddbbd5d-2e68-4ee3-a0b1-931985eaf2d4,接入坐标、支路及回流优先；不新增蛇形来强制角度。必要例外不代表自动最优。
474ad001-f33b-489a-be61-eff7f3f53c47,FUNC_BTN_RAW_N,B.Cu,"[169085700, 99493600]","[170070200, 100186600]",1.2039473618061547,False,0.2915,过孔/焊盘短接入,07953415-976c-496a-a344-936a0c1fed4b;495b1b81-b481-4738-a8e0-c610d1ba7e77,接入坐标、支路及回流优先；不新增蛇形来强制角度。必要例外不代表自动最优。
4df46374-1d2a-4c9f-b33e-983becfa8658,FUNC_BTN_RAW_N,B.Cu,"[169091900, 111538600]","[171450000, 112270000]",2.468923160003162,False,0.7314,过孔/焊盘短接入,3da2a5ce-46f1-4539-b3b7-0c7b5b09b0c2;U43.4,接入坐标、支路及回流优先；不新增蛇形来强制角度。必要例外不代表自动最优。
90073c5e-468a-4879-9161-17953e1b7f42,FUNC_BTN_RAW_N,B.Cu,"[164000000, 82275000]","[163506600, 80891400]",1.4689426537479262,False,0.4934,过孔/焊盘短接入,7c0414a4-00d1-4c8a-826d-180e22be8f9b;7f68046c-7f14-494e-bbfa-5345cc9a48d0;R49.2,接入坐标、支路及回流优先；不新增蛇形来强制角度。必要例外不代表自动最优。
0cf943c2-8983-4a62-8464-5e7ec36f9330,ESTOP_INTERLOCK,F.Cu,"[137100000, 105500000]","[137145000, 105500000]",0.045,True,0.0,既有内部直连/支路顶点,0914736d-b2b8-4dac-ae0e-ba61fbf08215;a90f09d5-44d3-4b60-87e9-0fc3ab861248,接入坐标、支路及回流优先；不新增蛇形来强制角度。必要例外不代表自动最优。
2fd40fcc-7cca-4aec-9e90-c347abb9c0e9,ESTOP_INTERLOCK,F.Cu,"[135240000, 101054800]","[138184700, 101575700]",2.9904171782545657,False,0.5209,过孔/焊盘短接入,55f8cd80-0a07-4b81-b4b4-410ff315330b;6e4fb3ed-5021-4184-a81a-4959efcbe638;d664ee23-8377-4403-bd5b-147bacaefc84,接入坐标、支路及回流优先；不新增蛇形来强制角度。必要例外不代表自动最优。
4a12293e-1986-4483-a720-fcc452b682df,ESTOP_INTERLOCK,F.Cu,"[115700000, 109800000]","[120900000, 110800000]",5.295280917949491,False,1.0,过孔/焊盘短接入,856ce254-067e-4f65-92b7-cede3cf1d6b7;cb5c01d2-5036-4380-8ab1-c63e7380a21c,接入坐标、支路及回流优先；不新增蛇形来强制角度。必要例外不代表自动最优。
73f1331f-aa8b-480d-b387-176aa722c111,ESTOP_INTERLOCK,F.Cu,"[149585400, 101349400]","[149542600, 101306600]",0.06052834046956847,True,0.0,既有内部直连/支路顶点,52fe7197-fe8d-4e68-a108-6ed945b62449;6023239c-79ca-4af4-9213-0fb313246f6f,接入坐标、支路及回流优先；不新增蛇形来强制角度。必要例外不代表自动最优。
7d985dd1-e5a2-49a9-b0ee-f5cb83b41218,ESTOP_INTERLOCK,F.Cu,"[122188400, 116092600]","[117601500, 119274300]",5.582371046428211,False,1.4052,既有内部直连/支路顶点,d17d086e-090c-40b5-9605-091d5debf55a;dbc68e5a-06f4-4267-8daa-d00f31d9c1f3;f4e20a9d-449f-4952-9e8e-9e760b96a393,接入坐标、支路及回流优先；不新增蛇形来强制角度。必要例外不代表自动最优。
a90f09d5-44d3-4b60-87e9-0fc3ab861248,ESTOP_INTERLOCK,F.Cu,"[137000000, 105400000]","[137100000, 105500000]",0.14142135623730953,True,0.0,过孔/焊盘短接入,0914736d-b2b8-4dac-ae0e-ba61fbf08215;0cf943c2-8983-4a62-8464-5e7ec36f9330;277d63f8-3572-4fc0-836c-724874750bd0,接入坐标、支路及回流优先；不新增蛇形来强制角度。必要例外不代表自动最优。
d17d086e-090c-40b5-9605-091d5debf55a,ESTOP_INTERLOCK,F.Cu,"[122400000, 118500000]","[122188400, 116092600]",2.416681468460417,False,0.2116,过孔/焊盘短接入,63dd20e4-676d-4836-8644-2322b8e1531d;7d985dd1-e5a2-49a9-b0ee-f5cb83b41218;f4e20a9d-449f-4952-9e8e-9e760b96a393,接入坐标、支路及回流优先；不新增蛇形来强制角度。必要例外不代表自动最优。
f4e20a9d-449f-4952-9e8e-9e760b96a393,ESTOP_INTERLOCK,F.Cu,"[120100000, 116100000]","[123000000, 118500000]",3.7643060449437424,False,0.5,过孔/焊盘短接入,42be7dfb-cf42-4636-96d9-de3987446793;7d985dd1-e5a2-49a9-b0ee-f5cb83b41218;94a5319c-8850-4162-b5a1-e10e3421c036;d17d086e-090c-40b5-9605-091d5debf55a;f83279cf-09a9-4887-96cf-9cc663d1e316,接入坐标、支路及回流优先；不新增蛇形来强制角度。必要例外不代表自动最优。
f52d9787-e62d-4102-bade-ff3aa79dcfbe,ESTOP_INTERLOCK,F.Cu,"[150377600, 100333600]","[150414300, 100370300]",0.05190163773909259,True,0.0,过孔/焊盘短接入,0bc657d5-0e40-46a9-948f-b529f3ff411b;fb5fdd29-f70f-42f9-8c14-605ead3d766b,接入坐标、支路及回流优先；不新增蛇形来强制角度。必要例外不代表自动最优。
f83279cf-09a9-4887-96cf-9cc663d1e316,ESTOP_INTERLOCK,F.Cu,"[123005000, 118460769]","[123000000, 118500000]",0.039548342076501763,False,0.005,既有内部直连/支路顶点,f4e20a9d-449f-4952-9e8e-9e760b96a393,接入坐标、支路及回流优先；不新增蛇形来强制角度。必要例外不代表自动最优。
58b14fcf-6452-433c-8870-5653c05d4517,ESTOP_INTERLOCK,B.Cu,"[115700000, 109800000]","[116400000, 112400000]",2.6925824035672523,False,0.7,过孔/焊盘短接入,65283ed9-5616-47c8-9f32-7ba2ebfa940a;856ce254-067e-4f65-92b7-cede3cf1d6b7,接入坐标、支路及回流优先；不新增蛇形来强制角度。必要例外不代表自动最优。
61d70cfb-f66d-4f8b-bf51-002364685a44,ESTOP_INTERLOCK,B.Cu,"[112463000, 127383700]","[112463000, 127257900]",0.1258,True,0.0,过孔/焊盘短接入,f2097245-057e-489f-b91d-a0aff627360d;fb117fa5-abdc-47dc-8a3c-116289365bdc,接入坐标、支路及回流优先；不新增蛇形来强制角度。必要例外不代表自动最优。
a2ba7cc8-b4cd-4e6f-8a5d-3e88cc686a4e,ESTOP_INTERLOCK,B.Cu,"[120900000, 110800000]","[125400000, 106200000]",6.435060217278467,False,0.1,过孔/焊盘短接入,0624bc07-e0f8-496c-9ae1-49e442ebffbb;cb5c01d2-5036-4380-8ab1-c63e7380a21c,接入坐标、支路及回流优先；不新增蛇形来强制角度。必要例外不代表自动最优。
c42b6c8e-4fad-4e7d-a192-492c20a572a5,ESTOP_INTERLOCK,B.Cu,"[122405000, 119500000]","[123005000, 118460769]",1.2000004464003338,False,0.439231,过孔/焊盘短接入,42be7dfb-cf42-4636-96d9-de3987446793;R37.1;a7ed8623-b896-49de-bd9c-4cdeaf4027b4,接入坐标、支路及回流优先；不新增蛇形来强制角度。必要例外不代表自动最优。
f2097245-057e-489f-b91d-a0aff627360d,ESTOP_INTERLOCK,B.Cu,"[112463000, 127383700]","[110450000, 127770000]",2.0497308823355325,False,0.3863,过孔/焊盘短接入,61d70cfb-f66d-4f8b-bf51-002364685a44;U28.4;fb117fa5-abdc-47dc-8a3c-116289365bdc,接入坐标、支路及回流优先；不新增蛇形来强制角度。必要例外不代表自动最优。
a6e3c781-0101-4f34-9e39-29b925b61260,LIM_LO,F.Cu,"[121394300, 101758300]","[123174700, 101846500]",1.7825833500849266,False,0.0882,过孔/焊盘短接入,1cb53d58-db7d-4c76-9cbf-cf37cc7cfeca;8c3dbb52-63d2-479e-a607-63ef0683f5ff;a13f51a0-f669-45a5-a017-56362114a972,接入坐标、支路及回流优先；不新增蛇形来强制角度。必要例外不代表自动最优。
3cbc15a7-e377-4e53-83cc-19f70cfb1021,LIM_LO,B.Cu,"[134927800, 104834900]","[134527500, 103684400]",1.2181503765955992,False,0.4003,过孔/焊盘短接入,1d1e9b60-3f1b-4854-9c5c-134ca559d5b7;44877456-671c-4b49-a6c4-06fe6d944e3f,接入坐标、支路及回流优先；不新增蛇形来强制角度。必要例外不代表自动最优。
bd48aa86-baeb-458d-9c17-fa0ca7530592,LIM_LO,B.Cu,"[121181800, 101970800]","[116841600, 104066600]",4.81972132804377,False,2.0958,过孔/焊盘短接入,0c30a01b-afcc-4026-a6a6-f12f2f978755;5d84690f-a596-4ba8-a287-1da5a9976c21;a13f51a0-f669-45a5-a017-56362114a972,接入坐标、支路及回流优先；不新增蛇形来强制角度。必要例外不代表自动最优。
d68032fe-0f70-44a1-825b-4718bfd4f188,RUN_CLR_N,F.Cu,"[173615800, 96459600]","[173689500, 96533300]",0.1042275395468971,True,0.0,既有内部直连/支路顶点,9e418840-51ff-4df0-a812-283e5e6114f4;a1c88f06-1db0-4374-8b85-03fd80773c3d,接入坐标、支路及回流优先；不新增蛇形来强制角度。必要例外不代表自动最优。
ae23aee9-179e-4bc5-b5bd-5f25dbce6180,RUN_CLR_N,B.Cu,"[181388000, 96648000]","[181888000, 95648000]",1.1180339887498947,False,0.5,过孔/焊盘短接入,36664775-c26a-4caa-8979-738ed6ba31f2;5934a2b8-4761-4b79-8d27-27d0f951e019,接入坐标、支路及回流优先；不新增蛇形来强制角度。必要例外不代表自动最优。
033bf867-85d9-4ff0-af5b-cd14b34cc045,ARM_CLK,F.Cu,"[169291000, 95953300]","[165955600, 93788000]",3.9766087625010336,False,1.1701,既有内部直连/支路顶点,c49aaace-b2a7-4257-8a26-d6c0c5a833e3;f45c5402-d3db-4fbe-8d63-92dd79f4d323,接入坐标、支路及回流优先；不新增蛇形来强制角度。必要例外不代表自动最优。
1df7fa3e-34f9-445c-8e63-27d969f471a2,ARM_CLK,F.Cu,"[122400000, 97100000]","[134900000, 97200000]",12.500399993600205,False,0.1,既有内部直连/支路顶点,7c9a9467-a376-4ef9-95fa-c13c3b5b831f;c731542b-03b8-4d01-9faa-444a5bcee5e2,接入坐标、支路及回流优先；不新增蛇形来强制角度。必要例外不代表自动最优。
336e4919-3e95-4d48-a9ef-819a0cce0021,ARM_CLK,F.Cu,"[117000000, 111100000]","[111100000, 108900000]",6.296824596572466,False,2.2,过孔/焊盘短接入,3ae21663-df56-4a83-8b14-2232d9e0cb73;4b78b880-4341-4bf8-9817-57ef7df8ad5b,接入坐标、支路及回流优先；不新增蛇形来强制角度。必要例外不代表自动最优。
abdef689-f5c2-41a5-82d1-b39da2025be8,ARM_CLK,F.Cu,"[153441200, 91172200]","[152819500, 91393800]",0.6600132195645781,False,0.2216,既有内部直连/支路顶点,54cda8f6-35fc-45e3-a12a-c57651058af0;aa465651-64cc-48e6-8d18-7c56de8e0ba7,接入坐标、支路及回流优先；不新增蛇形来强制角度。必要例外不代表自动最优。
ce1d31aa-fcf8-47eb-a9ad-0c54bf0a56df,ARM_CLK,F.Cu,"[132100000, 117900000]","[132199999, 118000000]",0.1414206491322961,False,1e-06,过孔/焊盘短接入,3957f512-7bcf-4a1f-b228-177d04abae13;52cf6921-6434-41da-97f3-cd9d4993fa41;8cc08991-bb6b-43a7-b1f4-a22013f3f138;fd589374-f68e-4208-8554-02b2e9cf0a11,接入坐标、支路及回流优先；不新增蛇形来强制角度。必要例外不代表自动最优。
fd589374-f68e-4208-8554-02b2e9cf0a11,ARM_CLK,F.Cu,"[132199999, 118000000]","[132156900, 118033200]",0.05440371127965444,False,0.009899,过孔/焊盘短接入,3957f512-7bcf-4a1f-b228-177d04abae13;52cf6921-6434-41da-97f3-cd9d4993fa41;8cc08991-bb6b-43a7-b1f4-a22013f3f138;ce1d31aa-fcf8-47eb-a9ad-0c54bf0a56df,接入坐标、支路及回流优先；不新增蛇形来强制角度。必要例外不代表自动最优。
24537653-befa-4fd6-8c7d-38b7755f16dc,ARM_CLK,B.Cu,"[111100000, 108900000]","[111900000, 103800000]",5.162363799656123,False,0.8,过孔/焊盘短接入,3ae21663-df56-4a83-8b14-2232d9e0cb73;933af534-1a88-4e7c-b610-2b14dcd08124,接入坐标、支路及回流优先；不新增蛇形来强制角度。必要例外不代表自动最优。
26520163-dd1b-4a5a-bfe9-305592c29e35,ARM_CLK,B.Cu,"[132175000, 118051300]","[132156900, 118033200]",0.02559726547895302,True,0.0,过孔/焊盘短接入,52cf6921-6434-41da-97f3-cd9d4993fa41;85f29c9c-712c-4df4-98bb-3a50c1b73441,接入坐标、支路及回流优先；不新增蛇形来强制角度。必要例外不代表自动最优。
46213ad7-4e52-4952-a89c-f1dba5ea97a1,ARM_CLK,B.Cu,"[123825000, 117500000]","[125074200, 118184700]",1.424540181953461,False,0.5645,过孔/焊盘短接入,R5.2;b90ba0ff-8731-40a1-925a-d9ab304d1c01,接入坐标、支路及回流优先；不新增蛇形来强制角度。必要例外不代表自动最优。
a533fc7b-969c-4528-87cf-369c02db8603,ARM_CLK,B.Cu,"[117000000, 111100000]","[117100000, 111100000]",0.1,True,0.0,过孔/焊盘短接入,4b78b880-4341-4bf8-9817-57ef7df8ad5b;800b6c77-d06c-477b-ac82-7266db7e7e11,接入坐标、支路及回流优先；不新增蛇形来强制角度。必要例外不代表自动最优。
1ee72612-feb6-4b2a-a151-868afbc02ddf,RUN_LATCH_Q,F.Cu,"[143288000, 96123000]","[142988000, 95448000]",0.7386643351347079,False,0.3,既有内部直连/支路顶点,6872ff9e-273b-44fa-9995-4240c93a623a;94af1318-7f01-4ba2-9845-94f2139b0594,接入坐标、支路及回流优先；不新增蛇形来强制角度。必要例外不代表自动最优。
1f332cc4-834a-4d8f-8117-bafd281aca16,RUN_LATCH_Q,F.Cu,"[142638000, 95198000]","[140288000, 95223000]",2.350132974961204,False,0.025,既有内部直连/支路顶点,6872ff9e-273b-44fa-9995-4240c93a623a;dc9189f3-0ec3-4ac6-ae13-22b252141f01,接入坐标、支路及回流优先；不新增蛇形来强制角度。必要例外不代表自动最优。
2d33d360-6b37-4207-9304-d74cfa428a22,RUN_LATCH_Q,F.Cu,"[139963000, 95523000]","[139413000, 96148000]",0.8325412902673356,False,0.075,既有内部直连/支路顶点,95597d22-5459-45d5-a0ca-a487a3dfac36;dc9189f3-0ec3-4ac6-ae13-22b252141f01,接入坐标、支路及回流优先；不新增蛇形来强制角度。必要例外不代表自动最优。
3d07b21f-129e-49f9-8f92-638897e0a02f,RUN_LATCH_Q,F.Cu,"[147205100, 97337500]","[148389800, 97793800]",1.2695368368030917,False,0.4563,过孔/焊盘短接入,a6e9a6dc-e16d-44fb-927a-8116b2e0ca26;f2664df7-5e2a-4895-8e42-e68562476173,接入坐标、支路及回流优先；不新增蛇形来强制角度。必要例外不代表自动最优。
6872ff9e-273b-44fa-9995-4240c93a623a,RUN_LATCH_Q,F.Cu,"[142988000, 95448000]","[142638000, 95198000]",0.4301162633521314,False,0.1,既有内部直连/支路顶点,1ee72612-feb6-4b2a-a151-868afbc02ddf;1f332cc4-834a-4d8f-8117-bafd281aca16,接入坐标、支路及回流优先；不新增蛇形来强制角度。必要例外不代表自动最优。
7c648b3e-cd7a-4fd1-afff-109cd8708d80,RUN_LATCH_Q,F.Cu,"[147244300, 111284000]","[150089500, 111062200]",2.853832209503565,False,0.2218,过孔/焊盘短接入,508f1e73-9c31-4811-999d-cc491736555f;7a170401-da95-4a95-964b-2fac7781149f,接入坐标、支路及回流优先；不新增蛇形来强制角度。必要例外不代表自动最优。
95597d22-5459-45d5-a0ca-a487a3dfac36,RUN_LATCH_Q,F.Cu,"[139413000, 96148000]","[137288000, 96173000]",2.1251470537353407,False,0.025,过孔/焊盘短接入,2d33d360-6b37-4207-9304-d74cfa428a22;ea7c0f80-5a7d-4e6d-8efa-9549da136b29,接入坐标、支路及回流优先；不新增蛇形来强制角度。必要例外不代表自动最优。
dc9189f3-0ec3-4ac6-ae13-22b252141f01,RUN_LATCH_Q,F.Cu,"[140288000, 95223000]","[139963000, 95523000]",0.4422951503238533,False,0.025,既有内部直连/支路顶点,1f332cc4-834a-4d8f-8117-bafd281aca16;2d33d360-6b37-4207-9304-d74cfa428a22,接入坐标、支路及回流优先；不新增蛇形来强制角度。必要例外不代表自动最优。
29d629c0-edd3-448b-83cb-40814124b287,RUN_LATCH_Q,B.Cu,"[148389800, 97793800]","[148424300, 97828300]",0.04879036790187178,True,0.0,过孔/焊盘短接入,2d49bdef-a847-4f31-b16b-074eee32cf56;a6e9a6dc-e16d-44fb-927a-8116b2e0ca26,接入坐标、支路及回流优先；不新增蛇形来强制角度。必要例外不代表自动最优。
6943b36b-c20d-45f2-9a39-0b78c3ad162d,RUN_LATCH_Q,B.Cu,"[147244300, 112978900]","[148866800, 115052400]",2.63285178086424,False,0.451,既有内部直连/支路顶点,cd7304af-1cde-434d-93f8-ab67437a62ac;d0cd2498-81be-4da9-a02e-53b326981d20;eea4a1af-dfa4-4c32-bfb5-49df7beb9a70,接入坐标、支路及回流优先；不新增蛇形来强制角度。必要例外不代表自动最优。
cd7304af-1cde-434d-93f8-ab67437a62ac,RUN_LATCH_Q,B.Cu,"[147500000, 116825000]","[148866800, 115052400]",2.238359443878485,False,0.4058,过孔/焊盘短接入,6943b36b-c20d-45f2-9a39-0b78c3ad162d;R43.1;eea4a1af-dfa4-4c32-bfb5-49df7beb9a70,接入坐标、支路及回流优先；不新增蛇形来强制角度。必要例外不代表自动最优。
e05d2a64-5c9b-4b26-8550-02f9172f0bbb,LIM_LC_LED,F.Cu,"[119012600, 101778500]","[119012700, 101778500]",0.0001,True,0.0,既有内部直连/支路顶点,e2fe06d0-12be-4dcb-aad6-7681136bc8c1,接入坐标、支路及回流优先；不新增蛇形来强制角度。必要例外不代表自动最优。
bd4a8229-62ae-4016-9de3-99b8b2743d54,LIM_LC_LED,B.Cu,"[118995700, 101761600]","[119012600, 101778500]",0.023900209204105308,True,0.0,既有内部直连/支路顶点,68c21ca5-1a75-4742-b485-245fd7f27cc5,接入坐标、支路及回流优先；不新增蛇形来强制角度。必要例外不代表自动最优。
f98326a5-a358-42b1-94b8-55a01c063610,LIM_LC_LED,B.Cu,"[157350000, 89500000]","[155572100, 88368000]",2.1076888788433648,False,0.6459,过孔/焊盘短接入,8ef25b56-b6eb-4821-b46e-5e36659690c8;D4.1;cffaf7bb-6fb9-4d86-a2cb-8361ea6a25b3,接入坐标、支路及回流优先；不新增蛇形来强制角度。必要例外不代表自动最优。
3c448af5-fdc6-41c7-9902-54891a57ecc5,PUL_GATED,F.Cu,"[183400000, 91300000]","[179300000, 90200000]",4.244997055358224,False,1.1,过孔/焊盘短接入,2e66bedc-bc4b-4fb5-8f74-5f766b689e73;3f06dea5-4264-4604-9484-25478c82a54b,接入坐标、支路及回流优先；不新增蛇形来强制角度。必要例外不代表自动最优。
1da88024-b2b0-4670-996e-db41cc965cde,PUL_GATED,B.Cu,"[183700000, 102100000]","[182700000, 103300000]",1.5620499351813308,False,0.2,既有内部直连/支路顶点,a1301171-90b1-488e-9782-2742c05b2bcf;d4c5fd1b-ec1a-41c2-9571-d62856ab422d,接入坐标、支路及回流优先；不新增蛇形来强制角度。必要例外不代表自动最优。
7f52372f-71b8-47fe-b598-2af2c347cabd,STEP_GATE,F.Cu,"[180300000, 86100000]","[179300000, 86400000]",1.044030650891055,False,0.3,过孔/焊盘短接入,15c03822-3d24-4d40-bfc7-312bbea14128;64891e41-e098-4220-880b-a1c089a8d7ce;fb959d61-b108-4d70-8b5d-cc8ee88723da,接入坐标、支路及回流优先；不新增蛇形来强制角度。必要例外不代表自动最优。
60db52a0-f409-4f40-afe0-3c8b1d339b96,CTRL5_N,F.Cu,"[121400000, 108500000]","[123500000, 111500000]",3.661966684720111,False,0.9,过孔/焊盘短接入,5c332b1b-94eb-4cf5-ba8a-2353bc9abd57;c5129b17-ba17-42bb-bad2-fc48d9307a95,接入坐标、支路及回流优先；不新增蛇形来强制角度。必要例外不代表自动最优。
a274d8fc-4086-4703-8c81-9b194b1a1709,CTRL5_N,F.Cu,"[124400000, 103900000]","[127600000, 102800000]",3.383784863137726,False,1.1,过孔/焊盘短接入,74f7546e-a2eb-49a7-a9bc-277cba74ca5e;8ff97ccf-ae87-44fd-93de-16375cb05ef5,接入坐标、支路及回流优先；不新增蛇形来强制角度。必要例外不代表自动最优。
aa14a126-7208-435b-b148-8eae2a0239d2,CTRL5_N,F.Cu,"[123700000, 93800000]","[126700000, 96500000]",4.036087214122113,False,0.3,过孔/焊盘短接入,4db627ed-3dc9-4f4d-bd5b-62581b9e29c1;7fd5fd1a-3475-4ede-bc05-78af5c65baad,接入坐标、支路及回流优先；不新增蛇形来强制角度。必要例外不代表自动最优。
48e3cb89-de2e-4c95-ab35-a32f41999db2,CTRL5_N,B.Cu,"[123700000, 93800000]","[123350000, 90637500]",3.1818086444662255,False,0.35,过孔/焊盘短接入,4db627ed-3dc9-4f4d-bd5b-62581b9e29c1;U42.10,接入坐标、支路及回流优先；不新增蛇形来强制角度。必要例外不代表自动最优。
4f637254-6c37-4a7b-b1d6-b24d41d80c80,CTRL5_N,B.Cu,"[128400000, 115800000]","[128500000, 115700000]",0.14142135623730953,True,0.0,过孔/焊盘短接入,196b7a32-70fc-4688-9108-039b5fa732c4;b861836e-ac73-4ab8-8300-e91b04620754;c2c8b533-97c4-4f6a-b22f-7e7139e147c6,接入坐标、支路及回流优先；不新增蛇形来强制角度。必要例外不代表自动最优。
b861836e-ac73-4ab8-8300-e91b04620754,CTRL5_N,B.Cu,"[128500000, 115700000]","[128600000, 115700000]",0.1,True,0.0,过孔/焊盘短接入,196b7a32-70fc-4688-9108-039b5fa732c4;4f637254-6c37-4a7b-b1d6-b24d41d80c80;c2c8b533-97c4-4f6a-b22f-7e7139e147c6,接入坐标、支路及回流优先；不新增蛇形来强制角度。必要例外不代表自动最优。
c2c8b533-97c4-4f6a-b22f-7e7139e147c6,CTRL5_N,B.Cu,"[128900000, 115500000]","[128600000, 115700000]",0.3605551275463989,False,0.1,过孔/焊盘短接入,196b7a32-70fc-4688-9108-039b5fa732c4;4f637254-6c37-4a7b-b1d6-b24d41d80c80;Q7.1;b861836e-ac73-4ab8-8300-e91b04620754,接入坐标、支路及回流优先；不新增蛇形来强制角度。必要例外不代表自动最优。
ef88283b-1ba4-4e6a-9a33-a2aa0860ffdd,CTRL5_N,B.Cu,"[127700000, 102700000]","[127600000, 102800000]",0.14142135623730953,True,0.0,过孔/焊盘短接入,74f7546e-a2eb-49a7-a9bc-277cba74ca5e;fe1b268f-f285-4312-9b4c-2339fa59369a,接入坐标、支路及回流优先；不新增蛇形来强制角度。必要例外不代表自动最优。
1e50d749-443c-4e94-aafa-77d2707f2183,POR_RAW_N,F.Cu,"[155301600, 126289100]","[148100000, 127700000]",7.338506753420616,False,1.4109,过孔/焊盘短接入,23a116c7-3084-49c3-ac7a-0e56504b3628;589de6e8-5deb-441e-83ca-5f555fa20cdf;b68b9bec-719f-4530-84fa-5ac0c4ef653e;dae26155-42f4-4e8e-9101-3511b2ca6488,接入坐标、支路及回流优先；不新增蛇形来强制角度。必要例外不代表自动最优。
2c8f5675-9a41-4e48-ae6f-4a53b30be624,POR_RAW_N,F.Cu,"[147200000, 129800000]","[149100000, 131699999]",2.6870050614021923,False,1e-06,过孔/焊盘短接入,3f88064d-3d78-4e06-9d1d-c91e276c076c;cae269a0-48e2-40a3-ba67-27652fb176a3,接入坐标、支路及回流优先；不新增蛇形来强制角度。必要例外不代表自动最优。
3e899442-92c4-4528-b567-2955f1faad5b,POR_RAW_N,F.Cu,"[122757900, 97666000]","[122380700, 99077600]",1.4611277835973142,False,0.3772,过孔/焊盘短接入,cce3eb26-e2d3-4a2f-95fc-97b987cd33d6;db750628-6caf-4656-892d-91d53c55f139,接入坐标、支路及回流优先；不新增蛇形来强制角度。必要例外不代表自动最优。
589de6e8-5deb-441e-83ca-5f555fa20cdf,POR_RAW_N,F.Cu,"[148100000, 127700000]","[148000000, 127800000]",0.14142135623730953,True,0.0,过孔/焊盘短接入,1e50d749-443c-4e94-aafa-77d2707f2183;dae26155-42f4-4e8e-9101-3511b2ca6488,接入坐标、支路及回流优先；不新增蛇形来强制角度。必要例外不代表自动最优。
24001044-4367-43c6-acdc-fe6800173884,POR_RAW_N,B.Cu,"[156500000, 133199999]","[159000000, 130800000]",3.465543997700938,False,0.100001,过孔/焊盘短接入,5b7182b1-5e24-4ba9-ae86-d9fa832c2e6c;8e4d5b66-3fe7-4f8b-912a-15caf4627a54,接入坐标、支路及回流优先；不新增蛇形来强制角度。必要例外不代表自动最优。
588f0903-945f-4280-9d53-389e1bdf0086,POR_RAW_N,B.Cu,"[148000000, 127800000]","[147200000, 129800000]",2.1540659228538015,False,0.8,过孔/焊盘短接入,cae269a0-48e2-40a3-ba67-27652fb176a3;dae26155-42f4-4e8e-9101-3511b2ca6488,接入坐标、支路及回流优先；不新增蛇形来强制角度。必要例外不代表自动最优。
860bb6e0-48cc-4c71-b1ac-0d3aac9e9844,POR_RAW_N,B.Cu,"[143893900, 116948500]","[145237300, 118135700]",1.7928099174201375,False,0.1562,既有内部直连/支路顶点,6c04d3b8-8a3e-44f2-937f-1f5d8179f1e6;e679911e-0926-46b2-a2f5-dd7084e43a3d,接入坐标、支路及回流优先；不新增蛇形来强制角度。必要例外不代表自动最优。
404086f0-f9ac-42a7-80c1-c6aed9e30364,LIM_RO_LED,F.Cu,"[160793200, 107496000]","[163221100, 105570800]",3.0985631266766216,False,0.5027,既有内部直连/支路顶点,38838868-2683-441b-b0ad-f3475bdb9b29;4a6106dc-bbb9-4aff-95bd-f7f929219771,接入坐标、支路及回流优先；不新增蛇形来强制角度。必要例外不代表自动最优。
60180e12-5da0-4b59-aa71-fd0631e74821,LIM_RO_LED,F.Cu,"[178443000, 92232000]","[177007900, 92591800]",1.4795161540179276,False,0.3598,过孔/焊盘短接入,3b1b4d24-efcb-4232-9136-f25da83d4062;bd1b98cc-3498-414d-8984-a928d0957414;e0cb071b-3f8c-4768-bfa2-653ea619dede;ee767b3d-8d7f-48c9-ab4f-b1dccc57fbed,接入坐标、支路及回流优先；不新增蛇形来强制角度。必要例外不代表自动最优。
e36c9a9a-8795-44ba-9815-6a8381404f00,LIM_RO_LED,F.Cu,"[153729800, 110872000]","[158119400, 107496000]",5.537685812683851,False,1.0136,既有内部直连/支路顶点,4a6106dc-bbb9-4aff-95bd-f7f929219771;e1275403-9ad4-4962-9f72-d3e8bf024454,接入坐标、支路及回流优先；不新增蛇形来强制角度。必要例外不代表自动最优。
01722ca3-3fd7-46d8-9eb2-91cbbf31b125,LIM_RO_LED,B.Cu,"[185350000, 92034200]","[185310600, 92073600]",0.055720014357499945,True,0.0,过孔/焊盘短接入,1dbabe37-5fc4-4a70-9f38-7b1aee857678;a275dacb-c1f3-4c6c-ace1-cf7fa58bb780,接入坐标、支路及回流优先；不新增蛇形来强制角度。必要例外不代表自动最优。
2e53b4f4-8814-4494-8e96-cb21f849337b,LIM_RC_LED,F.Cu,"[161122300, 104914300]","[168412500, 98138500]",9.952812752182169,False,0.5144,既有内部直连/支路顶点,36b62deb-b44e-454b-97f8-9e3027d9db48;5ab25511-b96a-402a-afe7-040a2077293f;af77e88c-72d0-4760-ae4f-b6672fdd23c2,接入坐标、支路及回流优先；不新增蛇形来强制角度。必要例外不代表自动最优。
af77e88c-72d0-4760-ae4f-b6672fdd23c2,LIM_RC_LED,F.Cu,"[161079600, 104871600]","[161122300, 104914300]",0.06038691911333116,True,0.0,既有内部直连/支路顶点,2e53b4f4-8814-4494-8e96-cb21f849337b;36b62deb-b44e-454b-97f8-9e3027d9db48,接入坐标、支路及回流优先；不新增蛇形来强制角度。必要例外不代表自动最优。
b1d56536-b716-421b-beab-1ab50d9d5548,LIM_RC_LED,F.Cu,"[157453700, 105520000]","[158740900, 104871600]",1.4412863698793519,False,0.6388,既有内部直连/支路顶点,277ad2b0-ecb3-41ce-9981-8206f68b683e;36b62deb-b44e-454b-97f8-9e3027d9db48,接入坐标、支路及回流优先；不新增蛇形来强制角度。必要例外不代表自动最优。
1a869910-38d3-40d0-abf2-43c0614fd2fd,LIM_RC_LED,B.Cu,"[168000000, 92450600]","[169830700, 97278400]",5.163246588145873,False,1.8307,过孔/焊盘短接入,2fef5abd-77e3-419d-a7e5-d2f7cd9b9702;3a7b8c5d-6b9f-4d7d-b025-d4f6d0ef3d4a;5fc8280a-b78c-44ce-8790-f031dd1fc569;e90a19f3-e9c6-4591-b219-f4230c6187a8;f8592c9f-0c0b-4741-a360-11a963f50984,接入坐标、支路及回流优先；不新增蛇形来强制角度。必要例外不代表自动最优。
2fef5abd-77e3-419d-a7e5-d2f7cd9b9702,LIM_RC_LED,B.Cu,"[168171700, 92459700]","[168000000, 92450600]",0.1719409782454433,False,0.0091,既有内部直连/支路顶点,1a869910-38d3-40d0-abf2-43c0614fd2fd;3a7b8c5d-6b9f-4d7d-b025-d4f6d0ef3d4a;5fc8280a-b78c-44ce-8790-f031dd1fc569,接入坐标、支路及回流优先；不新增蛇形来强制角度。必要例外不代表自动最优。
4a16948f-c289-473b-975d-2fc1fe6f40f1,LIM_RC,F.Cu,"[145239300, 102211500]","[150586300, 102490500]",5.354273993736219,False,0.279,既有内部直连/支路顶点,72a77a2c-375b-45d7-9685-50c51dcc8b45;9b066888-9f8c-436e-a485-30b640b8e54c,接入坐标、支路及回流优先；不新增蛇形来强制角度。必要例外不代表自动最优。
5c073baf-ca52-4c61-b410-035390932158,LIM_RC,F.Cu,"[151003900, 100067000]","[148966500, 97554900]",3.234446655921226,False,0.4747,既有内部直连/支路顶点,40f44d52-86ad-4cad-9bf5-8ae568b76b96;92e4e18d-82fc-4df5-95c0-e71709fb7750,接入坐标、支路及回流优先；不新增蛇形来强制角度。必要例外不代表自动最优。
a58f0cb6-4abe-4e64-bc51-55621e5e6632,LIM_RC,F.Cu,"[148628700, 97217100]","[147404000, 96885800]",1.2687197405258577,False,0.3313,既有内部直连/支路顶点,2e938e6c-97ce-41d7-a8b2-8cf04770475a;92e4e18d-82fc-4df5-95c0-e71709fb7750,接入坐标、支路及回流优先；不新增蛇形来强制角度。必要例外不代表自动最优。
22266620-157c-42e3-9110-1adbe859323d,LIM_RC,B.Cu,"[139506600, 109586700]","[141450000, 109270000]",1.9690359189207292,False,0.3167,过孔/焊盘短接入,2b329aa5-9222-4783-9f2e-b42a8a3185af;5ac7226e-5dd7-474a-9304-cd9acd856e35;U14.4,接入坐标、支路及回流优先；不新增蛇形来强制角度。必要例外不代表自动最优。
2b329aa5-9222-4783-9f2e-b42a8a3185af,LIM_RC,B.Cu,"[138463100, 111387300]","[139506600, 109586700]",2.0811181153408858,False,0.7571,既有内部直连/支路顶点,22266620-157c-42e3-9110-1adbe859323d;3cc87008-6af4-471c-aa62-404cc687afcc;5ac7226e-5dd7-474a-9304-cd9acd856e35,接入坐标、支路及回流优先；不新增蛇形来强制角度。必要例外不代表自动最优。
3cc87008-6af4-471c-aa62-404cc687afcc,LIM_RC,B.Cu,"[138463100, 111387300]","[138350100, 111874700]",0.500327652643745,False,0.113,既有内部直连/支路顶点,114d224c-4c9f-4ce8-85c8-96d235807b2d;2b329aa5-9222-4783-9f2e-b42a8a3185af,接入坐标、支路及回流优先；不新增蛇形来强制角度。必要例外不代表自动最优。
5ac7226e-5dd7-474a-9304-cd9acd856e35,LIM_RC,B.Cu,"[139506600, 109586700]","[136837800, 106918000]",3.7741824452455925,False,0.0001,既有内部直连/支路顶点,22266620-157c-42e3-9110-1adbe859323d;2b329aa5-9222-4783-9f2e-b42a8a3185af;c0686554-36f3-4bdd-bfa9-d090b436374b;c8cfda4a-b155-4372-b545-fdc419fba12c,接入坐标、支路及回流优先；不新增蛇形来强制角度。必要例外不代表自动最优。
c0686554-36f3-4bdd-bfa9-d090b436374b,LIM_RC,B.Cu,"[139592800, 103848800]","[136837800, 106918000]",4.124319779066604,False,0.3142,过孔/焊盘短接入,5ac7226e-5dd7-474a-9304-cd9acd856e35;89a7fc33-0cd2-4d3a-8f98-9e7f7f9526c4;c8cfda4a-b155-4372-b545-fdc419fba12c,接入坐标、支路及回流优先；不新增蛇形来强制角度。必要例外不代表自动最优。
c8cfda4a-b155-4372-b545-fdc419fba12c,LIM_RC,B.Cu,"[136837800, 106918000]","[135604700, 105999100]",1.5378273049988416,False,0.3142,过孔/焊盘短接入,5ac7226e-5dd7-474a-9304-cd9acd856e35;c0686554-36f3-4bdd-bfa9-d090b436374b;e84b628f-d6ed-4055-82e6-bb4a206db7bd,接入坐标、支路及回流优先；不新增蛇形来强制角度。必要例外不代表自动最优。
fbc964e6-f96a-44b7-aa22-dd9e94ac3d76,LIM_RC,B.Cu,"[130324000, 105999100]","[126985000, 104000000]",3.8916990903717106,False,1.3399,过孔/焊盘短接入,R14.2;a2e806e9-3f72-40c1-b1e1-68b4fe3895a6;bd9c3b57-15f3-4e7a-b768-5ba7c40722c8,接入坐标、支路及回流优先；不新增蛇形来强制角度。必要例外不代表自动最优。
05b8df98-4209-4029-aece-c2d024f109bc,BUZZER_GATE,B.Cu,"[180825000, 115000000]","[179450600, 117837100]",3.1524770847700068,False,1.3744,过孔/焊盘短接入,R34.2;a03e0785-e726-4b7e-a996-057295ceaf65,接入坐标、支路及回流优先；不新增蛇形来强制角度。必要例外不代表自动最优。
5cecee40-381b-4ba7-889f-3c5a49a7b3ca,ALM_BUFFERED,F.Cu,"[149128400, 107681600]","[157235400, 106423400]",8.204054865735602,False,1.2582,既有内部直连/支路顶点,0c865344-5cc9-4f3c-964e-e821b388abec;785b53bf-5afc-45d5-8010-5498e81cdfc8,接入坐标、支路及回流优先；不新增蛇形来强制角度。必要例外不代表自动最优。
93191e74-c076-4d10-8bb9-d2620346a15a,ALM_BUFFERED,F.Cu,"[120600900, 102884100]","[121168400, 104821800]",2.0190932469799407,False,0.5675,既有内部直连/支路顶点,ae2df8b3-4479-41cf-a598-9bc6cfa5a7da;cd050425-63b2-4289-b0ac-db2bcf42ba15,接入坐标、支路及回流优先；不新增蛇形来强制角度。必要例外不代表自动最优。
a2a4435a-9249-4a7b-80f6-fc3565bfdd7a,ALM_BUFFERED,F.Cu,"[125480700, 109134100]","[127298000, 110599600]",2.3345812343972954,False,0.3518,既有内部直连/支路顶点,2906c8a3-6245-486f-a343-0ac021e7335c;ae2df8b3-4479-41cf-a598-9bc6cfa5a7da,接入坐标、支路及回流优先；不新增蛇形来强制角度。必要例外不代表自动最优。
f88d5f33-d033-44ce-ad53-151a4a01ea27,ALM_BUFFERED,F.Cu,"[157827900, 106423400]","[159922600, 106140900]",2.113663724436789,False,0.2825,过孔/焊盘短接入,785b53bf-5afc-45d5-8010-5498e81cdfc8;dbec8674-5956-4104-a262-8a3ef1463e48;f567eab5-0180-4c29-be2e-e2a4730b9479,接入坐标、支路及回流优先；不新增蛇形来强制角度。必要例外不代表自动最优。
00d67dbc-9e9d-4735-b04d-471b82ddceac,ALM_BUFFERED,B.Cu,"[160113900, 106082000]","[160047700, 106015800]",0.0936209378290989,True,0.0,过孔/焊盘短接入,ab1aa29c-d64d-441b-ae1e-e2f6302ce302;dbec8674-5956-4104-a262-8a3ef1463e48,接入坐标、支路及回流优先；不新增蛇形来强制角度。必要例外不代表自动最优。
1c05966c-c1b7-4dca-befb-70f8419c349f,POWER_OK,F.Cu,"[177913000, 94223000]","[175413000, 94898000]",2.5895221566922344,False,0.675,既有内部直连/支路顶点,2b460e95-2327-4196-a5c5-ff2b76c4b313;56a4d01d-ae66-443d-893e-763476fd36a5,接入坐标、支路及回流优先；不新增蛇形来强制角度。必要例外不代表自动最优。
260cb1a0-a528-4d91-a61e-b267cd9cd535,POWER_OK,F.Cu,"[165163000, 91948000]","[168813000, 94098000]",4.236153915995027,False,1.5,既有内部直连/支路顶点,378fc2c0-795c-4562-9961-f27d50a3ff18;c6233847-a23b-4861-b41c-23ebaf2ca9d4;ea23ca01-7034-4fae-9973-ae139c928e49,接入坐标、支路及回流优先；不新增蛇形来强制角度。必要例外不代表自动最优。
378fc2c0-795c-4562-9961-f27d50a3ff18,POWER_OK,F.Cu,"[164599600, 91403400]","[165163000, 91948000]",0.7835870851411475,False,0.0188,过孔/焊盘短接入,260cb1a0-a528-4d91-a61e-b267cd9cd535;57ab132a-bc4f-46d1-a181-643832c637ac,接入坐标、支路及回流优先；不新增蛇形来强制角度。必要例外不代表自动最优。
70378e0e-7dc0-4660-9256-e227011aaa79,POWER_OK,F.Cu,"[163538400, 87671400]","[163503800, 87636800]",0.048931789258109086,True,0.0,过孔/焊盘短接入,656fb80a-f0e3-46c2-a22f-5c881e27df9e;daba6249-8d5d-4bc3-b5e4-3e6cc6791a4a,接入坐标、支路及回流优先；不新增蛇形来强制角度。必要例外不代表自动最优。
7786bbe9-967f-4382-ab37-94088372934a,POWER_OK,F.Cu,"[181163000, 94373000]","[181088000, 94348000]",0.07905694150420947,False,0.025,既有内部直连/支路顶点,d4dea6fc-6db0-49e6-b91f-7e7c1d6c00ea;d886eb56-cd84-4ba6-aecd-b45f058fcd99,接入坐标、支路及回流优先；不新增蛇形来强制角度。必要例外不代表自动最优。
7c5fad5a-eeb0-4bb2-a74a-18dc581fdd9e,POWER_OK,F.Cu,"[172888000, 94748000]","[174938000, 94898000]",2.0554804791094465,False,0.15,既有内部直连/支路顶点,56a4d01d-ae66-443d-893e-763476fd36a5;ea23ca01-7034-4fae-9973-ae139c928e49,接入坐标、支路及回流优先；不新增蛇形来强制角度。必要例外不代表自动最优。
c6233847-a23b-4861-b41c-23ebaf2ca9d4,POWER_OK,F.Cu,"[168813000, 94098000]","[168888000, 94123000]",0.07905694150420947,False,0.025,既有内部直连/支路顶点,260cb1a0-a528-4d91-a61e-b267cd9cd535;ea23ca01-7034-4fae-9973-ae139c928e49,接入坐标、支路及回流优先；不新增蛇形来强制角度。必要例外不代表自动最优。
d4dea6fc-6db0-49e6-b91f-7e7c1d6c00ea,POWER_OK,F.Cu,"[183038000, 96223000]","[181163000, 94373000]",2.634032080290595,False,0.025,过孔/焊盘短接入,1a7b23ce-e820-41fa-a5e3-ddf1496d1364;29a22bd5-d24b-4719-b4da-5c9a87e1e0a6;7786bbe9-967f-4382-ab37-94088372934a;d886eb56-cd84-4ba6-aecd-b45f058fcd99,接入坐标、支路及回流优先；不新增蛇形来强制角度。必要例外不代表自动最优。
d886eb56-cd84-4ba6-aecd-b45f058fcd99,POWER_OK,F.Cu,"[181088000, 94348000]","[178263000, 94223000]",2.8277641344355438,False,0.125,既有内部直连/支路顶点,2b460e95-2327-4196-a5c5-ff2b76c4b313;7786bbe9-967f-4382-ab37-94088372934a;d4dea6fc-6db0-49e6-b91f-7e7c1d6c00ea,接入坐标、支路及回流优先；不新增蛇形来强制角度。必要例外不代表自动最优。
ea23ca01-7034-4fae-9973-ae139c928e49,POWER_OK,F.Cu,"[168888000, 94123000]","[172888000, 94748000]",4.0485336851754115,False,0.625,既有内部直连/支路顶点,260cb1a0-a528-4d91-a61e-b267cd9cd535;7c5fad5a-eeb0-4bb2-a74a-18dc581fdd9e;c6233847-a23b-4861-b41c-23ebaf2ca9d4,接入坐标、支路及回流优先；不新增蛇形来强制角度。必要例外不代表自动最优。
58729322-338d-4229-ac8c-e78eb4df1275,CTRL5_SENSE,F.Cu,"[117500000, 104900000]","[117500000, 104800000]",0.1,True,0.0,过孔/焊盘短接入,4be02811-340f-4840-a87e-bf34430edf87;706e927d-538f-40ed-a2c3-6665399984d2,接入坐标、支路及回流优先；不新增蛇形来强制角度。必要例外不代表自动最优。
d7fa32a3-b081-4524-b916-46700e9aca7b,CTRL5_SENSE,F.Cu,"[123900000, 91400000]","[124000000, 91400000]",0.1,True,0.0,过孔/焊盘短接入,e8be33ea-e2e2-404a-9eb6-e3efb9fa043d;eee2d85b-c846-45fd-b9b6-30a4345448cc,接入坐标、支路及回流优先；不新增蛇形来强制角度。必要例外不代表自动最优。
e8be33ea-e2e2-404a-9eb6-e3efb9fa043d,CTRL5_SENSE,F.Cu,"[120100000, 94900000]","[123900000, 91400000]",5.166236541235796,False,0.3,过孔/焊盘短接入,1d4408f1-cf62-41e5-80ac-26c5660ab670;d7fa32a3-b081-4524-b916-46700e9aca7b;eee2d85b-c846-45fd-b9b6-30a4345448cc,接入坐标、支路及回流优先；不新增蛇形来强制角度。必要例外不代表自动最优。
0102568d-7312-4976-bebb-a98569f90fb0,CTRL5_SENSE,B.Cu,"[117600000, 104800000]","[117500000, 104900000]",0.14142135623730953,True,0.0,过孔/焊盘短接入,4be02811-340f-4840-a87e-bf34430edf87;9b595e67-f680-4cae-bf2c-4fd6618adbb7,接入坐标、支路及回流优先；不新增蛇形来强制角度。必要例外不代表自动最优。
2c4234ee-0279-4bbc-a3bb-975da1d8f963,CTRL5_SENSE,B.Cu,"[132600000, 113800000]","[131400000, 114400000]",1.3416407864998738,False,0.6,既有内部直连/支路顶点,39182444-e369-4338-bc2a-27bba860a721;6c70a411-1cab-4094-b3d9-3d950d63f63f,接入坐标、支路及回流优先；不新增蛇形来强制角度。必要例外不代表自动最优。
42337833-69df-4731-a30c-3d3a5fd49777,CTRL5_SENSE,B.Cu,"[120900000, 105900000]","[120800000, 106000000]",0.14142135623730953,True,0.0,过孔/焊盘短接入,ab96a838-9d88-4965-88cf-d8eca7fb5e67;e1cec8b5-b6e4-42e7-88b6-684d63253361,接入坐标、支路及回流优先；不新增蛇形来强制角度。必要例外不代表自动最优。
83486e9c-c181-46d8-8fdd-4f059d9ef46f,CTRL5_SENSE,B.Cu,"[131400000, 115400000]","[132199999, 116200000]",1.1313701427919158,False,1e-06,过孔/焊盘短接入,6c70a411-1cab-4094-b3d9-3d950d63f63f;R55.1,接入坐标、支路及回流优先；不新增蛇形来强制角度。必要例外不代表自动最优。
e1cec8b5-b6e4-42e7-88b6-684d63253361,CTRL5_SENSE,B.Cu,"[120900000, 105900000]","[123600000, 105500000]",2.7294688127912363,False,0.4,过孔/焊盘短接入,14c8440e-dc6d-4574-9d24-158186fc5b86;42337833-69df-4731-a30c-3d3a5fd49777;ab96a838-9d88-4965-88cf-d8eca7fb5e67,接入坐标、支路及回流优先；不新增蛇形来强制角度。必要例外不代表自动最优。
e723bcf2-7df4-404f-a680-449ed3c7f244,CTRL5_SENSE,B.Cu,"[130600000, 110000000]","[131699999, 111300000]",1.7029379906505697,False,0.200001,过孔/焊盘短接入,59804c03-a51e-4bcc-9677-a5e41b978c0b;R54.2,接入坐标、支路及回流优先；不新增蛇形来强制角度。必要例外不代表自动最优。
243c3231-0d9f-46bd-8c88-8d4e7f26d320,DIR_GATE,B.Cu,"[115850000, 125987500]","[115325000, 124800000]",1.298376389957858,False,0.525,过孔/焊盘短接入,R3.2;b6f01cd4-b3db-49df-92a2-c54ad6e54b9a,接入坐标、支路及回流优先；不新增蛇形来强制角度。必要例外不代表自动最优。
9de19d87-c4ec-408a-8c48-2b3d4dd36284,DIR_GATE,B.Cu,"[118950000, 125937500]","[117350000, 126987500]",1.9137659209004638,False,0.55,过孔/焊盘短接入,995d3e2f-92f9-4208-a1d2-8559750ee3e6;Q2.1;dc7ee269-dc7e-4d52-a0d0-2b4fac39129d,接入坐标、支路及回流优先；不新增蛇形来强制角度。必要例外不代表自动最优。
b6f01cd4-b3db-49df-92a2-c54ad6e54b9a,DIR_GATE,B.Cu,"[116700000, 126987500]","[115850000, 125987500]",1.3124404748406688,False,0.15,既有内部直连/支路顶点,243c3231-0d9f-46bd-8c88-8d4e7f26d320;995d3e2f-92f9-4208-a1d2-8559750ee3e6,接入坐标、支路及回流优先；不新增蛇形来强制角度。必要例外不代表自动最优。
dc7ee269-dc7e-4d52-a0d0-2b4fac39129d,DIR_GATE,B.Cu,"[117575000, 128000000]","[118950000, 125937500]",2.478816501881493,False,0.6875,过孔/焊盘短接入,9de19d87-c4ec-408a-8c48-2b3d4dd36284;Q2.1;R4.1,接入坐标、支路及回流优先；不新增蛇形来强制角度。必要例外不代表自动最优。
1f1741b0-416c-4a6d-b1d7-7611d28b006e,BTN_OPEN_LED,B.Cu,"[137617100, 125830000]","[138000000, 127037500]",1.266755169715127,False,0.3829,过孔/焊盘短接入,R21.2;a80a24e9-9b60-45d6-8c18-f9dc9d8cde73;cac9c873-0382-443e-906d-67f946451402,接入坐标、支路及回流优先；不新增蛇形来强制角度。必要例外不代表自动最优。
991bce13-af3c-40d7-92ab-ce8f848289e0,BTN_OPEN_LED,B.Cu,"[121550000, 127770000]","[126687600, 125704900]",5.5371086109990655,False,2.0651,过孔/焊盘短接入,27ad8e75-3c98-4aa3-beef-bb3860baeef6;U25.1,接入坐标、支路及回流优先；不新增蛇形来强制角度。必要例外不代表自动最优。
e9b33019-d986-4e17-a862-8cd9751d542d,MOTION_HEALTHY,F.Cu,"[180497600, 109747000]","[182312900, 107511100]",2.880028281111142,False,0.4206,既有内部直连/支路顶点,5f94966a-d177-478a-9524-a3dac2aaac1c;b46e59ae-2ed4-42f5-8a01-97b26eaaa28c,接入坐标、支路及回流优先；不新增蛇形来强制角度。必要例外不代表自动最优。
24c44253-0250-4ce9-96e7-f24ef55a89f1,MOTION_HEALTHY,B.Cu,"[154862500, 118550000]","[156417000, 117792600]",1.7291977937760619,False,0.7574,过孔/焊盘短接入,U37.8;ccd1db46-876b-428d-a9d2-1cc7f5cd219c,接入坐标、支路及回流优先；不新增蛇形来强制角度。必要例外不代表自动最优。
bf9bf2bf-131f-4a78-8186-5713c089cea4,ESTOP_OK,F.Cu,"[159430800, 99396400]","[159485200, 99450800]",0.07693321779309636,True,0.0,过孔/焊盘短接入,7eed96b2-eb64-4887-b099-af65cba4fe07;a17525c4-4da1-44ed-8743-46e2a81ef16c;bcfe4e7c-cd7f-42ea-8d41-e94ed3e8a363;de5792f6-eaac-4a7c-96d5-8aa73259efa3,接入坐标、支路及回流优先；不新增蛇形来强制角度。必要例外不代表自动最优。
97f797c2-ad4c-459b-9152-1885cfc98fbc,ESTOP_OK,F.Cu,"[151658000, 95972900]","[151645800, 95972900]",0.0122,True,0.0,既有内部直连/支路顶点,bb7e1a45-5fcd-4b01-827e-6ce68c8ae525,接入坐标、支路及回流优先；不新增蛇形来强制角度。必要例外不代表自动最优。
f15c66fb-4d12-4518-b6ff-b6ed977e3831,ESTOP_OK,F.Cu,"[168588700, 97499200]","[168651300, 97561800]",0.08852976900455575,True,0.0,过孔/焊盘短接入,8cc0bca4-8fcd-4cf9-9a51-2179b0e548d7;a5dbea6e-eadd-4486-ae06-5355297598e0,接入坐标、支路及回流优先；不新增蛇形来强制角度。必要例外不代表自动最优。
28e0c804-6549-4f54-b7ca-9a911da9dd79,ESTOP_OK,B.Cu,"[151533200, 95972800]","[151645800, 95972800]",0.1126,True,0.0,过孔/焊盘短接入,73125eb1-6abe-4570-9d27-a71540bd5cbe;a15a1d94-c120-4c10-a237-1f837d1011c5;e308f89f-5331-45bf-9a46-7d244477114d,接入坐标、支路及回流优先；不新增蛇形来强制角度。必要例外不代表自动最优。
7dc5b9c7-87ac-4eb6-995c-af521dafabcb,ESTOP_OK,B.Cu,"[149862500, 95150000]","[150690399, 95160000]",0.8279593916376575,False,0.01,过孔/焊盘短接入,U34.12;a15a1d94-c120-4c10-a237-1f837d1011c5,接入坐标、支路及回流优先；不新增蛇形来强制角度。必要例外不代表自动最优。
a15a1d94-c120-4c10-a237-1f837d1011c5,ESTOP_OK,B.Cu,"[150690399, 95160000]","[151533200, 95972800]",1.170878885966008,False,0.030001,过孔/焊盘短接入,28e0c804-6549-4f54-b7ca-9a911da9dd79;73125eb1-6abe-4570-9d27-a71540bd5cbe;7dc5b9c7-87ac-4eb6-995c-af521dafabcb;U34.12;e308f89f-5331-45bf-9a46-7d244477114d,接入坐标、支路及回流优先；不新增蛇形来强制角度。必要例外不代表自动最优。
e308f89f-5331-45bf-9a46-7d244477114d,ESTOP_OK,B.Cu,"[151645800, 95972800]","[151645800, 95972900]",0.0001,True,0.0,既有内部直连/支路顶点,28e0c804-6549-4f54-b7ca-9a911da9dd79;a15a1d94-c120-4c10-a237-1f837d1011c5,接入坐标、支路及回流优先；不新增蛇形来强制角度。必要例外不代表自动最优。
90af8808-391b-4ad8-8b50-8ad75921bdaf,HOLD_ENABLE,F.Cu,"[158862700, 108582600]","[162995700, 108230200]",4.1479964754083385,False,0.3524,既有内部直连/支路顶点,9d0ab3f5-3f9f-4811-921e-58d3a81d2762;fca4f265-70ab-4618-9327-986f5df7cbd6,接入坐标、支路及回流优先；不新增蛇形来强制角度。必要例外不代表自动最优。
de9b7256-b2a8-412a-8226-32739425ae60,HOLD_ENABLE,F.Cu,"[143998900, 115609500]","[148028500, 114818700]",4.106463295830124,False,0.7908,过孔/焊盘短接入,7bcd2e0a-644a-4cf9-805a-82a99bad97b3;f353a2eb-a416-4e1c-ac31-136f14a56a89,接入坐标、支路及回流优先；不新增蛇形来强制角度。必要例外不代表自动最优。
f353a2eb-a416-4e1c-ac31-136f14a56a89,HOLD_ENABLE,F.Cu,"[148028500, 114818700]","[153633700, 111965300]",6.289686685360408,False,2.7518,既有内部直连/支路顶点,de9b7256-b2a8-412a-8226-32739425ae60;e1e74f55-f58a-499d-b2f5-87187ddaf43d,接入坐标、支路及回流优先；不新增蛇形来强制角度。必要例外不代表自动最优。
93c5f5c3-16a6-4be4-8d3e-b6a5b9f85151,HOLD_ENABLE,B.Cu,"[180700000, 98726500]","[180643200, 98669700]",0.0803273303427918,True,0.0,过孔/焊盘短接入,0c95544d-95dd-4025-85c6-9db70992b42e;f54abe9b-fb81-4894-9a0e-28fde3da0966,接入坐标、支路及回流优先；不新增蛇形来强制角度。必要例外不代表自动最优。
481d1840-eb1c-4ddb-9257-9a51c8faa3f0,STEP_LATCHED,F.Cu,"[180949300, 109961000]","[182903900, 107670800]",3.010893090098019,False,0.3356,既有内部直连/支路顶点,049f326b-5c08-4ed5-b703-99906995ff96;83557c20-0a5d-446f-a41a-59a37c168454,接入坐标、支路及回流优先；不新增蛇形来强制角度。必要例外不代表自动最优。
bbe4410b-a646-46b3-adef-22dfba186db3,STEP_LATCHED,F.Cu,"[165789000, 118172000]","[171956600, 118314900]",6.169255236250159,False,0.1429,既有内部直连/支路顶点,0daf05e8-8c2f-466a-8101-0657b2bc8187;747ae595-aced-499e-8903-a04e8fa9ecdf,接入坐标、支路及回流优先；不新增蛇形来强制角度。必要例外不代表自动最优。
e2f8baf8-d9f0-4277-8110-969bd1df041a,STEP_LATCHED,B.Cu,"[180700000, 95315300]","[180649000, 95366300]",0.07212489168102784,True,0.0,过孔/焊盘短接入,000a4597-74f0-4277-a6cb-cd4848d86493;bfb69be2-fb80-4775-be4b-d7eb0ae44196,接入坐标、支路及回流优先；不新增蛇形来强制角度。必要例外不代表自动最优。
1d9fec8c-db4e-4444-bb15-bd3cb2315cc6,LO_OK,F.Cu,"[152082400, 99393200]","[155228200, 103433500]",5.120554826383563,False,0.8945,过孔/焊盘短接入,7b7b42a0-b0aa-44b3-8625-e3d0db7ea742;7e8efaf6-0c0a-498b-a75e-745d0b848c72;c153f5d8-055e-450b-ad5f-51c3a6cd9305,接入坐标、支路及回流优先；不新增蛇形来强制角度。必要例外不代表自动最优。
7e8efaf6-0c0a-498b-a75e-745d0b848c72,LO_OK,F.Cu,"[155337800, 103433500]","[155228200, 103433500]",0.1096,True,0.0,过孔/焊盘短接入,1d9fec8c-db4e-4444-bb15-bd3cb2315cc6;7b7b42a0-b0aa-44b3-8625-e3d0db7ea742,接入坐标、支路及回流优先；不新增蛇形来强制角度。必要例外不代表自动最优。
b036f58a-9489-424b-add3-516cd84dca4e,LO_OK,B.Cu,"[145351600, 95800000]","[145435600, 95716000]",0.11879393923934,True,0.0,过孔/焊盘短接入,737f56e8-711e-469a-81ab-a24b6fde0a29;d0469bdb-e0a9-4e79-a022-df9cf0e25d7c,接入坐标、支路及回流优先；不新增蛇形来强制角度。必要例外不代表自动最优。
2379d95e-639f-45ab-876c-2197ae47b8a0,RO_OK,F.Cu,"[151630700, 99814100]","[152147000, 101834200]",2.0850346999510583,False,0.5163,过孔/焊盘短接入,1f941964-7199-4807-87f9-9dc5e8258ba2;c3a377db-771d-4d30-9cdb-c12d73acea22,接入坐标、支路及回流优先；不新增蛇形来强制角度。必要例外不代表自动最优。
848405e8-23bf-49e2-a46a-21d8f7e4e3f1,RO_OK,F.Cu,"[147591100, 96434100]","[148815800, 96765400]",1.2687197405258577,False,0.3313,既有内部直连/支路顶点,c42d66ca-60f0-4592-b3ec-ab14cdde4958;df6e0e09-bfbe-4eb1-88c3-ee868a7795dd,接入坐标、支路及回流优先；不新增蛇形来强制角度。必要例外不代表自动最优。
c3a377db-771d-4d30-9cdb-c12d73acea22,RO_OK,F.Cu,"[149418200, 97367800]","[151630700, 99814100]",3.2984147616696116,False,0.2338,既有内部直连/支路顶点,2379d95e-639f-45ab-876c-2197ae47b8a0;c42d66ca-60f0-4592-b3ec-ab14cdde4958,接入坐标、支路及回流优先；不新增蛇形来强制角度。必要例外不代表自动最优。
64d349f2-2407-4339-a59b-2caa87300d6d,OPEN_OK,F.Cu,"[158608300, 110389500]","[155813500, 113331800]",4.058082839223467,False,0.1475,过孔/焊盘短接入,8ac59191-1f89-4d09-a94d-c7d11457e000;b3f77518-69dd-4956-8017-98ecfc216192,接入坐标、支路及回流优先；不新增蛇形来强制角度。必要例外不代表自动最优。
8ac59191-1f89-4d09-a94d-c7d11457e000,OPEN_OK,F.Cu,"[155813500, 113331800]","[150942000, 115881200]",5.498268146425746,False,2.3221,既有内部直连/支路顶点,2c84a39c-fb6b-45ef-a018-3cce01aab1aa;64d349f2-2407-4339-a59b-2caa87300d6d,接入坐标、支路及回流优先；不新增蛇形来强制角度。必要例外不代表自动最优。
e283068b-78a3-483f-811e-3787f5f447b2,OPEN_OK,F.Cu,"[147796100, 119148400]","[147796100, 119027100]",0.1213,True,0.0,过孔/焊盘短接入,23b2cae3-11fd-4ef9-82c4-8d636adb6fb2;2c84a39c-fb6b-45ef-a018-3cce01aab1aa,接入坐标、支路及回流优先；不新增蛇形来强制角度。必要例外不代表自动最优。
9f4ce8a9-d7a5-4210-9f1a-766ddc5108fd,OPEN_OK,B.Cu,"[158567600, 110348800]","[158608300, 110389500]",0.05755849198858497,True,0.0,过孔/焊盘短接入,b3f77518-69dd-4956-8017-98ecfc216192;bdd58f53-d622-456f-a45c-9c43e1023e5d,接入坐标、支路及回流优先；不新增蛇形来强制角度。必要例外不代表自动最优。
633c62cc-179e-4165-8bf8-4d7d9caa2881,LC_OK,F.Cu,"[152935800, 99637100]","[152935800, 99531700]",0.1054,True,0.0,过孔/焊盘短接入,a1874c48-c56a-47cd-a0ad-25dddc1b2481;fb6f39a3-9fdc-4bf2-8530-672d9fd3322a,接入坐标、支路及回流优先；不新增蛇形来强制角度。必要例外不代表自动最优。
56e1da97-59f9-425f-acf0-187e28fa1900,LC_OK,B.Cu,"[152935800, 99531700]","[152343100, 93680900]",5.880744334690975,False,0.5927,过孔/焊盘短接入,a1874c48-c56a-47cd-a0ad-25dddc1b2481;a9541e25-c737-4fe2-bd0c-f89d5cf55a7f,接入坐标、支路及回流优先；不新增蛇形来强制角度。必要例外不代表自动最优。
9df1c58d-972e-4e99-9c7e-4bdf44324dfa,LC_OK,B.Cu,"[155298700, 102000000]","[155328600, 102029900]",0.04228498551495555,True,0.0,过孔/焊盘短接入,036af8b6-ef9a-4a10-b070-3f728a2cad5f;639e4f2e-8cbb-430b-9079-f25cb3251b2f,接入坐标、支路及回流优先；不新增蛇形来强制角度。必要例外不代表自动最优。
964277d2-1adf-4c13-8e8f-db446c22bfd5,RC_OK,F.Cu,"[145645800, 93636000]","[148890700, 94003900]",3.265689271807714,False,0.3679,过孔/焊盘短接入,549a59ab-5b34-43b2-b2de-ce98ceeabd59;a578ce23-0b0e-496d-928d-b2d8a2c14bfb,接入坐标、支路及回流优先；不新增蛇形来强制角度。必要例外不代表自动最优。
8d9d2979-1e83-4686-b530-5420010704a7,CLOSE_OK,F.Cu,"[160080000, 109749700]","[159553000, 109159400]",0.7913173130925418,False,0.0633,过孔/焊盘短接入,60c0c35f-2b16-49d7-8f21-febd76e026d7;e589499b-3f9c-442d-9a2c-bd4a70569a67;f4323416-c371-4cb3-8937-1c7d8dbe9e2b,接入坐标、支路及回流优先；不新增蛇形来强制角度。必要例外不代表自动最优。
8f2e82e4-6af1-4c40-af98-10db1123889f,CLOSE_OK,F.Cu,"[150868400, 119703000]","[150921300, 119755900]",0.07481189744953673,True,0.0,过孔/焊盘短接入,03120815-48fd-4da2-a16e-a33aca4ef83a;4049ab0c-1382-42da-9ce4-a9519256fa9f,接入坐标、支路及回流优先；不新增蛇形来强制角度。必要例外不代表自动最优。
91c96299-077e-43a6-bc28-f1b420b1b14d,CLOSE_OK,F.Cu,"[151176800, 116332900]","[155878800, 113950900]",5.27093236534107,False,2.32,既有内部直连/支路顶点,60c0c35f-2b16-49d7-8f21-febd76e026d7;f95b72d0-f957-4bb9-85e9-ad319043f01f,接入坐标、支路及回流优先；不新增蛇形来强制角度。必要例外不代表自动最优。
d2c990ff-43a8-4034-8afe-fb264a42c0b9,CLOSE_OK,F.Cu,"[157447900, 104066100]","[157546200, 103967800]",0.13901719318127526,True,0.0,过孔/焊盘短接入,5bae890b-330e-44f0-b09c-9933c4fcb1f2;6ce9b677-bc4d-496a-9292-832239fcf644,接入坐标、支路及回流优先；不新增蛇形来强制角度。必要例外不代表自动最优。
ef3a00d8-b2dc-4bc7-bc3a-4a74e8143d3e,STATIC_OK,F.Cu,"[161485600, 103762400]","[162210800, 102580600]",1.386566363359504,False,0.4566,过孔/焊盘短接入,848d2107-7a57-4dc9-afa1-5b0562e89bf7;acb641f5-ca7e-47fb-97c9-a9b33e9f3908,接入坐标、支路及回流优先；不新增蛇形来强制角度。必要例外不代表自动最优。
90253150-7c57-4419-8e95-cfcf2f1a0771,STATIC_OK,B.Cu,"[157004000, 118047300]","[159365600, 112807000]",5.747860354079595,False,2.3616,既有内部直连/支路顶点,ae4df04f-f75a-44a0-b52b-1d2a7d2e1f27;bf84704b-ff66-4e7c-9485-c8aa96d42969,接入坐标、支路及回流优先；不新增蛇形来强制角度。必要例外不代表自动最优。
61790375-e3cc-4fa7-8156-6b5607db11a6,STOP_NC_LED,F.Cu,"[145492700, 117101300]","[142809900, 117316000]",2.6913773295470853,False,0.2147,过孔/焊盘短接入,283d5df7-72e4-4dec-9afc-0fa20137c76a;5ed7ad76-ee85-4d6c-89f7-d3d65dc54cf3,接入坐标、支路及回流优先；不新增蛇形来强制角度。必要例外不代表自动最优。
09b11860-476f-425f-8807-2053c4eea3bb,STOP_NC_LED,B.Cu,"[141550000, 127770000]","[144821400, 129129900]",3.542793526300961,False,1.3599,过孔/焊盘短接入,U26.1;d4ae08ae-ae8b-4179-bb74-a9f8ab01d2d8,接入坐标、支路及回流优先；不新增蛇形来强制角度。必要例外不代表自动最优。
c8c3aba5-70dd-48f5-8886-481af728576c,FUNC_LED_BASE,B.Cu,"[169288300, 90175800]","[168801000, 89566100]",0.780509692444623,False,0.1224,既有内部直连/支路顶点,1c0568b2-5681-4705-9876-a03ac7700b2b;2ce42ef2-e98a-462f-82cd-401ef4b58426,接入坐标、支路及回流优先；不新增蛇形来强制角度。必要例外不代表自动最优。
ad965427-6c9a-4fdf-baa0-4538900dcf76,ESTOP_LED,F.Cu,"[175633400, 121490400]","[175633400, 121360700]",0.1297,True,0.0,过孔/焊盘短接入,54632f24-6c47-430a-98cc-97cbe9daf481;6e15c4d0-8246-4553-ae70-d8b08eb25e3d;7cd5d12c-fb94-4cf2-9181-78741096fced,接入坐标、支路及回流优先；不新增蛇形来强制角度。必要例外不代表自动最优。
273ccc87-fb96-4803-9a72-209b583db665,ESTOP_LED,B.Cu,"[101550000, 127770000]","[105135800, 129428700]",3.9508540000865637,False,1.6587,过孔/焊盘短接入,25408bd6-0605-492e-8d58-1dae373009e4;U28.1,接入坐标、支路及回流优先；不新增蛇形来强制角度。必要例外不代表自动最优。
f49c0f9a-64db-4874-a3be-00a96ce454a3,ESTOP_LED,B.Cu,"[176462500, 128500000]","[175633400, 121490400]",7.058462932537084,False,0.8291,过孔/焊盘短接入,6e15c4d0-8246-4553-ae70-d8b08eb25e3d;R27.2,接入坐标、支路及回流优先；不新增蛇形来强制角度。必要例外不代表自动最优。
ffea9270-6dc4-4192-8fab-c3d487de6acf,ESTOP_LED,B.Cu,"[173350000, 118000000]","[174851200, 120578500]",2.983666149219782,False,1.0773,过孔/焊盘短接入,9fef8042-017f-4a4e-b553-a492e8a658af;D13.1,接入坐标、支路及回流优先；不新增蛇形来强制角度。必要例外不代表自动最优。
966ec73a-bc0f-4a31-998f-41b2b4c7b327,STOP_INTERLOCK,F.Cu,"[147058600, 95139300]","[148669200, 94624400]",1.6909034182944926,False,0.5149,过孔/焊盘短接入,022f4230-49ee-46de-afbf-39558816d734;a79ebdf0-ab98-4e30-a0c2-505c70697fcb,接入坐标、支路及回流优先；不新增蛇形来强制角度。必要例外不代表自动最优。
0629857a-aa0e-4b48-b083-685acd5300cb,STOP_INTERLOCK,B.Cu,"[143980000, 107175000]","[142873800, 105484500]",2.0202645099095315,False,0.5843,过孔/焊盘短接入,1c04baa3-39dc-4c15-9cb6-7c63d75efd70;465bf515-f962-48ce-8445-06fd43f196c8;565bfc46-35a2-4644-8b36-5f022a9cc1a7;R24.2,接入坐标、支路及回流优先；不新增蛇形来强制角度。必要例外不代表自动最优。
465bf515-f962-48ce-8445-06fd43f196c8,STOP_INTERLOCK,B.Cu,"[142873800, 105371200]","[142873800, 105484500]",0.1133,True,0.0,过孔/焊盘短接入,0629857a-aa0e-4b48-b083-685acd5300cb;1c04baa3-39dc-4c15-9cb6-7c63d75efd70,接入坐标、支路及回流优先；不新增蛇形来强制角度。必要例外不代表自动最优。
db8d0b02-349a-4a20-bea6-dd4fe6316453,STOP_INTERLOCK,B.Cu,"[145363900, 105371200]","[145705000, 104000000]",1.4129892603979692,False,0.3411,过孔/焊盘短接入,8ec05668-7347-4a27-923c-6f3feecb0d53;C18.1;e593ec36-7b0e-4020-ae91-9d97c8760f0a,接入坐标、支路及回流优先；不新增蛇形来强制角度。必要例外不代表自动最优。
786bee0a-ae65-4164-a9ea-583573fc29d7,LIM_LO_LED,B.Cu,"[153212200, 92574600]","[149575000, 87500000]",6.243459697955934,False,1.4374,过孔/焊盘短接入,81746e84-64df-4f34-98c1-ab6ee660421a;R7.1;eb9e4f80-a319-41d4-b89d-8b8906c70d94,接入坐标、支路及回流优先；不新增蛇形来强制角度。必要例外不代表自动最优。
8e56a2eb-3684-4ecb-b820-439405038c63,LIM_LO_LED,B.Cu,"[153212200, 94127600]","[154000000, 96650000]",2.6425613710943403,False,0.7878,过孔/焊盘短接入,D3.1;c3b870e7-182e-48db-a43b-25898536188c,接入坐标、支路及回流优先；不新增蛇形来强制角度。必要例外不代表自动最优。
eb9e4f80-a319-41d4-b89d-8b8906c70d94,LIM_LO_LED,B.Cu,"[148574100, 89862300]","[149575000, 87500000]",2.5655919589833456,False,1.0009,过孔/焊盘短接入,786bee0a-ae65-4164-a9ea-583573fc29d7;R7.1;e13d6cde-a93e-4e4e-ab96-d081b069e182,接入坐标、支路及回流优先；不新增蛇形来强制角度。必要例外不代表自动最优。
53904b5c-00b3-47e7-a51d-a22271adc565,OPEN_DIR,F.Cu,"[163217800, 119866700]","[161658900, 121744400]",2.440476695238043,False,0.3188,过孔/焊盘短接入,b8439776-5204-4a96-80b9-f6da3db042c4;dcb13bcf-f5f2-45c5-83a1-c3fc43facbec,接入坐标、支路及回流优先；不新增蛇形来强制角度。必要例外不代表自动最优。
dcb13bcf-f5f2-45c5-83a1-c3fc43facbec,OPEN_DIR,F.Cu,"[165175900, 119652100]","[163217800, 119866700]",1.9698245531011132,False,0.2146,过孔/焊盘短接入,53904b5c-00b3-47e7-a51d-a22271adc565;b55611c8-921f-4881-b6d8-be2de52286c9,接入坐标、支路及回流优先；不新增蛇形来强制角度。必要例外不代表自动最优。
b4cc1b1a-af05-4664-8fc9-4c7b3f32567c,OPEN_DIR,B.Cu,"[165137500, 105650000]","[166805400, 105868000]",1.6820863265599657,False,0.218,过孔/焊盘短接入,83b378bd-eebf-4eee-a913-dad285187346;U36.3;e9086d08-8369-4a6f-9668-de83f1e2d3b7,接入坐标、支路及回流优先；不新增蛇形来强制角度。必要例外不代表自动最优。
0d930a92-9261-4b4a-ad51-8daf1a23df41,CLOSE_DIR,F.Cu,"[151406000, 116784600]","[156065900, 114402600]",5.233411125642625,False,2.2779,既有内部直连/支路顶点,084666ee-2b25-4880-90f8-6e363fb02e58;8e417481-d20b-4fbc-ab25-4a600d0679c8,接入坐标、支路及回流优先；不新增蛇形来强制角度。必要例外不代表自动最优。
46679e2c-da06-43f0-ad4a-802463c7d95c,CLOSE_DIR,F.Cu,"[169623100, 103111700]","[169627800, 103111700]",0.0047,True,0.0,既有内部直连/支路顶点,adfd5349-fd18-487c-9e30-483dd8f7699c,接入坐标、支路及回流优先；不新增蛇形来强制角度。必要例外不代表自动最优。
a136838e-1624-415d-9d25-bad82b189915,CLOSE_DIR,F.Cu,"[150344500, 120173400]","[150282800, 120111700]",0.08725697679841997,True,0.0,过孔/焊盘短接入,5cfc8757-0183-43a6-855d-d3c8b7eaea88;6f912d9b-fec9-4c72-9095-65f7d16e959f,接入坐标、支路及回流优先；不新增蛇形来强制角度。必要例外不代表自动最优。
ff05ae9b-d83a-4369-ae32-ca63a3d16bac,CLOSE_DIR,B.Cu,"[169689500, 103050000]","[169627800, 103111700]",0.08725697679841997,True,0.0,过孔/焊盘短接入,6c6cfcc6-73e1-4341-aff5-d34817a6d63d;d84d2091-5d27-47f0-a897-8a0d1f21dc5f,接入坐标、支路及回流优先；不新增蛇形来强制角度。必要例外不代表自动最优。
b751a387-c09b-4259-9e62-999e5c13a55d,OPEN_ALLOWED,F.Cu,"[155586600, 115876500]","[153205600, 117837900]",3.0848421288617027,False,0.4196,过孔/焊盘短接入,5ecbc9a0-3382-49d5-b0ce-1e6d1c635907;de6e5d25-e1ff-45dd-997c-2ffa85083391,接入坐标、支路及回流优先；不新增蛇形来强制角度。必要例外不代表自动最优。
de6e5d25-e1ff-45dd-997c-2ffa85083391,OPEN_ALLOWED,F.Cu,"[161168500, 114626100]","[155586600, 115876500]",5.720236688284848,False,1.2504,既有内部直连/支路顶点,602e120a-cebb-4feb-b785-8f868eb6437a;b751a387-c09b-4259-9e62-999e5c13a55d,接入坐标、支路及回流优先；不新增蛇形来强制角度。必要例外不代表自动最优。
97221d44-e13e-48b6-aa44-e3c19863bf2a,OPEN_ALLOWED,B.Cu,"[153205600, 117893900]","[153205600, 117837900]",0.056,True,0.0,过孔/焊盘短接入,5ecbc9a0-3382-49d5-b0ce-1e6d1c635907;acf599c9-1eea-401c-a96e-ad930c3069a5,接入坐标、支路及回流优先；不新增蛇形来强制角度。必要例外不代表自动最优。
0131b89a-f2cb-4754-b47d-0a5deea5d3ca,CLOSE_ALLOWED,F.Cu,"[167119400, 107937400]","[170988000, 107898000]",3.8688006306864664,False,0.0394,过孔/焊盘短接入,958563f3-0545-4280-a7ac-53a399adb340;d2cdebe5-af0c-4db9-8a0a-258917de3bcd,接入坐标、支路及回流优先；不新增蛇形来强制角度。必要例外不代表自动最优。
85ac9b47-b4d5-4625-85ae-0830da0e75e8,CLOSE_ALLOWED,F.Cu,"[152536400, 117243300]","[155296100, 115424800]",3.3049790226263163,False,0.9412,过孔/焊盘短接入,b2569ba6-20e0-4e44-9615-a52baeee84d5;bba9a761-db40-414d-bebb-ef473ccbef67,接入坐标、支路及回流优先；不新增蛇形来强制角度。必要例外不代表自动最优。
b2569ba6-20e0-4e44-9615-a52baeee84d5,CLOSE_ALLOWED,F.Cu,"[155296100, 115424800]","[160981400, 114174400]",5.821179970590156,False,1.2504,既有内部直连/支路顶点,28faac82-3d9f-448f-a565-97dc37c64f41;85ac9b47-b4d5-4625-85ae-0830da0e75e8,接入坐标、支路及回流优先；不新增蛇形来强制角度。必要例外不代表自动最优。
d2cdebe5-af0c-4db9-8a0a-258917de3bcd,CLOSE_ALLOWED,F.Cu,"[161319200, 113836600]","[167119400, 107937400]",8.273021254656609,False,0.099,既有内部直连/支路顶点,0131b89a-f2cb-4754-b47d-0a5deea5d3ca;28faac82-3d9f-448f-a565-97dc37c64f41,接入坐标、支路及回流优先；不新增蛇形来强制角度。必要例外不代表自动最优。
a20a43d4-3a88-42c9-b932-6ff96d63ac38,CLOSE_ALLOWED,B.Cu,"[170988000, 107898000]","[171230600, 107937400]",0.24577859955659281,False,0.0394,过孔/焊盘短接入,2d97d1d7-ad70-42ef-a514-26ed0cd8270e;958563f3-0545-4280-a7ac-53a399adb340,接入坐标、支路及回流优先；不新增蛇形来强制角度。必要例外不代表自动最优。
b7b11ab5-bbef-47cf-bc0e-d4795fac9013,CLOSE_ALLOWED,B.Cu,"[152287100, 118173600]","[152536400, 117243300]",0.9631243844903938,False,0.2493,过孔/焊盘短接入,64d6631e-d486-479d-bcaa-62a33879eb6f;bba9a761-db40-414d-bebb-ef473ccbef67,接入坐标、支路及回流优先；不新增蛇形来强制角度。必要例外不代表自动最优。
f0386470-4b30-4798-a8fe-5b7f1594d898,CLOSE_ALLOWED,B.Cu,"[149920200, 119145000]","[151684700, 118776000]",1.8026705883216712,False,0.369,过孔/焊盘短接入,64d6631e-d486-479d-bcaa-62a33879eb6f;9b159f62-f8b3-44a2-bcee-4d077ec95629;U37.6,接入坐标、支路及回流优先；不新增蛇形来强制角度。必要例外不代表自动最优。
1bd73b46-49b1-4e2c-9353-9657a806911b,DIR_ALLOWED,F.Cu,"[161422200, 112882800]","[160666100, 112872800]",0.7561661259273653,False,0.01,过孔/焊盘短接入,1080f10a-c6bf-4241-a5ef-6e15a741b6ec;5491f517-0cb5-4b1f-9794-6f7174afc4f0,接入坐标、支路及回流优先；不新增蛇形来强制角度。必要例外不代表自动最优。
5bdfc2f9-0879-456d-9f50-d6f9b5a843a9,DIR_ALLOWED,B.Cu,"[160666100, 112872800]","[159082500, 114486400]",2.2608613225936702,False,0.03,过孔/焊盘短接入,3e8e8832-081d-472f-9971-7cb6568b6910;5491f517-0cb5-4b1f-9794-6f7174afc4f0,接入坐标、支路及回流优先；不新增蛇形来强制角度。必要例外不代表自动最优。
8ea5780b-8680-40d1-9a0e-59fa824b924b,DIR_ALLOWED,B.Cu,"[155815800, 119880000]","[154862500, 119850000]",0.9537719276640512,False,0.03,过孔/焊盘短接入,U37.10;e76352ff-36b0-4825-b35c-706aef931740,接入坐标、支路及回流优先；不新增蛇形来强制角度。必要例外不代表自动最优。
e76352ff-36b0-4825-b35c-706aef931740,DIR_ALLOWED,B.Cu,"[159082500, 116563300]","[155815800, 119880000]",4.655301040749137,False,0.05,既有内部直连/支路顶点,3e8e8832-081d-472f-9971-7cb6568b6910;8ea5780b-8680-40d1-9a0e-59fa824b924b,接入坐标、支路及回流优先；不新增蛇形来强制角度。必要例外不代表自动最优。
