ISO-10303-21;
HEADER;
FILE_DESCRIPTION(('FreeCAD Model'),'2;1');
FILE_NAME('Open CASCADE Shape Model','2026-10-04T09:53:45',('FreeCAD'),(
    'FreeCAD'),'Open CASCADE STEP processor 7.8','FreeCAD','Unknown');
FILE_SCHEMA(('AUTOMOTIVE_DESIGN { 1 0 10303 214 1 1 1 1 }'));
ENDSEC;
DATA;
#1 = APPLICATION_PROTOCOL_DEFINITION('international standard',
  'automotive_design',2000,#2);
#2 = APPLICATION_CONTEXT(
  'core data for automotive mechanical design processes');
#3 = SHAPE_DEFINITION_REPRESENTATION(#4,#10);
#4 = PRODUCT_DEFINITION_SHAPE('','',#5);
#5 = PRODUCT_DEFINITION('design','',#6,#9);
#6 = PRODUCT_DEFINITION_FORMATION('','',#7);
#7 = PRODUCT('Open CASCADE STEP translator 7.8 1',
  'Open CASCADE STEP translator 7.8 1','',(#8));
#8 = PRODUCT_CONTEXT('',#2,'mechanical');
#9 = PRODUCT_DEFINITION_CONTEXT('part definition',#2,'design');
#10 = ADVANCED_BREP_SHAPE_REPRESENTATION('',(#11,#15),#8996);
#11 = AXIS2_PLACEMENT_3D('',#12,#13,#14);
#12 = CARTESIAN_POINT('',(0.,0.,0.));
#13 = DIRECTION('',(0.,0.,1.));
#14 = DIRECTION('',(1.,0.,-0.));
#15 = MANIFOLD_SOLID_BREP('',#16);
#16 = CLOSED_SHELL('',(#17,#57,#152,#218,#258,#491,#556,#651,#726,#757,
    #822,#844,#876,#916,#947,#1042,#1214,#1381,#1608,#1664,#1711,#1751,
    #1846,#1936,#1967,#1991,#2015,#2046,#2070,#2094,#2141,#2236,#2253,
    #2270,#2296,#2318,#2335,#2352,#2364,#2381,#2398,#2415,#2432,#2444,
    #2456,#2478,#2495,#2512,#2524,#2581,#2612,#2687,#2718,#2774,#2796,
    #2808,#2825,#2842,#2854,#2899,#2916,#2933,#2945,#3031,#3062,#3127,
    #3158,#3224,#3246,#3258,#3275,#3292,#3304,#3399,#3494,#3551,#3582,
    #3647,#3678,#3744,#3766,#3778,#3795,#3812,#3824,#3846,#3863,#3880,
    #3892,#3923,#3979,#4035,#4066,#4097,#4114,#4136,#4153,#4170,#4182,
    #4204,#4221,#4238,#4250,#4272,#4289,#4306,#4318,#4694,#4718,#4742,
    #4759,#4783,#4807,#4824,#4857,#4888,#4905,#4938,#4971,#5002,#5026,
    #5050,#5081,#5105,#5129,#5141,#5172,#5196,#5220,#5251,#5275,#5299,
    #5321,#5338,#5355,#5367,#5398,#5422,#5446,#5477,#5501,#5525,#5542,
    #5573,#5597,#5621,#5652,#5676,#5700,#5722,#5739,#5756,#5768,#5799,
    #5823,#5847,#5878,#5902,#5926,#5957,#5981,#6005,#6036,#6060,#6084,
    #6106,#6123,#6140,#6152,#6183,#6207,#6231,#6262,#6286,#6310,#6338,
    #6369,#6393,#6417,#6448,#6472,#6496,#6524,#6536,#6553,#6565,#6577,
    #6608,#6632,#6656,#6673,#6704,#6728,#6752,#6769,#6800,#6824,#6848,
    #6865,#6896,#6920,#6944,#6961,#6992,#7016,#7040,#7057,#7088,#7112,
    #7136,#7153,#7184,#7208,#7232,#7249,#7280,#7304,#7328,#7345,#7357,
    #7374,#7391,#7408,#7425,#7442,#7459,#7476,#7493,#7510,#7527,#7544,
    #7561,#7578,#7595,#7612,#7629,#7646,#7669,#7681,#7704,#7716,#7739,
    #7762,#7785,#7808,#7833,#7858,#7883,#7908,#7933,#7958,#7967,#7976,
    #7985,#7994,#8003,#8012,#8310,#8335,#8344,#8369,#8378,#8403,#8412,
    #8437,#8446,#8471,#8480,#8505,#8514,#8539,#8548,#8573,#8582,#8607,
    #8616,#8641,#8650,#8675,#8684,#8709,#8718,#8743,#8752,#8777,#8786,
    #8811,#8820,#8845,#8854,#8882,#8928,#8953,#8962,#8987));
#17 = ADVANCED_FACE('',(#18),#52,.F.);
#18 = FACE_BOUND('',#19,.F.);
#19 = EDGE_LOOP('',(#20,#30,#38,#46));
#20 = ORIENTED_EDGE('',*,*,#21,.F.);
#21 = EDGE_CURVE('',#22,#24,#26,.T.);
#22 = VERTEX_POINT('',#23);
#23 = CARTESIAN_POINT('',(-5.,-46.06,0.));
#24 = VERTEX_POINT('',#25);
#25 = CARTESIAN_POINT('',(5.,-46.06,0.));
#26 = LINE('',#27,#28);
#27 = CARTESIAN_POINT('',(-61.74,-46.06,0.));
#28 = VECTOR('',#29,1.);
#29 = DIRECTION('',(1.,0.,0.));
#30 = ORIENTED_EDGE('',*,*,#31,.T.);
#31 = EDGE_CURVE('',#22,#32,#34,.T.);
#32 = VERTEX_POINT('',#33);
#33 = CARTESIAN_POINT('',(-5.,-46.06,52.1));
#34 = LINE('',#35,#36);
#35 = CARTESIAN_POINT('',(-5.,-46.06,0.));
#36 = VECTOR('',#37,1.);
#37 = DIRECTION('',(0.,0.,1.));
#38 = ORIENTED_EDGE('',*,*,#39,.T.);
#39 = EDGE_CURVE('',#32,#40,#42,.T.);
#40 = VERTEX_POINT('',#41);
#41 = CARTESIAN_POINT('',(5.,-46.06,52.1));
#42 = LINE('',#43,#44);
#43 = CARTESIAN_POINT('',(-61.74,-46.06,52.1));
#44 = VECTOR('',#45,1.);
#45 = DIRECTION('',(1.,0.,0.));
#46 = ORIENTED_EDGE('',*,*,#47,.F.);
#47 = EDGE_CURVE('',#24,#40,#48,.T.);
#48 = LINE('',#49,#50);
#49 = CARTESIAN_POINT('',(5.,-46.06,0.));
#50 = VECTOR('',#51,1.);
#51 = DIRECTION('',(0.,0.,1.));
#52 = PLANE('',#53);
#53 = AXIS2_PLACEMENT_3D('',#54,#55,#56);
#54 = CARTESIAN_POINT('',(-61.74,-46.06,0.));
#55 = DIRECTION('',(0.,1.,0.));
#56 = DIRECTION('',(0.,0.,1.));
#57 = ADVANCED_FACE('',(#58),#147,.T.);
#58 = FACE_BOUND('',#59,.T.);
#59 = EDGE_LOOP('',(#60,#70,#78,#84,#85,#93,#101,#109,#117,#125,#133,
    #141));
#60 = ORIENTED_EDGE('',*,*,#61,.F.);
#61 = EDGE_CURVE('',#62,#64,#66,.T.);
#62 = VERTEX_POINT('',#63);
#63 = CARTESIAN_POINT('',(-5.,-111.06,52.1));
#64 = VERTEX_POINT('',#65);
#65 = CARTESIAN_POINT('',(-5.,-106.56,52.1));
#66 = LINE('',#67,#68);
#67 = CARTESIAN_POINT('',(-5.,-111.06,52.1));
#68 = VECTOR('',#69,1.);
#69 = DIRECTION('',(0.,1.,0.));
#70 = ORIENTED_EDGE('',*,*,#71,.F.);
#71 = EDGE_CURVE('',#72,#62,#74,.T.);
#72 = VERTEX_POINT('',#73);
#73 = CARTESIAN_POINT('',(-5.,-111.06,0.));
#74 = LINE('',#75,#76);
#75 = CARTESIAN_POINT('',(-5.,-111.06,0.));
#76 = VECTOR('',#77,1.);
#77 = DIRECTION('',(0.,0.,1.));
#78 = ORIENTED_EDGE('',*,*,#79,.T.);
#79 = EDGE_CURVE('',#72,#22,#80,.T.);
#80 = LINE('',#81,#82);
#81 = CARTESIAN_POINT('',(-5.,-111.06,0.));
#82 = VECTOR('',#83,1.);
#83 = DIRECTION('',(0.,1.,0.));
#84 = ORIENTED_EDGE('',*,*,#31,.T.);
#85 = ORIENTED_EDGE('',*,*,#86,.F.);
#86 = EDGE_CURVE('',#87,#32,#89,.T.);
#87 = VERTEX_POINT('',#88);
#88 = CARTESIAN_POINT('',(-5.,-50.56,52.1));
#89 = LINE('',#90,#91);
#90 = CARTESIAN_POINT('',(-5.,-111.06,52.1));
#91 = VECTOR('',#92,1.);
#92 = DIRECTION('',(0.,1.,0.));
#93 = ORIENTED_EDGE('',*,*,#94,.F.);
#94 = EDGE_CURVE('',#95,#87,#97,.T.);
#95 = VERTEX_POINT('',#96);
#96 = CARTESIAN_POINT('',(-5.,-50.56,45.1));
#97 = LINE('',#98,#99);
#98 = CARTESIAN_POINT('',(-5.,-50.56,22.55));
#99 = VECTOR('',#100,1.);
#100 = DIRECTION('',(0.,0.,1.));
#101 = ORIENTED_EDGE('',*,*,#102,.T.);
#102 = EDGE_CURVE('',#95,#103,#105,.T.);
#103 = VERTEX_POINT('',#104);
#104 = CARTESIAN_POINT('',(-5.,-55.56,45.1));
#105 = LINE('',#106,#107);
#106 = CARTESIAN_POINT('',(-5.,-83.31,45.1));
#107 = VECTOR('',#108,1.);
#108 = DIRECTION('',(0.,-1.,0.));
#109 = ORIENTED_EDGE('',*,*,#110,.T.);
#110 = EDGE_CURVE('',#103,#111,#113,.T.);
#111 = VERTEX_POINT('',#112);
#112 = CARTESIAN_POINT('',(-5.,-55.56,52.1));
#113 = LINE('',#114,#115);
#114 = CARTESIAN_POINT('',(-5.,-55.56,22.55));
#115 = VECTOR('',#116,1.);
#116 = DIRECTION('',(0.,0.,1.));
#117 = ORIENTED_EDGE('',*,*,#118,.F.);
#118 = EDGE_CURVE('',#119,#111,#121,.T.);
#119 = VERTEX_POINT('',#120);
#120 = CARTESIAN_POINT('',(-5.,-101.56,52.1));
#121 = LINE('',#122,#123);
#122 = CARTESIAN_POINT('',(-5.,-111.06,52.1));
#123 = VECTOR('',#124,1.);
#124 = DIRECTION('',(0.,1.,0.));
#125 = ORIENTED_EDGE('',*,*,#126,.F.);
#126 = EDGE_CURVE('',#127,#119,#129,.T.);
#127 = VERTEX_POINT('',#128);
#128 = CARTESIAN_POINT('',(-5.,-101.56,45.1));
#129 = LINE('',#130,#131);
#130 = CARTESIAN_POINT('',(-5.,-101.56,22.55));
#131 = VECTOR('',#132,1.);
#132 = DIRECTION('',(0.,0.,1.));
#133 = ORIENTED_EDGE('',*,*,#134,.T.);
#134 = EDGE_CURVE('',#127,#135,#137,.T.);
#135 = VERTEX_POINT('',#136);
#136 = CARTESIAN_POINT('',(-5.,-106.56,45.1));
#137 = LINE('',#138,#139);
#138 = CARTESIAN_POINT('',(-5.,-108.81,45.1));
#139 = VECTOR('',#140,1.);
#140 = DIRECTION('',(0.,-1.,0.));
#141 = ORIENTED_EDGE('',*,*,#142,.T.);
#142 = EDGE_CURVE('',#135,#64,#143,.T.);
#143 = LINE('',#144,#145);
#144 = CARTESIAN_POINT('',(-5.,-106.56,22.55));
#145 = VECTOR('',#146,1.);
#146 = DIRECTION('',(0.,0.,1.));
#147 = PLANE('',#148);
#148 = AXIS2_PLACEMENT_3D('',#149,#150,#151);
#149 = CARTESIAN_POINT('',(-5.,-111.06,0.));
#150 = DIRECTION('',(1.,0.,0.));
#151 = DIRECTION('',(0.,0.,1.));
#152 = ADVANCED_FACE('',(#153,#178),#213,.F.);
#153 = FACE_BOUND('',#154,.F.);
#154 = EDGE_LOOP('',(#155,#163,#171,#177));
#155 = ORIENTED_EDGE('',*,*,#156,.F.);
#156 = EDGE_CURVE('',#157,#72,#159,.T.);
#157 = VERTEX_POINT('',#158);
#158 = CARTESIAN_POINT('',(-57.,-111.06,0.));
#159 = LINE('',#160,#161);
#160 = CARTESIAN_POINT('',(-57.,-111.06,0.));
#161 = VECTOR('',#162,1.);
#162 = DIRECTION('',(1.,0.,0.));
#163 = ORIENTED_EDGE('',*,*,#164,.T.);
#164 = EDGE_CURVE('',#157,#165,#167,.T.);
#165 = VERTEX_POINT('',#166);
#166 = CARTESIAN_POINT('',(-57.,-111.06,52.1));
#167 = LINE('',#168,#169);
#168 = CARTESIAN_POINT('',(-57.,-111.06,0.));
#169 = VECTOR('',#170,1.);
#170 = DIRECTION('',(0.,0.,1.));
#171 = ORIENTED_EDGE('',*,*,#172,.T.);
#172 = EDGE_CURVE('',#165,#62,#173,.T.);
#173 = LINE('',#174,#175);
#174 = CARTESIAN_POINT('',(-57.,-111.06,52.1));
#175 = VECTOR('',#176,1.);
#176 = DIRECTION('',(1.,0.,0.));
#177 = ORIENTED_EDGE('',*,*,#71,.F.);
#178 = FACE_BOUND('',#179,.F.);
#179 = EDGE_LOOP('',(#180,#191,#199,#207));
#180 = ORIENTED_EDGE('',*,*,#181,.F.);
#181 = EDGE_CURVE('',#182,#184,#186,.T.);
#182 = VERTEX_POINT('',#183);
#183 = CARTESIAN_POINT('',(-29.4,-111.06,37.034604659887));
#184 = VERTEX_POINT('',#185);
#185 = CARTESIAN_POINT('',(-32.6,-111.06,37.034604659887));
#186 = CIRCLE('',#187,11.15);
#187 = AXIS2_PLACEMENT_3D('',#188,#189,#190);
#188 = CARTESIAN_POINT('',(-31.,-111.06,26.));
#189 = DIRECTION('',(0.,1.,0.));
#190 = DIRECTION('',(0.,0.,1.));
#191 = ORIENTED_EDGE('',*,*,#192,.F.);
#192 = EDGE_CURVE('',#193,#182,#195,.T.);
#193 = VERTEX_POINT('',#194);
#194 = CARTESIAN_POINT('',(-29.4,-111.06,38.55));
#195 = LINE('',#196,#197);
#196 = CARTESIAN_POINT('',(-29.4,-111.06,18.475));
#197 = VECTOR('',#198,1.);
#198 = DIRECTION('',(0.,0.,-1.));
#199 = ORIENTED_EDGE('',*,*,#200,.F.);
#200 = EDGE_CURVE('',#201,#193,#203,.T.);
#201 = VERTEX_POINT('',#202);
#202 = CARTESIAN_POINT('',(-32.6,-111.06,38.55));
#203 = LINE('',#204,#205);
#204 = CARTESIAN_POINT('',(-44.8,-111.06,38.55));
#205 = VECTOR('',#206,1.);
#206 = DIRECTION('',(1.,0.,0.));
#207 = ORIENTED_EDGE('',*,*,#208,.T.);
#208 = EDGE_CURVE('',#201,#184,#209,.T.);
#209 = LINE('',#210,#211);
#210 = CARTESIAN_POINT('',(-32.6,-111.06,18.475));
#211 = VECTOR('',#212,1.);
#212 = DIRECTION('',(0.,0.,-1.));
#213 = PLANE('',#214);
#214 = AXIS2_PLACEMENT_3D('',#215,#216,#217);
#215 = CARTESIAN_POINT('',(-57.,-111.06,0.));
#216 = DIRECTION('',(0.,1.,0.));
#217 = DIRECTION('',(0.,0.,1.));
#218 = ADVANCED_FACE('',(#219),#253,.F.);
#219 = FACE_BOUND('',#220,.F.);
#220 = EDGE_LOOP('',(#221,#231,#239,#247));
#221 = ORIENTED_EDGE('',*,*,#222,.F.);
#222 = EDGE_CURVE('',#223,#225,#227,.T.);
#223 = VERTEX_POINT('',#224);
#224 = CARTESIAN_POINT('',(57.,-46.06,0.));
#225 = VERTEX_POINT('',#226);
#226 = CARTESIAN_POINT('',(61.74,-46.06,0.));
#227 = LINE('',#228,#229);
#228 = CARTESIAN_POINT('',(-61.74,-46.06,0.));
#229 = VECTOR('',#230,1.);
#230 = DIRECTION('',(1.,0.,0.));
#231 = ORIENTED_EDGE('',*,*,#232,.T.);
#232 = EDGE_CURVE('',#223,#233,#235,.T.);
#233 = VERTEX_POINT('',#234);
#234 = CARTESIAN_POINT('',(57.,-46.06,52.1));
#235 = LINE('',#236,#237);
#236 = CARTESIAN_POINT('',(57.,-46.06,0.));
#237 = VECTOR('',#238,1.);
#238 = DIRECTION('',(0.,0.,1.));
#239 = ORIENTED_EDGE('',*,*,#240,.T.);
#240 = EDGE_CURVE('',#233,#241,#243,.T.);
#241 = VERTEX_POINT('',#242);
#242 = CARTESIAN_POINT('',(61.74,-46.06,52.1));
#243 = LINE('',#244,#245);
#244 = CARTESIAN_POINT('',(-61.74,-46.06,52.1));
#245 = VECTOR('',#246,1.);
#246 = DIRECTION('',(1.,0.,0.));
#247 = ORIENTED_EDGE('',*,*,#248,.F.);
#248 = EDGE_CURVE('',#225,#241,#249,.T.);
#249 = LINE('',#250,#251);
#250 = CARTESIAN_POINT('',(61.74,-46.06,0.));
#251 = VECTOR('',#252,1.);
#252 = DIRECTION('',(0.,0.,1.));
#253 = PLANE('',#254);
#254 = AXIS2_PLACEMENT_3D('',#255,#256,#257);
#255 = CARTESIAN_POINT('',(-61.74,-46.06,0.));
#256 = DIRECTION('',(0.,1.,0.));
#257 = DIRECTION('',(0.,0.,1.));
#258 = ADVANCED_FACE('',(#259,#284,#318,#384,#418,#452),#486,.T.);
#259 = FACE_BOUND('',#260,.T.);
#260 = EDGE_LOOP('',(#261,#262,#270,#278));
#261 = ORIENTED_EDGE('',*,*,#248,.F.);
#262 = ORIENTED_EDGE('',*,*,#263,.T.);
#263 = EDGE_CURVE('',#225,#264,#266,.T.);
#264 = VERTEX_POINT('',#265);
#265 = CARTESIAN_POINT('',(61.74,46.06,0.));
#266 = LINE('',#267,#268);
#267 = CARTESIAN_POINT('',(61.74,-46.06,0.));
#268 = VECTOR('',#269,1.);
#269 = DIRECTION('',(0.,1.,0.));
#270 = ORIENTED_EDGE('',*,*,#271,.T.);
#271 = EDGE_CURVE('',#264,#272,#274,.T.);
#272 = VERTEX_POINT('',#273);
#273 = CARTESIAN_POINT('',(61.74,46.06,52.1));
#274 = LINE('',#275,#276);
#275 = CARTESIAN_POINT('',(61.74,46.06,0.));
#276 = VECTOR('',#277,1.);
#277 = DIRECTION('',(0.,0.,1.));
#278 = ORIENTED_EDGE('',*,*,#279,.F.);
#279 = EDGE_CURVE('',#241,#272,#280,.T.);
#280 = LINE('',#281,#282);
#281 = CARTESIAN_POINT('',(61.74,-46.06,52.1));
#282 = VECTOR('',#283,1.);
#283 = DIRECTION('',(0.,1.,0.));
#284 = FACE_BOUND('',#285,.T.);
#285 = EDGE_LOOP('',(#286,#296,#304,#312));
#286 = ORIENTED_EDGE('',*,*,#287,.T.);
#287 = EDGE_CURVE('',#288,#290,#292,.T.);
#288 = VERTEX_POINT('',#289);
#289 = CARTESIAN_POINT('',(61.74,4.,23.));
#290 = VERTEX_POINT('',#291);
#291 = CARTESIAN_POINT('',(61.74,-4.,23.));
#292 = LINE('',#293,#294);
#293 = CARTESIAN_POINT('',(61.74,-25.03,23.));
#294 = VECTOR('',#295,1.);
#295 = DIRECTION('',(0.,-1.,0.));
#296 = ORIENTED_EDGE('',*,*,#297,.T.);
#297 = EDGE_CURVE('',#290,#298,#300,.T.);
#298 = VERTEX_POINT('',#299);
#299 = CARTESIAN_POINT('',(61.74,-4.,29.));
#300 = LINE('',#301,#302);
#301 = CARTESIAN_POINT('',(61.74,-4.,11.5));
#302 = VECTOR('',#303,1.);
#303 = DIRECTION('',(0.,0.,1.));
#304 = ORIENTED_EDGE('',*,*,#305,.F.);
#305 = EDGE_CURVE('',#306,#298,#308,.T.);
#306 = VERTEX_POINT('',#307);
#307 = CARTESIAN_POINT('',(61.74,4.,29.));
#308 = LINE('',#309,#310);
#309 = CARTESIAN_POINT('',(61.74,-25.03,29.));
#310 = VECTOR('',#311,1.);
#311 = DIRECTION('',(0.,-1.,0.));
#312 = ORIENTED_EDGE('',*,*,#313,.F.);
#313 = EDGE_CURVE('',#288,#306,#314,.T.);
#314 = LINE('',#315,#316);
#315 = CARTESIAN_POINT('',(61.74,4.,11.5));
#316 = VECTOR('',#317,1.);
#317 = DIRECTION('',(0.,0.,1.));
#318 = FACE_BOUND('',#319,.T.);
#319 = EDGE_LOOP('',(#320,#330,#338,#346,#354,#362,#370,#378));
#320 = ORIENTED_EDGE('',*,*,#321,.F.);
#321 = EDGE_CURVE('',#322,#324,#326,.T.);
#322 = VERTEX_POINT('',#323);
#323 = CARTESIAN_POINT('',(61.74,-16.,9.));
#324 = VERTEX_POINT('',#325);
#325 = CARTESIAN_POINT('',(61.74,16.,9.));
#326 = LINE('',#327,#328);
#327 = CARTESIAN_POINT('',(61.74,-16.,9.));
#328 = VECTOR('',#329,1.);
#329 = DIRECTION('',(1.110223024625E-16,1.,0.));
#330 = ORIENTED_EDGE('',*,*,#331,.T.);
#331 = EDGE_CURVE('',#322,#332,#334,.T.);
#332 = VERTEX_POINT('',#333);
#333 = CARTESIAN_POINT('',(61.74,-16.,43.));
#334 = LINE('',#335,#336);
#335 = CARTESIAN_POINT('',(61.74,-16.,9.));
#336 = VECTOR('',#337,1.);
#337 = DIRECTION('',(0.,0.,1.));
#338 = ORIENTED_EDGE('',*,*,#339,.T.);
#339 = EDGE_CURVE('',#332,#340,#342,.T.);
#340 = VERTEX_POINT('',#341);
#341 = CARTESIAN_POINT('',(61.74,-13.,43.));
#342 = LINE('',#343,#344);
#343 = CARTESIAN_POINT('',(61.74,-16.,43.));
#344 = VECTOR('',#345,1.);
#345 = DIRECTION('',(1.110223024625E-16,1.,0.));
#346 = ORIENTED_EDGE('',*,*,#347,.F.);
#347 = EDGE_CURVE('',#348,#340,#350,.T.);
#348 = VERTEX_POINT('',#349);
#349 = CARTESIAN_POINT('',(61.74,-13.,12.));
#350 = LINE('',#351,#352);
#351 = CARTESIAN_POINT('',(61.74,-13.,12.));
#352 = VECTOR('',#353,1.);
#353 = DIRECTION('',(0.,0.,1.));
#354 = ORIENTED_EDGE('',*,*,#355,.T.);
#355 = EDGE_CURVE('',#348,#356,#358,.T.);
#356 = VERTEX_POINT('',#357);
#357 = CARTESIAN_POINT('',(61.74,13.,12.));
#358 = LINE('',#359,#360);
#359 = CARTESIAN_POINT('',(61.74,-13.,12.));
#360 = VECTOR('',#361,1.);
#361 = DIRECTION('',(1.110223024625E-16,1.,0.));
#362 = ORIENTED_EDGE('',*,*,#363,.T.);
#363 = EDGE_CURVE('',#356,#364,#366,.T.);
#364 = VERTEX_POINT('',#365);
#365 = CARTESIAN_POINT('',(61.74,13.,43.));
#366 = LINE('',#367,#368);
#367 = CARTESIAN_POINT('',(61.74,13.,12.));
#368 = VECTOR('',#369,1.);
#369 = DIRECTION('',(0.,0.,1.));
#370 = ORIENTED_EDGE('',*,*,#371,.T.);
#371 = EDGE_CURVE('',#364,#372,#374,.T.);
#372 = VERTEX_POINT('',#373);
#373 = CARTESIAN_POINT('',(61.74,16.,43.));
#374 = LINE('',#375,#376);
#375 = CARTESIAN_POINT('',(61.74,-16.,43.));
#376 = VECTOR('',#377,1.);
#377 = DIRECTION('',(1.110223024625E-16,1.,0.));
#378 = ORIENTED_EDGE('',*,*,#379,.F.);
#379 = EDGE_CURVE('',#324,#372,#380,.T.);
#380 = LINE('',#381,#382);
#381 = CARTESIAN_POINT('',(61.74,16.,9.));
#382 = VECTOR('',#383,1.);
#383 = DIRECTION('',(0.,0.,1.));
#384 = FACE_BOUND('',#385,.T.);
#385 = EDGE_LOOP('',(#386,#396,#404,#412));
#386 = ORIENTED_EDGE('',*,*,#387,.T.);
#387 = EDGE_CURVE('',#388,#390,#392,.T.);
#388 = VERTEX_POINT('',#389);
#389 = CARTESIAN_POINT('',(61.74,36.5,38.));
#390 = VERTEX_POINT('',#391);
#391 = CARTESIAN_POINT('',(61.74,21.5,38.));
#392 = LINE('',#393,#394);
#393 = CARTESIAN_POINT('',(61.74,-12.28,38.));
#394 = VECTOR('',#395,1.);
#395 = DIRECTION('',(0.,-1.,0.));
#396 = ORIENTED_EDGE('',*,*,#397,.T.);
#397 = EDGE_CURVE('',#390,#398,#400,.T.);
#398 = VERTEX_POINT('',#399);
#399 = CARTESIAN_POINT('',(61.74,21.5,46.));
#400 = LINE('',#401,#402);
#401 = CARTESIAN_POINT('',(61.74,21.5,19.));
#402 = VECTOR('',#403,1.);
#403 = DIRECTION('',(0.,0.,1.));
#404 = ORIENTED_EDGE('',*,*,#405,.F.);
#405 = EDGE_CURVE('',#406,#398,#408,.T.);
#406 = VERTEX_POINT('',#407);
#407 = CARTESIAN_POINT('',(61.74,36.5,46.));
#408 = LINE('',#409,#410);
#409 = CARTESIAN_POINT('',(61.74,-12.28,46.));
#410 = VECTOR('',#411,1.);
#411 = DIRECTION('',(0.,-1.,0.));
#412 = ORIENTED_EDGE('',*,*,#413,.F.);
#413 = EDGE_CURVE('',#388,#406,#414,.T.);
#414 = LINE('',#415,#416);
#415 = CARTESIAN_POINT('',(61.74,36.5,19.));
#416 = VECTOR('',#417,1.);
#417 = DIRECTION('',(0.,0.,1.));
#418 = FACE_BOUND('',#419,.T.);
#419 = EDGE_LOOP('',(#420,#430,#438,#446));
#420 = ORIENTED_EDGE('',*,*,#421,.T.);
#421 = EDGE_CURVE('',#422,#424,#426,.T.);
#422 = VERTEX_POINT('',#423);
#423 = CARTESIAN_POINT('',(61.74,-26.,22.));
#424 = VERTEX_POINT('',#425);
#425 = CARTESIAN_POINT('',(61.74,-38.,22.));
#426 = LINE('',#427,#428);
#427 = CARTESIAN_POINT('',(61.74,-42.03,22.));
#428 = VECTOR('',#429,1.);
#429 = DIRECTION('',(0.,-1.,0.));
#430 = ORIENTED_EDGE('',*,*,#431,.T.);
#431 = EDGE_CURVE('',#424,#432,#434,.T.);
#432 = VERTEX_POINT('',#433);
#433 = CARTESIAN_POINT('',(61.74,-38.,30.));
#434 = LINE('',#435,#436);
#435 = CARTESIAN_POINT('',(61.74,-38.,11.));
#436 = VECTOR('',#437,1.);
#437 = DIRECTION('',(0.,0.,1.));
#438 = ORIENTED_EDGE('',*,*,#439,.F.);
#439 = EDGE_CURVE('',#440,#432,#442,.T.);
#440 = VERTEX_POINT('',#441);
#441 = CARTESIAN_POINT('',(61.74,-26.,30.));
#442 = LINE('',#443,#444);
#443 = CARTESIAN_POINT('',(61.74,-42.03,30.));
#444 = VECTOR('',#445,1.);
#445 = DIRECTION('',(0.,-1.,0.));
#446 = ORIENTED_EDGE('',*,*,#447,.F.);
#447 = EDGE_CURVE('',#422,#440,#448,.T.);
#448 = LINE('',#449,#450);
#449 = CARTESIAN_POINT('',(61.74,-26.,11.));
#450 = VECTOR('',#451,1.);
#451 = DIRECTION('',(0.,0.,1.));
#452 = FACE_BOUND('',#453,.T.);
#453 = EDGE_LOOP('',(#454,#464,#472,#480));
#454 = ORIENTED_EDGE('',*,*,#455,.T.);
#455 = EDGE_CURVE('',#456,#458,#460,.T.);
#456 = VERTEX_POINT('',#457);
#457 = CARTESIAN_POINT('',(61.74,-21.5,38.));
#458 = VERTEX_POINT('',#459);
#459 = CARTESIAN_POINT('',(61.74,-36.5,38.));
#460 = LINE('',#461,#462);
#461 = CARTESIAN_POINT('',(61.74,-41.28,38.));
#462 = VECTOR('',#463,1.);
#463 = DIRECTION('',(0.,-1.,0.));
#464 = ORIENTED_EDGE('',*,*,#465,.T.);
#465 = EDGE_CURVE('',#458,#466,#468,.T.);
#466 = VERTEX_POINT('',#467);
#467 = CARTESIAN_POINT('',(61.74,-36.5,46.));
#468 = LINE('',#469,#470);
#469 = CARTESIAN_POINT('',(61.74,-36.5,19.));
#470 = VECTOR('',#471,1.);
#471 = DIRECTION('',(0.,0.,1.));
#472 = ORIENTED_EDGE('',*,*,#473,.F.);
#473 = EDGE_CURVE('',#474,#466,#476,.T.);
#474 = VERTEX_POINT('',#475);
#475 = CARTESIAN_POINT('',(61.74,-21.5,46.));
#476 = LINE('',#477,#478);
#477 = CARTESIAN_POINT('',(61.74,-41.28,46.));
#478 = VECTOR('',#479,1.);
#479 = DIRECTION('',(0.,-1.,0.));
#480 = ORIENTED_EDGE('',*,*,#481,.F.);
#481 = EDGE_CURVE('',#456,#474,#482,.T.);
#482 = LINE('',#483,#484);
#483 = CARTESIAN_POINT('',(61.74,-21.5,19.));
#484 = VECTOR('',#485,1.);
#485 = DIRECTION('',(0.,0.,1.));
#486 = PLANE('',#487);
#487 = AXIS2_PLACEMENT_3D('',#488,#489,#490);
#488 = CARTESIAN_POINT('',(61.74,-46.06,0.));
#489 = DIRECTION('',(1.,0.,0.));
#490 = DIRECTION('',(0.,0.,1.));
#491 = ADVANCED_FACE('',(#492,#517),#551,.T.);
#492 = FACE_BOUND('',#493,.T.);
#493 = EDGE_LOOP('',(#494,#502,#510,#516));
#494 = ORIENTED_EDGE('',*,*,#495,.F.);
#495 = EDGE_CURVE('',#496,#264,#498,.T.);
#496 = VERTEX_POINT('',#497);
#497 = CARTESIAN_POINT('',(26.,46.06,0.));
#498 = LINE('',#499,#500);
#499 = CARTESIAN_POINT('',(-61.74,46.06,0.));
#500 = VECTOR('',#501,1.);
#501 = DIRECTION('',(1.,0.,0.));
#502 = ORIENTED_EDGE('',*,*,#503,.T.);
#503 = EDGE_CURVE('',#496,#504,#506,.T.);
#504 = VERTEX_POINT('',#505);
#505 = CARTESIAN_POINT('',(26.,46.06,52.1));
#506 = LINE('',#507,#508);
#507 = CARTESIAN_POINT('',(26.,46.06,0.));
#508 = VECTOR('',#509,1.);
#509 = DIRECTION('',(0.,0.,1.));
#510 = ORIENTED_EDGE('',*,*,#511,.T.);
#511 = EDGE_CURVE('',#504,#272,#512,.T.);
#512 = LINE('',#513,#514);
#513 = CARTESIAN_POINT('',(-61.74,46.06,52.1));
#514 = VECTOR('',#515,1.);
#515 = DIRECTION('',(1.,0.,0.));
#516 = ORIENTED_EDGE('',*,*,#271,.F.);
#517 = FACE_BOUND('',#518,.T.);
#518 = EDGE_LOOP('',(#519,#529,#537,#545));
#519 = ORIENTED_EDGE('',*,*,#520,.T.);
#520 = EDGE_CURVE('',#521,#523,#525,.T.);
#521 = VERTEX_POINT('',#522);
#522 = CARTESIAN_POINT('',(34.,46.06,28.));
#523 = VERTEX_POINT('',#524);
#524 = CARTESIAN_POINT('',(52.,46.06,28.));
#525 = LINE('',#526,#527);
#526 = CARTESIAN_POINT('',(-4.87,46.06,28.));
#527 = VECTOR('',#528,1.);
#528 = DIRECTION('',(1.,0.,0.));
#529 = ORIENTED_EDGE('',*,*,#530,.T.);
#530 = EDGE_CURVE('',#523,#531,#533,.T.);
#531 = VERTEX_POINT('',#532);
#532 = CARTESIAN_POINT('',(52.,46.06,36.));
#533 = LINE('',#534,#535);
#534 = CARTESIAN_POINT('',(52.,46.06,14.));
#535 = VECTOR('',#536,1.);
#536 = DIRECTION('',(0.,0.,1.));
#537 = ORIENTED_EDGE('',*,*,#538,.F.);
#538 = EDGE_CURVE('',#539,#531,#541,.T.);
#539 = VERTEX_POINT('',#540);
#540 = CARTESIAN_POINT('',(34.,46.06,36.));
#541 = LINE('',#542,#543);
#542 = CARTESIAN_POINT('',(-4.87,46.06,36.));
#543 = VECTOR('',#544,1.);
#544 = DIRECTION('',(1.,0.,0.));
#545 = ORIENTED_EDGE('',*,*,#546,.F.);
#546 = EDGE_CURVE('',#521,#539,#547,.T.);
#547 = LINE('',#548,#549);
#548 = CARTESIAN_POINT('',(34.,46.06,14.));
#549 = VECTOR('',#550,1.);
#550 = DIRECTION('',(0.,0.,1.));
#551 = PLANE('',#552);
#552 = AXIS2_PLACEMENT_3D('',#553,#554,#555);
#553 = CARTESIAN_POINT('',(-61.74,46.06,0.));
#554 = DIRECTION('',(0.,1.,0.));
#555 = DIRECTION('',(0.,0.,1.));
#556 = ADVANCED_FACE('',(#557),#646,.F.);
#557 = FACE_BOUND('',#558,.F.);
#558 = EDGE_LOOP('',(#559,#569,#577,#583,#584,#592,#600,#608,#616,#624,
    #632,#640));
#559 = ORIENTED_EDGE('',*,*,#560,.F.);
#560 = EDGE_CURVE('',#561,#563,#565,.T.);
#561 = VERTEX_POINT('',#562);
#562 = CARTESIAN_POINT('',(26.,111.06,52.1));
#563 = VERTEX_POINT('',#564);
#564 = CARTESIAN_POINT('',(26.,106.56,52.1));
#565 = LINE('',#566,#567);
#566 = CARTESIAN_POINT('',(26.,111.06,52.1));
#567 = VECTOR('',#568,1.);
#568 = DIRECTION('',(-1.224646799147E-16,-1.,0.));
#569 = ORIENTED_EDGE('',*,*,#570,.F.);
#570 = EDGE_CURVE('',#571,#561,#573,.T.);
#571 = VERTEX_POINT('',#572);
#572 = CARTESIAN_POINT('',(26.,111.06,0.));
#573 = LINE('',#574,#575);
#574 = CARTESIAN_POINT('',(26.,111.06,0.));
#575 = VECTOR('',#576,1.);
#576 = DIRECTION('',(0.,0.,1.));
#577 = ORIENTED_EDGE('',*,*,#578,.T.);
#578 = EDGE_CURVE('',#571,#496,#579,.T.);
#579 = LINE('',#580,#581);
#580 = CARTESIAN_POINT('',(26.,111.06,0.));
#581 = VECTOR('',#582,1.);
#582 = DIRECTION('',(-1.224646799147E-16,-1.,0.));
#583 = ORIENTED_EDGE('',*,*,#503,.T.);
#584 = ORIENTED_EDGE('',*,*,#585,.F.);
#585 = EDGE_CURVE('',#586,#504,#588,.T.);
#586 = VERTEX_POINT('',#587);
#587 = CARTESIAN_POINT('',(26.,50.56,52.1));
#588 = LINE('',#589,#590);
#589 = CARTESIAN_POINT('',(26.,111.06,52.1));
#590 = VECTOR('',#591,1.);
#591 = DIRECTION('',(-1.224646799147E-16,-1.,0.));
#592 = ORIENTED_EDGE('',*,*,#593,.F.);
#593 = EDGE_CURVE('',#594,#586,#596,.T.);
#594 = VERTEX_POINT('',#595);
#595 = CARTESIAN_POINT('',(26.,50.56,45.1));
#596 = LINE('',#597,#598);
#597 = CARTESIAN_POINT('',(26.,50.56,22.55));
#598 = VECTOR('',#599,1.);
#599 = DIRECTION('',(0.,0.,1.));
#600 = ORIENTED_EDGE('',*,*,#601,.T.);
#601 = EDGE_CURVE('',#594,#602,#604,.T.);
#602 = VERTEX_POINT('',#603);
#603 = CARTESIAN_POINT('',(26.,55.56,45.1));
#604 = LINE('',#605,#606);
#605 = CARTESIAN_POINT('',(26.,83.31,45.1));
#606 = VECTOR('',#607,1.);
#607 = DIRECTION('',(1.224646799147E-16,1.,0.));
#608 = ORIENTED_EDGE('',*,*,#609,.T.);
#609 = EDGE_CURVE('',#602,#610,#612,.T.);
#610 = VERTEX_POINT('',#611);
#611 = CARTESIAN_POINT('',(26.,55.56,52.1));
#612 = LINE('',#613,#614);
#613 = CARTESIAN_POINT('',(26.,55.56,22.55));
#614 = VECTOR('',#615,1.);
#615 = DIRECTION('',(0.,0.,1.));
#616 = ORIENTED_EDGE('',*,*,#617,.F.);
#617 = EDGE_CURVE('',#618,#610,#620,.T.);
#618 = VERTEX_POINT('',#619);
#619 = CARTESIAN_POINT('',(26.,101.56,52.1));
#620 = LINE('',#621,#622);
#621 = CARTESIAN_POINT('',(26.,111.06,52.1));
#622 = VECTOR('',#623,1.);
#623 = DIRECTION('',(-1.224646799147E-16,-1.,0.));
#624 = ORIENTED_EDGE('',*,*,#625,.F.);
#625 = EDGE_CURVE('',#626,#618,#628,.T.);
#626 = VERTEX_POINT('',#627);
#627 = CARTESIAN_POINT('',(26.,101.56,45.1));
#628 = LINE('',#629,#630);
#629 = CARTESIAN_POINT('',(26.,101.56,22.55));
#630 = VECTOR('',#631,1.);
#631 = DIRECTION('',(0.,0.,1.));
#632 = ORIENTED_EDGE('',*,*,#633,.T.);
#633 = EDGE_CURVE('',#626,#634,#636,.T.);
#634 = VERTEX_POINT('',#635);
#635 = CARTESIAN_POINT('',(26.,106.56,45.1));
#636 = LINE('',#637,#638);
#637 = CARTESIAN_POINT('',(26.,108.81,45.1));
#638 = VECTOR('',#639,1.);
#639 = DIRECTION('',(1.224646799147E-16,1.,0.));
#640 = ORIENTED_EDGE('',*,*,#641,.T.);
#641 = EDGE_CURVE('',#634,#563,#642,.T.);
#642 = LINE('',#643,#644);
#643 = CARTESIAN_POINT('',(26.,106.56,22.55));
#644 = VECTOR('',#645,1.);
#645 = DIRECTION('',(0.,0.,1.));
#646 = PLANE('',#647);
#647 = AXIS2_PLACEMENT_3D('',#648,#649,#650);
#648 = CARTESIAN_POINT('',(26.,111.06,0.));
#649 = DIRECTION('',(-1.,1.224646799147E-16,0.));
#650 = DIRECTION('',(0.,0.,1.));
#651 = ADVANCED_FACE('',(#652,#686),#721,.T.);
#652 = FACE_BOUND('',#653,.T.);
#653 = EDGE_LOOP('',(#654,#664,#672,#680));
#654 = ORIENTED_EDGE('',*,*,#655,.F.);
#655 = EDGE_CURVE('',#656,#658,#660,.T.);
#656 = VERTEX_POINT('',#657);
#657 = CARTESIAN_POINT('',(-133.74,1.,3.));
#658 = VERTEX_POINT('',#659);
#659 = CARTESIAN_POINT('',(-133.74,-45.,3.));
#660 = LINE('',#661,#662);
#661 = CARTESIAN_POINT('',(-133.74,1.,3.));
#662 = VECTOR('',#663,1.);
#663 = DIRECTION('',(1.110223024625E-16,-1.,0.));
#664 = ORIENTED_EDGE('',*,*,#665,.T.);
#665 = EDGE_CURVE('',#656,#666,#668,.T.);
#666 = VERTEX_POINT('',#667);
#667 = CARTESIAN_POINT('',(-133.74,1.,52.1));
#668 = LINE('',#669,#670);
#669 = CARTESIAN_POINT('',(-133.74,1.,3.));
#670 = VECTOR('',#671,1.);
#671 = DIRECTION('',(0.,0.,1.));
#672 = ORIENTED_EDGE('',*,*,#673,.T.);
#673 = EDGE_CURVE('',#666,#674,#676,.T.);
#674 = VERTEX_POINT('',#675);
#675 = CARTESIAN_POINT('',(-133.74,-45.,52.1));
#676 = LINE('',#677,#678);
#677 = CARTESIAN_POINT('',(-133.74,1.,52.1));
#678 = VECTOR('',#679,1.);
#679 = DIRECTION('',(1.110223024625E-16,-1.,0.));
#680 = ORIENTED_EDGE('',*,*,#681,.F.);
#681 = EDGE_CURVE('',#658,#674,#682,.T.);
#682 = LINE('',#683,#684);
#683 = CARTESIAN_POINT('',(-133.74,-45.,3.));
#684 = VECTOR('',#685,1.);
#685 = DIRECTION('',(0.,0.,1.));
#686 = FACE_BOUND('',#687,.T.);
#687 = EDGE_LOOP('',(#688,#699,#707,#715));
#688 = ORIENTED_EDGE('',*,*,#689,.F.);
#689 = EDGE_CURVE('',#690,#692,#694,.T.);
#690 = VERTEX_POINT('',#691);
#691 = CARTESIAN_POINT('',(-133.74,-23.6,37.034604659887));
#692 = VERTEX_POINT('',#693);
#693 = CARTESIAN_POINT('',(-133.74,-20.4,37.034604659887));
#694 = CIRCLE('',#695,11.15);
#695 = AXIS2_PLACEMENT_3D('',#696,#697,#698);
#696 = CARTESIAN_POINT('',(-133.74,-22.,26.));
#697 = DIRECTION('',(1.,1.110223024625E-16,-0.));
#698 = DIRECTION('',(0.,0.,1.));
#699 = ORIENTED_EDGE('',*,*,#700,.F.);
#700 = EDGE_CURVE('',#701,#690,#703,.T.);
#701 = VERTEX_POINT('',#702);
#702 = CARTESIAN_POINT('',(-133.74,-23.6,38.55));
#703 = LINE('',#704,#705);
#704 = CARTESIAN_POINT('',(-133.74,-23.6,19.975));
#705 = VECTOR('',#706,1.);
#706 = DIRECTION('',(0.,0.,-1.));
#707 = ORIENTED_EDGE('',*,*,#708,.F.);
#708 = EDGE_CURVE('',#709,#701,#711,.T.);
#709 = VERTEX_POINT('',#710);
#710 = CARTESIAN_POINT('',(-133.74,-20.4,38.55));
#711 = LINE('',#712,#713);
#712 = CARTESIAN_POINT('',(-133.74,-9.7,38.55));
#713 = VECTOR('',#714,1.);
#714 = DIRECTION('',(1.110223024625E-16,-1.,0.));
#715 = ORIENTED_EDGE('',*,*,#716,.T.);
#716 = EDGE_CURVE('',#709,#692,#717,.T.);
#717 = LINE('',#718,#719);
#718 = CARTESIAN_POINT('',(-133.74,-20.4,19.975));
#719 = VECTOR('',#720,1.);
#720 = DIRECTION('',(0.,0.,-1.));
#721 = PLANE('',#722);
#722 = AXIS2_PLACEMENT_3D('',#723,#724,#725);
#723 = CARTESIAN_POINT('',(-133.74,1.,3.));
#724 = DIRECTION('',(1.,1.110223024625E-16,0.));
#725 = DIRECTION('',(0.,0.,1.));
#726 = ADVANCED_FACE('',(#727),#752,.F.);
#727 = FACE_BOUND('',#728,.F.);
#728 = EDGE_LOOP('',(#729,#730,#738,#746));
#729 = ORIENTED_EDGE('',*,*,#681,.F.);
#730 = ORIENTED_EDGE('',*,*,#731,.T.);
#731 = EDGE_CURVE('',#658,#732,#734,.T.);
#732 = VERTEX_POINT('',#733);
#733 = CARTESIAN_POINT('',(-61.74,-45.,3.));
#734 = LINE('',#735,#736);
#735 = CARTESIAN_POINT('',(-133.74,-45.,3.));
#736 = VECTOR('',#737,1.);
#737 = DIRECTION('',(1.,1.110223024625E-16,0.));
#738 = ORIENTED_EDGE('',*,*,#739,.T.);
#739 = EDGE_CURVE('',#732,#740,#742,.T.);
#740 = VERTEX_POINT('',#741);
#741 = CARTESIAN_POINT('',(-61.74,-45.,52.1));
#742 = LINE('',#743,#744);
#743 = CARTESIAN_POINT('',(-61.74,-45.,3.));
#744 = VECTOR('',#745,1.);
#745 = DIRECTION('',(0.,0.,1.));
#746 = ORIENTED_EDGE('',*,*,#747,.F.);
#747 = EDGE_CURVE('',#674,#740,#748,.T.);
#748 = LINE('',#749,#750);
#749 = CARTESIAN_POINT('',(-133.74,-45.,52.1));
#750 = VECTOR('',#751,1.);
#751 = DIRECTION('',(1.,1.110223024625E-16,0.));
#752 = PLANE('',#753);
#753 = AXIS2_PLACEMENT_3D('',#754,#755,#756);
#754 = CARTESIAN_POINT('',(-133.74,-45.,3.));
#755 = DIRECTION('',(1.110223024625E-16,-1.,0.));
#756 = DIRECTION('',(0.,0.,1.));
#757 = ADVANCED_FACE('',(#758,#783),#817,.F.);
#758 = FACE_BOUND('',#759,.F.);
#759 = EDGE_LOOP('',(#760,#768,#769,#777));
#760 = ORIENTED_EDGE('',*,*,#761,.F.);
#761 = EDGE_CURVE('',#740,#762,#764,.T.);
#762 = VERTEX_POINT('',#763);
#763 = CARTESIAN_POINT('',(-61.74,1.,52.1));
#764 = LINE('',#765,#766);
#765 = CARTESIAN_POINT('',(-61.74,-46.06,52.1));
#766 = VECTOR('',#767,1.);
#767 = DIRECTION('',(0.,1.,0.));
#768 = ORIENTED_EDGE('',*,*,#739,.F.);
#769 = ORIENTED_EDGE('',*,*,#770,.F.);
#770 = EDGE_CURVE('',#771,#732,#773,.T.);
#771 = VERTEX_POINT('',#772);
#772 = CARTESIAN_POINT('',(-61.74,1.,3.));
#773 = LINE('',#774,#775);
#774 = CARTESIAN_POINT('',(-61.74,1.,3.));
#775 = VECTOR('',#776,1.);
#776 = DIRECTION('',(1.110223024625E-16,-1.,0.));
#777 = ORIENTED_EDGE('',*,*,#778,.T.);
#778 = EDGE_CURVE('',#771,#762,#779,.T.);
#779 = LINE('',#780,#781);
#780 = CARTESIAN_POINT('',(-61.74,1.,3.));
#781 = VECTOR('',#782,1.);
#782 = DIRECTION('',(0.,0.,1.));
#783 = FACE_BOUND('',#784,.F.);
#784 = EDGE_LOOP('',(#785,#795,#803,#811));
#785 = ORIENTED_EDGE('',*,*,#786,.F.);
#786 = EDGE_CURVE('',#787,#789,#791,.T.);
#787 = VERTEX_POINT('',#788);
#788 = CARTESIAN_POINT('',(-61.74,-18.,29.));
#789 = VERTEX_POINT('',#790);
#790 = CARTESIAN_POINT('',(-61.74,-26.,29.));
#791 = LINE('',#792,#793);
#792 = CARTESIAN_POINT('',(-61.74,-32.03,29.));
#793 = VECTOR('',#794,1.);
#794 = DIRECTION('',(0.,-1.,0.));
#795 = ORIENTED_EDGE('',*,*,#796,.T.);
#796 = EDGE_CURVE('',#787,#797,#799,.T.);
#797 = VERTEX_POINT('',#798);
#798 = CARTESIAN_POINT('',(-61.74,-18.,23.));
#799 = LINE('',#800,#801);
#800 = CARTESIAN_POINT('',(-61.74,-18.,11.5));
#801 = VECTOR('',#802,1.);
#802 = DIRECTION('',(0.,0.,-1.));
#803 = ORIENTED_EDGE('',*,*,#804,.T.);
#804 = EDGE_CURVE('',#797,#805,#807,.T.);
#805 = VERTEX_POINT('',#806);
#806 = CARTESIAN_POINT('',(-61.74,-26.,23.));
#807 = LINE('',#808,#809);
#808 = CARTESIAN_POINT('',(-61.74,-32.03,23.));
#809 = VECTOR('',#810,1.);
#810 = DIRECTION('',(0.,-1.,0.));
#811 = ORIENTED_EDGE('',*,*,#812,.F.);
#812 = EDGE_CURVE('',#789,#805,#813,.T.);
#813 = LINE('',#814,#815);
#814 = CARTESIAN_POINT('',(-61.74,-26.,11.5));
#815 = VECTOR('',#816,1.);
#816 = DIRECTION('',(0.,0.,-1.));
#817 = PLANE('',#818);
#818 = AXIS2_PLACEMENT_3D('',#819,#820,#821);
#819 = CARTESIAN_POINT('',(-61.74,-46.06,0.));
#820 = DIRECTION('',(1.,0.,0.));
#821 = DIRECTION('',(0.,0.,1.));
#822 = ADVANCED_FACE('',(#823),#839,.T.);
#823 = FACE_BOUND('',#824,.T.);
#824 = EDGE_LOOP('',(#825,#826,#832,#833));
#825 = ORIENTED_EDGE('',*,*,#665,.F.);
#826 = ORIENTED_EDGE('',*,*,#827,.T.);
#827 = EDGE_CURVE('',#656,#771,#828,.T.);
#828 = LINE('',#829,#830);
#829 = CARTESIAN_POINT('',(-133.74,1.,3.));
#830 = VECTOR('',#831,1.);
#831 = DIRECTION('',(1.,1.110223024625E-16,0.));
#832 = ORIENTED_EDGE('',*,*,#778,.T.);
#833 = ORIENTED_EDGE('',*,*,#834,.F.);
#834 = EDGE_CURVE('',#666,#762,#835,.T.);
#835 = LINE('',#836,#837);
#836 = CARTESIAN_POINT('',(-133.74,1.,52.1));
#837 = VECTOR('',#838,1.);
#838 = DIRECTION('',(1.,1.110223024625E-16,0.));
#839 = PLANE('',#840);
#840 = AXIS2_PLACEMENT_3D('',#841,#842,#843);
#841 = CARTESIAN_POINT('',(-133.74,1.,3.));
#842 = DIRECTION('',(1.110223024625E-16,-1.,0.));
#843 = DIRECTION('',(0.,0.,1.));
#844 = ADVANCED_FACE('',(#845),#871,.F.);
#845 = FACE_BOUND('',#846,.F.);
#846 = EDGE_LOOP('',(#847,#848,#856,#865));
#847 = ORIENTED_EDGE('',*,*,#689,.F.);
#848 = ORIENTED_EDGE('',*,*,#849,.F.);
#849 = EDGE_CURVE('',#850,#690,#852,.T.);
#850 = VERTEX_POINT('',#851);
#851 = CARTESIAN_POINT('',(-136.74,-23.6,37.034604659887));
#852 = LINE('',#853,#854);
#853 = CARTESIAN_POINT('',(-137.74,-23.6,37.034604659887));
#854 = VECTOR('',#855,1.);
#855 = DIRECTION('',(1.,1.110223024625E-16,0.));
#856 = ORIENTED_EDGE('',*,*,#857,.T.);
#857 = EDGE_CURVE('',#850,#858,#860,.T.);
#858 = VERTEX_POINT('',#859);
#859 = CARTESIAN_POINT('',(-136.74,-20.4,37.034604659887));
#860 = CIRCLE('',#861,11.15);
#861 = AXIS2_PLACEMENT_3D('',#862,#863,#864);
#862 = CARTESIAN_POINT('',(-136.74,-22.,26.));
#863 = DIRECTION('',(1.,1.110223024625E-16,-0.));
#864 = DIRECTION('',(0.,0.,1.));
#865 = ORIENTED_EDGE('',*,*,#866,.T.);
#866 = EDGE_CURVE('',#858,#692,#867,.T.);
#867 = LINE('',#868,#869);
#868 = CARTESIAN_POINT('',(-137.74,-20.4,37.034604659887));
#869 = VECTOR('',#870,1.);
#870 = DIRECTION('',(1.,1.110223024625E-16,0.));
#871 = CYLINDRICAL_SURFACE('',#872,11.15);
#872 = AXIS2_PLACEMENT_3D('',#873,#874,#875);
#873 = CARTESIAN_POINT('',(-137.74,-22.,26.));
#874 = DIRECTION('',(1.,1.110223024625E-16,0.));
#875 = DIRECTION('',(0.,0.,1.));
#876 = ADVANCED_FACE('',(#877),#911,.F.);
#877 = FACE_BOUND('',#878,.F.);
#878 = EDGE_LOOP('',(#879,#889,#897,#905));
#879 = ORIENTED_EDGE('',*,*,#880,.F.);
#880 = EDGE_CURVE('',#881,#883,#885,.T.);
#881 = VERTEX_POINT('',#882);
#882 = CARTESIAN_POINT('',(-61.74,-46.06,0.));
#883 = VERTEX_POINT('',#884);
#884 = CARTESIAN_POINT('',(-57.,-46.06,0.));
#885 = LINE('',#886,#887);
#886 = CARTESIAN_POINT('',(-61.74,-46.06,0.));
#887 = VECTOR('',#888,1.);
#888 = DIRECTION('',(1.,0.,0.));
#889 = ORIENTED_EDGE('',*,*,#890,.T.);
#890 = EDGE_CURVE('',#881,#891,#893,.T.);
#891 = VERTEX_POINT('',#892);
#892 = CARTESIAN_POINT('',(-61.74,-46.06,52.1));
#893 = LINE('',#894,#895);
#894 = CARTESIAN_POINT('',(-61.74,-46.06,0.));
#895 = VECTOR('',#896,1.);
#896 = DIRECTION('',(0.,0.,1.));
#897 = ORIENTED_EDGE('',*,*,#898,.T.);
#898 = EDGE_CURVE('',#891,#899,#901,.T.);
#899 = VERTEX_POINT('',#900);
#900 = CARTESIAN_POINT('',(-57.,-46.06,52.1));
#901 = LINE('',#902,#903);
#902 = CARTESIAN_POINT('',(-61.74,-46.06,52.1));
#903 = VECTOR('',#904,1.);
#904 = DIRECTION('',(1.,0.,0.));
#905 = ORIENTED_EDGE('',*,*,#906,.F.);
#906 = EDGE_CURVE('',#883,#899,#907,.T.);
#907 = LINE('',#908,#909);
#908 = CARTESIAN_POINT('',(-57.,-46.06,0.));
#909 = VECTOR('',#910,1.);
#910 = DIRECTION('',(0.,0.,1.));
#911 = PLANE('',#912);
#912 = AXIS2_PLACEMENT_3D('',#913,#914,#915);
#913 = CARTESIAN_POINT('',(-61.74,-46.06,0.));
#914 = DIRECTION('',(0.,1.,0.));
#915 = DIRECTION('',(0.,0.,1.));
#916 = ADVANCED_FACE('',(#917),#942,.T.);
#917 = FACE_BOUND('',#918,.T.);
#918 = EDGE_LOOP('',(#919,#927,#935,#941));
#919 = ORIENTED_EDGE('',*,*,#920,.T.);
#920 = EDGE_CURVE('',#891,#921,#923,.T.);
#921 = VERTEX_POINT('',#922);
#922 = CARTESIAN_POINT('',(-61.74,-48.,52.1));
#923 = LINE('',#924,#925);
#924 = CARTESIAN_POINT('',(-61.74,4.,52.1));
#925 = VECTOR('',#926,1.);
#926 = DIRECTION('',(1.110223024625E-16,-1.,0.));
#927 = ORIENTED_EDGE('',*,*,#928,.F.);
#928 = EDGE_CURVE('',#929,#921,#931,.T.);
#929 = VERTEX_POINT('',#930);
#930 = CARTESIAN_POINT('',(-61.74,-48.,0.));
#931 = LINE('',#932,#933);
#932 = CARTESIAN_POINT('',(-61.74,-48.,0.));
#933 = VECTOR('',#934,1.);
#934 = DIRECTION('',(0.,0.,1.));
#935 = ORIENTED_EDGE('',*,*,#936,.F.);
#936 = EDGE_CURVE('',#881,#929,#937,.T.);
#937 = LINE('',#938,#939);
#938 = CARTESIAN_POINT('',(-61.74,4.,0.));
#939 = VECTOR('',#940,1.);
#940 = DIRECTION('',(1.110223024625E-16,-1.,0.));
#941 = ORIENTED_EDGE('',*,*,#890,.T.);
#942 = PLANE('',#943);
#943 = AXIS2_PLACEMENT_3D('',#944,#945,#946);
#944 = CARTESIAN_POINT('',(-61.74,4.,0.));
#945 = DIRECTION('',(1.,1.110223024625E-16,0.));
#946 = DIRECTION('',(0.,0.,1.));
#947 = ADVANCED_FACE('',(#948),#1037,.T.);
#948 = FACE_BOUND('',#949,.T.);
#949 = EDGE_LOOP('',(#950,#960,#968,#974,#975,#983,#991,#999,#1007,#1015
    ,#1023,#1031));
#950 = ORIENTED_EDGE('',*,*,#951,.F.);
#951 = EDGE_CURVE('',#952,#954,#956,.T.);
#952 = VERTEX_POINT('',#953);
#953 = CARTESIAN_POINT('',(-136.74,-48.,52.1));
#954 = VERTEX_POINT('',#955);
#955 = CARTESIAN_POINT('',(-132.24,-48.,52.1));
#956 = LINE('',#957,#958);
#957 = CARTESIAN_POINT('',(-136.74,-48.,52.1));
#958 = VECTOR('',#959,1.);
#959 = DIRECTION('',(1.,1.110223024625E-16,0.));
#960 = ORIENTED_EDGE('',*,*,#961,.F.);
#961 = EDGE_CURVE('',#962,#952,#964,.T.);
#962 = VERTEX_POINT('',#963);
#963 = CARTESIAN_POINT('',(-136.74,-48.,0.));
#964 = LINE('',#965,#966);
#965 = CARTESIAN_POINT('',(-136.74,-48.,0.));
#966 = VECTOR('',#967,1.);
#967 = DIRECTION('',(0.,0.,1.));
#968 = ORIENTED_EDGE('',*,*,#969,.T.);
#969 = EDGE_CURVE('',#962,#929,#970,.T.);
#970 = LINE('',#971,#972);
#971 = CARTESIAN_POINT('',(-136.74,-48.,0.));
#972 = VECTOR('',#973,1.);
#973 = DIRECTION('',(1.,1.110223024625E-16,0.));
#974 = ORIENTED_EDGE('',*,*,#928,.T.);
#975 = ORIENTED_EDGE('',*,*,#976,.F.);
#976 = EDGE_CURVE('',#977,#921,#979,.T.);
#977 = VERTEX_POINT('',#978);
#978 = CARTESIAN_POINT('',(-66.24,-48.,52.1));
#979 = LINE('',#980,#981);
#980 = CARTESIAN_POINT('',(-136.74,-48.,52.1));
#981 = VECTOR('',#982,1.);
#982 = DIRECTION('',(1.,1.110223024625E-16,0.));
#983 = ORIENTED_EDGE('',*,*,#984,.F.);
#984 = EDGE_CURVE('',#985,#977,#987,.T.);
#985 = VERTEX_POINT('',#986);
#986 = CARTESIAN_POINT('',(-66.24,-48.,45.1));
#987 = LINE('',#988,#989);
#988 = CARTESIAN_POINT('',(-66.24,-48.,22.55));
#989 = VECTOR('',#990,1.);
#990 = DIRECTION('',(0.,0.,1.));
#991 = ORIENTED_EDGE('',*,*,#992,.T.);
#992 = EDGE_CURVE('',#985,#993,#995,.T.);
#993 = VERTEX_POINT('',#994);
#994 = CARTESIAN_POINT('',(-71.24,-48.,45.1));
#995 = LINE('',#996,#997);
#996 = CARTESIAN_POINT('',(-103.99,-48.,45.1));
#997 = VECTOR('',#998,1.);
#998 = DIRECTION('',(-1.,-1.110223024625E-16,0.));
#999 = ORIENTED_EDGE('',*,*,#1000,.T.);
#1000 = EDGE_CURVE('',#993,#1001,#1003,.T.);
#1001 = VERTEX_POINT('',#1002);
#1002 = CARTESIAN_POINT('',(-71.24,-48.,52.1));
#1003 = LINE('',#1004,#1005);
#1004 = CARTESIAN_POINT('',(-71.24,-48.,22.55));
#1005 = VECTOR('',#1006,1.);
#1006 = DIRECTION('',(0.,0.,1.));
#1007 = ORIENTED_EDGE('',*,*,#1008,.F.);
#1008 = EDGE_CURVE('',#1009,#1001,#1011,.T.);
#1009 = VERTEX_POINT('',#1010);
#1010 = CARTESIAN_POINT('',(-127.24,-48.,52.1));
#1011 = LINE('',#1012,#1013);
#1012 = CARTESIAN_POINT('',(-136.74,-48.,52.1));
#1013 = VECTOR('',#1014,1.);
#1014 = DIRECTION('',(1.,1.110223024625E-16,0.));
#1015 = ORIENTED_EDGE('',*,*,#1016,.F.);
#1016 = EDGE_CURVE('',#1017,#1009,#1019,.T.);
#1017 = VERTEX_POINT('',#1018);
#1018 = CARTESIAN_POINT('',(-127.24,-48.,45.1));
#1019 = LINE('',#1020,#1021);
#1020 = CARTESIAN_POINT('',(-127.24,-48.,22.55));
#1021 = VECTOR('',#1022,1.);
#1022 = DIRECTION('',(0.,0.,1.));
#1023 = ORIENTED_EDGE('',*,*,#1024,.T.);
#1024 = EDGE_CURVE('',#1017,#1025,#1027,.T.);
#1025 = VERTEX_POINT('',#1026);
#1026 = CARTESIAN_POINT('',(-132.24,-48.,45.1));
#1027 = LINE('',#1028,#1029);
#1028 = CARTESIAN_POINT('',(-134.49,-48.,45.1));
#1029 = VECTOR('',#1030,1.);
#1030 = DIRECTION('',(-1.,-1.110223024625E-16,0.));
#1031 = ORIENTED_EDGE('',*,*,#1032,.T.);
#1032 = EDGE_CURVE('',#1025,#954,#1033,.T.);
#1033 = LINE('',#1034,#1035);
#1034 = CARTESIAN_POINT('',(-132.24,-48.,22.55));
#1035 = VECTOR('',#1036,1.);
#1036 = DIRECTION('',(0.,0.,1.));
#1037 = PLANE('',#1038);
#1038 = AXIS2_PLACEMENT_3D('',#1039,#1040,#1041);
#1039 = CARTESIAN_POINT('',(-136.74,-48.,0.));
#1040 = DIRECTION('',(1.110223024625E-16,-1.,0.));
#1041 = DIRECTION('',(0.,0.,1.));
#1042 = ADVANCED_FACE('',(#1043,#1141,#1175),#1209,.T.);
#1043 = FACE_BOUND('',#1044,.T.);
#1044 = EDGE_LOOP('',(#1045,#1055,#1063,#1071,#1079,#1087,#1095,#1103,
    #1111,#1119,#1127,#1135));
#1045 = ORIENTED_EDGE('',*,*,#1046,.F.);
#1046 = EDGE_CURVE('',#1047,#1049,#1051,.T.);
#1047 = VERTEX_POINT('',#1048);
#1048 = CARTESIAN_POINT('',(58.74,-43.06,3.));
#1049 = VERTEX_POINT('',#1050);
#1050 = CARTESIAN_POINT('',(58.74,-43.06,52.1));
#1051 = LINE('',#1052,#1053);
#1052 = CARTESIAN_POINT('',(58.74,-43.06,3.));
#1053 = VECTOR('',#1054,1.);
#1054 = DIRECTION('',(0.,0.,1.));
#1055 = ORIENTED_EDGE('',*,*,#1056,.F.);
#1056 = EDGE_CURVE('',#1057,#1047,#1059,.T.);
#1057 = VERTEX_POINT('',#1058);
#1058 = CARTESIAN_POINT('',(49.972,-43.06,3.));
#1059 = LINE('',#1060,#1061);
#1060 = CARTESIAN_POINT('',(-58.74,-43.06,3.));
#1061 = VECTOR('',#1062,1.);
#1062 = DIRECTION('',(1.,0.,0.));
#1063 = ORIENTED_EDGE('',*,*,#1064,.T.);
#1064 = EDGE_CURVE('',#1057,#1065,#1067,.T.);
#1065 = VERTEX_POINT('',#1066);
#1066 = CARTESIAN_POINT('',(49.972,-43.06,30.1));
#1067 = LINE('',#1068,#1069);
#1068 = CARTESIAN_POINT('',(49.972,-43.06,3.));
#1069 = VECTOR('',#1070,1.);
#1070 = DIRECTION('',(0.,0.,1.));
#1071 = ORIENTED_EDGE('',*,*,#1072,.F.);
#1072 = EDGE_CURVE('',#1073,#1065,#1075,.T.);
#1073 = VERTEX_POINT('',#1074);
#1074 = CARTESIAN_POINT('',(41.972,-43.06,30.1));
#1075 = LINE('',#1076,#1077);
#1076 = CARTESIAN_POINT('',(41.972,-43.06,30.1));
#1077 = VECTOR('',#1078,1.);
#1078 = DIRECTION('',(1.,0.,0.));
#1079 = ORIENTED_EDGE('',*,*,#1080,.F.);
#1080 = EDGE_CURVE('',#1081,#1073,#1083,.T.);
#1081 = VERTEX_POINT('',#1082);
#1082 = CARTESIAN_POINT('',(41.972,-43.06,3.));
#1083 = LINE('',#1084,#1085);
#1084 = CARTESIAN_POINT('',(41.972,-43.06,3.));
#1085 = VECTOR('',#1086,1.);
#1086 = DIRECTION('',(0.,0.,1.));
#1087 = ORIENTED_EDGE('',*,*,#1088,.F.);
#1088 = EDGE_CURVE('',#1089,#1081,#1091,.T.);
#1089 = VERTEX_POINT('',#1090);
#1090 = CARTESIAN_POINT('',(-42.028,-43.06,3.));
#1091 = LINE('',#1092,#1093);
#1092 = CARTESIAN_POINT('',(-58.74,-43.06,3.));
#1093 = VECTOR('',#1094,1.);
#1094 = DIRECTION('',(1.,0.,0.));
#1095 = ORIENTED_EDGE('',*,*,#1096,.T.);
#1096 = EDGE_CURVE('',#1089,#1097,#1099,.T.);
#1097 = VERTEX_POINT('',#1098);
#1098 = CARTESIAN_POINT('',(-42.028,-43.06,30.1));
#1099 = LINE('',#1100,#1101);
#1100 = CARTESIAN_POINT('',(-42.028,-43.06,3.));
#1101 = VECTOR('',#1102,1.);
#1102 = DIRECTION('',(0.,0.,1.));
#1103 = ORIENTED_EDGE('',*,*,#1104,.F.);
#1104 = EDGE_CURVE('',#1105,#1097,#1107,.T.);
#1105 = VERTEX_POINT('',#1106);
#1106 = CARTESIAN_POINT('',(-50.028,-43.06,30.1));
#1107 = LINE('',#1108,#1109);
#1108 = CARTESIAN_POINT('',(-50.028,-43.06,30.1));
#1109 = VECTOR('',#1110,1.);
#1110 = DIRECTION('',(1.,0.,0.));
#1111 = ORIENTED_EDGE('',*,*,#1112,.F.);
#1112 = EDGE_CURVE('',#1113,#1105,#1115,.T.);
#1113 = VERTEX_POINT('',#1114);
#1114 = CARTESIAN_POINT('',(-50.028,-43.06,3.));
#1115 = LINE('',#1116,#1117);
#1116 = CARTESIAN_POINT('',(-50.028,-43.06,3.));
#1117 = VECTOR('',#1118,1.);
#1118 = DIRECTION('',(0.,0.,1.));
#1119 = ORIENTED_EDGE('',*,*,#1120,.F.);
#1120 = EDGE_CURVE('',#1121,#1113,#1123,.T.);
#1121 = VERTEX_POINT('',#1122);
#1122 = CARTESIAN_POINT('',(-58.74,-43.06,3.));
#1123 = LINE('',#1124,#1125);
#1124 = CARTESIAN_POINT('',(-58.74,-43.06,3.));
#1125 = VECTOR('',#1126,1.);
#1126 = DIRECTION('',(1.,0.,0.));
#1127 = ORIENTED_EDGE('',*,*,#1128,.T.);
#1128 = EDGE_CURVE('',#1121,#1129,#1131,.T.);
#1129 = VERTEX_POINT('',#1130);
#1130 = CARTESIAN_POINT('',(-58.74,-43.06,52.1));
#1131 = LINE('',#1132,#1133);
#1132 = CARTESIAN_POINT('',(-58.74,-43.06,3.));
#1133 = VECTOR('',#1134,1.);
#1134 = DIRECTION('',(0.,0.,1.));
#1135 = ORIENTED_EDGE('',*,*,#1136,.F.);
#1136 = EDGE_CURVE('',#1049,#1129,#1137,.T.);
#1137 = LINE('',#1138,#1139);
#1138 = CARTESIAN_POINT('',(-60.24,-43.06,52.1));
#1139 = VECTOR('',#1140,1.);
#1140 = DIRECTION('',(-1.,0.,0.));
#1141 = FACE_BOUND('',#1142,.T.);
#1142 = EDGE_LOOP('',(#1143,#1153,#1161,#1169));
#1143 = ORIENTED_EDGE('',*,*,#1144,.F.);
#1144 = EDGE_CURVE('',#1145,#1147,#1149,.T.);
#1145 = VERTEX_POINT('',#1146);
#1146 = CARTESIAN_POINT('',(-35.,-43.06,29.));
#1147 = VERTEX_POINT('',#1148);
#1148 = CARTESIAN_POINT('',(-27.,-43.06,29.));
#1149 = LINE('',#1150,#1151);
#1150 = CARTESIAN_POINT('',(-46.87,-43.06,29.));
#1151 = VECTOR('',#1152,1.);
#1152 = DIRECTION('',(1.,0.,0.));
#1153 = ORIENTED_EDGE('',*,*,#1154,.T.);
#1154 = EDGE_CURVE('',#1145,#1155,#1157,.T.);
#1155 = VERTEX_POINT('',#1156);
#1156 = CARTESIAN_POINT('',(-35.,-43.06,23.));
#1157 = LINE('',#1158,#1159);
#1158 = CARTESIAN_POINT('',(-35.,-43.06,13.));
#1159 = VECTOR('',#1160,1.);
#1160 = DIRECTION('',(0.,0.,-1.));
#1161 = ORIENTED_EDGE('',*,*,#1162,.T.);
#1162 = EDGE_CURVE('',#1155,#1163,#1165,.T.);
#1163 = VERTEX_POINT('',#1164);
#1164 = CARTESIAN_POINT('',(-27.,-43.06,23.));
#1165 = LINE('',#1166,#1167);
#1166 = CARTESIAN_POINT('',(-46.87,-43.06,23.));
#1167 = VECTOR('',#1168,1.);
#1168 = DIRECTION('',(1.,0.,0.));
#1169 = ORIENTED_EDGE('',*,*,#1170,.F.);
#1170 = EDGE_CURVE('',#1147,#1163,#1171,.T.);
#1171 = LINE('',#1172,#1173);
#1172 = CARTESIAN_POINT('',(-27.,-43.06,13.));
#1173 = VECTOR('',#1174,1.);
#1174 = DIRECTION('',(0.,0.,-1.));
#1175 = FACE_BOUND('',#1176,.T.);
#1176 = EDGE_LOOP('',(#1177,#1187,#1195,#1203));
#1177 = ORIENTED_EDGE('',*,*,#1178,.F.);
#1178 = EDGE_CURVE('',#1179,#1181,#1183,.T.);
#1179 = VERTEX_POINT('',#1180);
#1180 = CARTESIAN_POINT('',(27.,-43.06,29.));
#1181 = VERTEX_POINT('',#1182);
#1182 = CARTESIAN_POINT('',(35.,-43.06,29.));
#1183 = LINE('',#1184,#1185);
#1184 = CARTESIAN_POINT('',(-15.87,-43.06,29.));
#1185 = VECTOR('',#1186,1.);
#1186 = DIRECTION('',(1.,0.,0.));
#1187 = ORIENTED_EDGE('',*,*,#1188,.T.);
#1188 = EDGE_CURVE('',#1179,#1189,#1191,.T.);
#1189 = VERTEX_POINT('',#1190);
#1190 = CARTESIAN_POINT('',(27.,-43.06,23.));
#1191 = LINE('',#1192,#1193);
#1192 = CARTESIAN_POINT('',(27.,-43.06,13.));
#1193 = VECTOR('',#1194,1.);
#1194 = DIRECTION('',(0.,0.,-1.));
#1195 = ORIENTED_EDGE('',*,*,#1196,.T.);
#1196 = EDGE_CURVE('',#1189,#1197,#1199,.T.);
#1197 = VERTEX_POINT('',#1198);
#1198 = CARTESIAN_POINT('',(35.,-43.06,23.));
#1199 = LINE('',#1200,#1201);
#1200 = CARTESIAN_POINT('',(-15.87,-43.06,23.));
#1201 = VECTOR('',#1202,1.);
#1202 = DIRECTION('',(1.,0.,0.));
#1203 = ORIENTED_EDGE('',*,*,#1204,.F.);
#1204 = EDGE_CURVE('',#1181,#1197,#1205,.T.);
#1205 = LINE('',#1206,#1207);
#1206 = CARTESIAN_POINT('',(35.,-43.06,13.));
#1207 = VECTOR('',#1208,1.);
#1208 = DIRECTION('',(0.,0.,-1.));
#1209 = PLANE('',#1210);
#1210 = AXIS2_PLACEMENT_3D('',#1211,#1212,#1213);
#1211 = CARTESIAN_POINT('',(-58.74,-43.06,3.));
#1212 = DIRECTION('',(0.,1.,0.));
#1213 = DIRECTION('',(0.,0.,1.));
#1214 = ADVANCED_FACE('',(#1215,#1240,#1274,#1308,#1342),#1376,.F.);
#1215 = FACE_BOUND('',#1216,.F.);
#1216 = EDGE_LOOP('',(#1217,#1218,#1226,#1234));
#1217 = ORIENTED_EDGE('',*,*,#1046,.F.);
#1218 = ORIENTED_EDGE('',*,*,#1219,.T.);
#1219 = EDGE_CURVE('',#1047,#1220,#1222,.T.);
#1220 = VERTEX_POINT('',#1221);
#1221 = CARTESIAN_POINT('',(58.74,43.06,3.));
#1222 = LINE('',#1223,#1224);
#1223 = CARTESIAN_POINT('',(58.74,-43.06,3.));
#1224 = VECTOR('',#1225,1.);
#1225 = DIRECTION('',(0.,1.,0.));
#1226 = ORIENTED_EDGE('',*,*,#1227,.T.);
#1227 = EDGE_CURVE('',#1220,#1228,#1230,.T.);
#1228 = VERTEX_POINT('',#1229);
#1229 = CARTESIAN_POINT('',(58.74,43.06,52.1));
#1230 = LINE('',#1231,#1232);
#1231 = CARTESIAN_POINT('',(58.74,43.06,3.));
#1232 = VECTOR('',#1233,1.);
#1233 = DIRECTION('',(0.,0.,1.));
#1234 = ORIENTED_EDGE('',*,*,#1235,.F.);
#1235 = EDGE_CURVE('',#1049,#1228,#1236,.T.);
#1236 = LINE('',#1237,#1238);
#1237 = CARTESIAN_POINT('',(58.74,-44.56,52.1));
#1238 = VECTOR('',#1239,1.);
#1239 = DIRECTION('',(0.,1.,0.));
#1240 = FACE_BOUND('',#1241,.F.);
#1241 = EDGE_LOOP('',(#1242,#1252,#1260,#1268));
#1242 = ORIENTED_EDGE('',*,*,#1243,.T.);
#1243 = EDGE_CURVE('',#1244,#1246,#1248,.T.);
#1244 = VERTEX_POINT('',#1245);
#1245 = CARTESIAN_POINT('',(58.74,4.,23.));
#1246 = VERTEX_POINT('',#1247);
#1247 = CARTESIAN_POINT('',(58.74,-4.,23.));
#1248 = LINE('',#1249,#1250);
#1249 = CARTESIAN_POINT('',(58.74,-23.53,23.));
#1250 = VECTOR('',#1251,1.);
#1251 = DIRECTION('',(0.,-1.,0.));
#1252 = ORIENTED_EDGE('',*,*,#1253,.T.);
#1253 = EDGE_CURVE('',#1246,#1254,#1256,.T.);
#1254 = VERTEX_POINT('',#1255);
#1255 = CARTESIAN_POINT('',(58.74,-4.,29.));
#1256 = LINE('',#1257,#1258);
#1257 = CARTESIAN_POINT('',(58.74,-4.,13.));
#1258 = VECTOR('',#1259,1.);
#1259 = DIRECTION('',(0.,0.,1.));
#1260 = ORIENTED_EDGE('',*,*,#1261,.F.);
#1261 = EDGE_CURVE('',#1262,#1254,#1264,.T.);
#1262 = VERTEX_POINT('',#1263);
#1263 = CARTESIAN_POINT('',(58.74,4.,29.));
#1264 = LINE('',#1265,#1266);
#1265 = CARTESIAN_POINT('',(58.74,-23.53,29.));
#1266 = VECTOR('',#1267,1.);
#1267 = DIRECTION('',(0.,-1.,0.));
#1268 = ORIENTED_EDGE('',*,*,#1269,.F.);
#1269 = EDGE_CURVE('',#1244,#1262,#1270,.T.);
#1270 = LINE('',#1271,#1272);
#1271 = CARTESIAN_POINT('',(58.74,4.,13.));
#1272 = VECTOR('',#1273,1.);
#1273 = DIRECTION('',(0.,0.,1.));
#1274 = FACE_BOUND('',#1275,.F.);
#1275 = EDGE_LOOP('',(#1276,#1286,#1294,#1302));
#1276 = ORIENTED_EDGE('',*,*,#1277,.T.);
#1277 = EDGE_CURVE('',#1278,#1280,#1282,.T.);
#1278 = VERTEX_POINT('',#1279);
#1279 = CARTESIAN_POINT('',(58.74,36.5,38.));
#1280 = VERTEX_POINT('',#1281);
#1281 = CARTESIAN_POINT('',(58.74,21.5,38.));
#1282 = LINE('',#1283,#1284);
#1283 = CARTESIAN_POINT('',(58.74,-10.78,38.));
#1284 = VECTOR('',#1285,1.);
#1285 = DIRECTION('',(0.,-1.,0.));
#1286 = ORIENTED_EDGE('',*,*,#1287,.T.);
#1287 = EDGE_CURVE('',#1280,#1288,#1290,.T.);
#1288 = VERTEX_POINT('',#1289);
#1289 = CARTESIAN_POINT('',(58.74,21.5,46.));
#1290 = LINE('',#1291,#1292);
#1291 = CARTESIAN_POINT('',(58.74,21.5,20.5));
#1292 = VECTOR('',#1293,1.);
#1293 = DIRECTION('',(0.,0.,1.));
#1294 = ORIENTED_EDGE('',*,*,#1295,.F.);
#1295 = EDGE_CURVE('',#1296,#1288,#1298,.T.);
#1296 = VERTEX_POINT('',#1297);
#1297 = CARTESIAN_POINT('',(58.74,36.5,46.));
#1298 = LINE('',#1299,#1300);
#1299 = CARTESIAN_POINT('',(58.74,-10.78,46.));
#1300 = VECTOR('',#1301,1.);
#1301 = DIRECTION('',(0.,-1.,0.));
#1302 = ORIENTED_EDGE('',*,*,#1303,.F.);
#1303 = EDGE_CURVE('',#1278,#1296,#1304,.T.);
#1304 = LINE('',#1305,#1306);
#1305 = CARTESIAN_POINT('',(58.74,36.5,20.5));
#1306 = VECTOR('',#1307,1.);
#1307 = DIRECTION('',(0.,0.,1.));
#1308 = FACE_BOUND('',#1309,.F.);
#1309 = EDGE_LOOP('',(#1310,#1320,#1328,#1336));
#1310 = ORIENTED_EDGE('',*,*,#1311,.T.);
#1311 = EDGE_CURVE('',#1312,#1314,#1316,.T.);
#1312 = VERTEX_POINT('',#1313);
#1313 = CARTESIAN_POINT('',(58.74,-26.,22.));
#1314 = VERTEX_POINT('',#1315);
#1315 = CARTESIAN_POINT('',(58.74,-38.,22.));
#1316 = LINE('',#1317,#1318);
#1317 = CARTESIAN_POINT('',(58.74,-40.53,22.));
#1318 = VECTOR('',#1319,1.);
#1319 = DIRECTION('',(0.,-1.,0.));
#1320 = ORIENTED_EDGE('',*,*,#1321,.T.);
#1321 = EDGE_CURVE('',#1314,#1322,#1324,.T.);
#1322 = VERTEX_POINT('',#1323);
#1323 = CARTESIAN_POINT('',(58.74,-38.,30.));
#1324 = LINE('',#1325,#1326);
#1325 = CARTESIAN_POINT('',(58.74,-38.,12.5));
#1326 = VECTOR('',#1327,1.);
#1327 = DIRECTION('',(0.,0.,1.));
#1328 = ORIENTED_EDGE('',*,*,#1329,.F.);
#1329 = EDGE_CURVE('',#1330,#1322,#1332,.T.);
#1330 = VERTEX_POINT('',#1331);
#1331 = CARTESIAN_POINT('',(58.74,-26.,30.));
#1332 = LINE('',#1333,#1334);
#1333 = CARTESIAN_POINT('',(58.74,-40.53,30.));
#1334 = VECTOR('',#1335,1.);
#1335 = DIRECTION('',(0.,-1.,0.));
#1336 = ORIENTED_EDGE('',*,*,#1337,.F.);
#1337 = EDGE_CURVE('',#1312,#1330,#1338,.T.);
#1338 = LINE('',#1339,#1340);
#1339 = CARTESIAN_POINT('',(58.74,-26.,12.5));
#1340 = VECTOR('',#1341,1.);
#1341 = DIRECTION('',(0.,0.,1.));
#1342 = FACE_BOUND('',#1343,.F.);
#1343 = EDGE_LOOP('',(#1344,#1354,#1362,#1370));
#1344 = ORIENTED_EDGE('',*,*,#1345,.T.);
#1345 = EDGE_CURVE('',#1346,#1348,#1350,.T.);
#1346 = VERTEX_POINT('',#1347);
#1347 = CARTESIAN_POINT('',(58.74,-21.5,38.));
#1348 = VERTEX_POINT('',#1349);
#1349 = CARTESIAN_POINT('',(58.74,-36.5,38.));
#1350 = LINE('',#1351,#1352);
#1351 = CARTESIAN_POINT('',(58.74,-39.78,38.));
#1352 = VECTOR('',#1353,1.);
#1353 = DIRECTION('',(0.,-1.,0.));
#1354 = ORIENTED_EDGE('',*,*,#1355,.T.);
#1355 = EDGE_CURVE('',#1348,#1356,#1358,.T.);
#1356 = VERTEX_POINT('',#1357);
#1357 = CARTESIAN_POINT('',(58.74,-36.5,46.));
#1358 = LINE('',#1359,#1360);
#1359 = CARTESIAN_POINT('',(58.74,-36.5,20.5));
#1360 = VECTOR('',#1361,1.);
#1361 = DIRECTION('',(0.,0.,1.));
#1362 = ORIENTED_EDGE('',*,*,#1363,.F.);
#1363 = EDGE_CURVE('',#1364,#1356,#1366,.T.);
#1364 = VERTEX_POINT('',#1365);
#1365 = CARTESIAN_POINT('',(58.74,-21.5,46.));
#1366 = LINE('',#1367,#1368);
#1367 = CARTESIAN_POINT('',(58.74,-39.78,46.));
#1368 = VECTOR('',#1369,1.);
#1369 = DIRECTION('',(0.,-1.,0.));
#1370 = ORIENTED_EDGE('',*,*,#1371,.F.);
#1371 = EDGE_CURVE('',#1346,#1364,#1372,.T.);
#1372 = LINE('',#1373,#1374);
#1373 = CARTESIAN_POINT('',(58.74,-21.5,20.5));
#1374 = VECTOR('',#1375,1.);
#1375 = DIRECTION('',(0.,0.,1.));
#1376 = PLANE('',#1377);
#1377 = AXIS2_PLACEMENT_3D('',#1378,#1379,#1380);
#1378 = CARTESIAN_POINT('',(58.74,-43.06,3.));
#1379 = DIRECTION('',(1.,0.,0.));
#1380 = DIRECTION('',(0.,0.,1.));
#1381 = ADVANCED_FACE('',(#1382,#1535,#1569),#1603,.F.);
#1382 = FACE_BOUND('',#1383,.F.);
#1383 = EDGE_LOOP('',(#1384,#1385,#1393,#1401,#1409,#1417,#1425,#1433,
    #1441,#1449,#1457,#1465,#1473,#1481,#1489,#1497,#1505,#1513,#1521,
    #1529));
#1384 = ORIENTED_EDGE('',*,*,#1227,.F.);
#1385 = ORIENTED_EDGE('',*,*,#1386,.F.);
#1386 = EDGE_CURVE('',#1387,#1220,#1389,.T.);
#1387 = VERTEX_POINT('',#1388);
#1388 = CARTESIAN_POINT('',(49.972,43.06,3.));
#1389 = LINE('',#1390,#1391);
#1390 = CARTESIAN_POINT('',(-58.74,43.06,3.));
#1391 = VECTOR('',#1392,1.);
#1392 = DIRECTION('',(1.,0.,0.));
#1393 = ORIENTED_EDGE('',*,*,#1394,.T.);
#1394 = EDGE_CURVE('',#1387,#1395,#1397,.T.);
#1395 = VERTEX_POINT('',#1396);
#1396 = CARTESIAN_POINT('',(49.972,43.06,28.));
#1397 = LINE('',#1398,#1399);
#1398 = CARTESIAN_POINT('',(49.972,43.06,3.));
#1399 = VECTOR('',#1400,1.);
#1400 = DIRECTION('',(0.,0.,1.));
#1401 = ORIENTED_EDGE('',*,*,#1402,.T.);
#1402 = EDGE_CURVE('',#1395,#1403,#1405,.T.);
#1403 = VERTEX_POINT('',#1404);
#1404 = CARTESIAN_POINT('',(52.,43.06,28.));
#1405 = LINE('',#1406,#1407);
#1406 = CARTESIAN_POINT('',(-3.37,43.06,28.));
#1407 = VECTOR('',#1408,1.);
#1408 = DIRECTION('',(1.,0.,0.));
#1409 = ORIENTED_EDGE('',*,*,#1410,.T.);
#1410 = EDGE_CURVE('',#1403,#1411,#1413,.T.);
#1411 = VERTEX_POINT('',#1412);
#1412 = CARTESIAN_POINT('',(52.,43.06,36.));
#1413 = LINE('',#1414,#1415);
#1414 = CARTESIAN_POINT('',(52.,43.06,15.5));
#1415 = VECTOR('',#1416,1.);
#1416 = DIRECTION('',(0.,0.,1.));
#1417 = ORIENTED_EDGE('',*,*,#1418,.F.);
#1418 = EDGE_CURVE('',#1419,#1411,#1421,.T.);
#1419 = VERTEX_POINT('',#1420);
#1420 = CARTESIAN_POINT('',(34.,43.06,36.));
#1421 = LINE('',#1422,#1423);
#1422 = CARTESIAN_POINT('',(-3.37,43.06,36.));
#1423 = VECTOR('',#1424,1.);
#1424 = DIRECTION('',(1.,0.,0.));
#1425 = ORIENTED_EDGE('',*,*,#1426,.F.);
#1426 = EDGE_CURVE('',#1427,#1419,#1429,.T.);
#1427 = VERTEX_POINT('',#1428);
#1428 = CARTESIAN_POINT('',(34.,43.06,28.));
#1429 = LINE('',#1430,#1431);
#1430 = CARTESIAN_POINT('',(34.,43.06,15.5));
#1431 = VECTOR('',#1432,1.);
#1432 = DIRECTION('',(0.,0.,1.));
#1433 = ORIENTED_EDGE('',*,*,#1434,.T.);
#1434 = EDGE_CURVE('',#1427,#1435,#1437,.T.);
#1435 = VERTEX_POINT('',#1436);
#1436 = CARTESIAN_POINT('',(41.972,43.06,28.));
#1437 = LINE('',#1438,#1439);
#1438 = CARTESIAN_POINT('',(-3.37,43.06,28.));
#1439 = VECTOR('',#1440,1.);
#1440 = DIRECTION('',(1.,0.,0.));
#1441 = ORIENTED_EDGE('',*,*,#1442,.F.);
#1442 = EDGE_CURVE('',#1443,#1435,#1445,.T.);
#1443 = VERTEX_POINT('',#1444);
#1444 = CARTESIAN_POINT('',(41.972,43.06,3.));
#1445 = LINE('',#1446,#1447);
#1446 = CARTESIAN_POINT('',(41.972,43.06,3.));
#1447 = VECTOR('',#1448,1.);
#1448 = DIRECTION('',(0.,0.,1.));
#1449 = ORIENTED_EDGE('',*,*,#1450,.F.);
#1450 = EDGE_CURVE('',#1451,#1443,#1453,.T.);
#1451 = VERTEX_POINT('',#1452);
#1452 = CARTESIAN_POINT('',(-42.028,43.06,3.));
#1453 = LINE('',#1454,#1455);
#1454 = CARTESIAN_POINT('',(-58.74,43.06,3.));
#1455 = VECTOR('',#1456,1.);
#1456 = DIRECTION('',(1.,0.,0.));
#1457 = ORIENTED_EDGE('',*,*,#1458,.T.);
#1458 = EDGE_CURVE('',#1451,#1459,#1461,.T.);
#1459 = VERTEX_POINT('',#1460);
#1460 = CARTESIAN_POINT('',(-42.028,43.06,30.1));
#1461 = LINE('',#1462,#1463);
#1462 = CARTESIAN_POINT('',(-42.028,43.06,3.));
#1463 = VECTOR('',#1464,1.);
#1464 = DIRECTION('',(0.,0.,1.));
#1465 = ORIENTED_EDGE('',*,*,#1466,.F.);
#1466 = EDGE_CURVE('',#1467,#1459,#1469,.T.);
#1467 = VERTEX_POINT('',#1468);
#1468 = CARTESIAN_POINT('',(-46.,43.06,30.1));
#1469 = LINE('',#1470,#1471);
#1470 = CARTESIAN_POINT('',(-50.028,43.06,30.1));
#1471 = VECTOR('',#1472,1.);
#1472 = DIRECTION('',(1.,0.,0.));
#1473 = ORIENTED_EDGE('',*,*,#1474,.T.);
#1474 = EDGE_CURVE('',#1467,#1475,#1477,.T.);
#1475 = VERTEX_POINT('',#1476);
#1476 = CARTESIAN_POINT('',(-46.,43.06,35.));
#1477 = LINE('',#1478,#1479);
#1478 = CARTESIAN_POINT('',(-46.,43.06,16.));
#1479 = VECTOR('',#1480,1.);
#1480 = DIRECTION('',(0.,0.,1.));
#1481 = ORIENTED_EDGE('',*,*,#1482,.F.);
#1482 = EDGE_CURVE('',#1483,#1475,#1485,.T.);
#1483 = VERTEX_POINT('',#1484);
#1484 = CARTESIAN_POINT('',(-54.,43.06,35.));
#1485 = LINE('',#1486,#1487);
#1486 = CARTESIAN_POINT('',(-52.37,43.06,35.));
#1487 = VECTOR('',#1488,1.);
#1488 = DIRECTION('',(1.,0.,0.));
#1489 = ORIENTED_EDGE('',*,*,#1490,.F.);
#1490 = EDGE_CURVE('',#1491,#1483,#1493,.T.);
#1491 = VERTEX_POINT('',#1492);
#1492 = CARTESIAN_POINT('',(-54.,43.06,29.));
#1493 = LINE('',#1494,#1495);
#1494 = CARTESIAN_POINT('',(-54.,43.06,16.));
#1495 = VECTOR('',#1496,1.);
#1496 = DIRECTION('',(0.,0.,1.));
#1497 = ORIENTED_EDGE('',*,*,#1498,.T.);
#1498 = EDGE_CURVE('',#1491,#1499,#1501,.T.);
#1499 = VERTEX_POINT('',#1500);
#1500 = CARTESIAN_POINT('',(-50.028,43.06,29.));
#1501 = LINE('',#1502,#1503);
#1502 = CARTESIAN_POINT('',(-52.37,43.06,29.));
#1503 = VECTOR('',#1504,1.);
#1504 = DIRECTION('',(1.,0.,0.));
#1505 = ORIENTED_EDGE('',*,*,#1506,.F.);
#1506 = EDGE_CURVE('',#1507,#1499,#1509,.T.);
#1507 = VERTEX_POINT('',#1508);
#1508 = CARTESIAN_POINT('',(-50.028,43.06,3.));
#1509 = LINE('',#1510,#1511);
#1510 = CARTESIAN_POINT('',(-50.028,43.06,3.));
#1511 = VECTOR('',#1512,1.);
#1512 = DIRECTION('',(0.,0.,1.));
#1513 = ORIENTED_EDGE('',*,*,#1514,.F.);
#1514 = EDGE_CURVE('',#1515,#1507,#1517,.T.);
#1515 = VERTEX_POINT('',#1516);
#1516 = CARTESIAN_POINT('',(-58.74,43.06,3.));
#1517 = LINE('',#1518,#1519);
#1518 = CARTESIAN_POINT('',(-58.74,43.06,3.));
#1519 = VECTOR('',#1520,1.);
#1520 = DIRECTION('',(1.,0.,0.));
#1521 = ORIENTED_EDGE('',*,*,#1522,.T.);
#1522 = EDGE_CURVE('',#1515,#1523,#1525,.T.);
#1523 = VERTEX_POINT('',#1524);
#1524 = CARTESIAN_POINT('',(-58.74,43.06,52.1));
#1525 = LINE('',#1526,#1527);
#1526 = CARTESIAN_POINT('',(-58.74,43.06,3.));
#1527 = VECTOR('',#1528,1.);
#1528 = DIRECTION('',(0.,0.,1.));
#1529 = ORIENTED_EDGE('',*,*,#1530,.F.);
#1530 = EDGE_CURVE('',#1228,#1523,#1531,.T.);
#1531 = LINE('',#1532,#1533);
#1532 = CARTESIAN_POINT('',(-60.24,43.06,52.1));
#1533 = VECTOR('',#1534,1.);
#1534 = DIRECTION('',(-1.,0.,0.));
#1535 = FACE_BOUND('',#1536,.F.);
#1536 = EDGE_LOOP('',(#1537,#1547,#1555,#1563));
#1537 = ORIENTED_EDGE('',*,*,#1538,.T.);
#1538 = EDGE_CURVE('',#1539,#1541,#1543,.T.);
#1539 = VERTEX_POINT('',#1540);
#1540 = CARTESIAN_POINT('',(-42.,43.06,28.));
#1541 = VERTEX_POINT('',#1542);
#1542 = CARTESIAN_POINT('',(-30.,43.06,28.));
#1543 = LINE('',#1544,#1545);
#1544 = CARTESIAN_POINT('',(-44.37,43.06,28.));
#1545 = VECTOR('',#1546,1.);
#1546 = DIRECTION('',(1.,0.,0.));
#1547 = ORIENTED_EDGE('',*,*,#1548,.T.);
#1548 = EDGE_CURVE('',#1541,#1549,#1551,.T.);
#1549 = VERTEX_POINT('',#1550);
#1550 = CARTESIAN_POINT('',(-30.,43.06,36.));
#1551 = LINE('',#1552,#1553);
#1552 = CARTESIAN_POINT('',(-30.,43.06,15.5));
#1553 = VECTOR('',#1554,1.);
#1554 = DIRECTION('',(0.,0.,1.));
#1555 = ORIENTED_EDGE('',*,*,#1556,.F.);
#1556 = EDGE_CURVE('',#1557,#1549,#1559,.T.);
#1557 = VERTEX_POINT('',#1558);
#1558 = CARTESIAN_POINT('',(-42.,43.06,36.));
#1559 = LINE('',#1560,#1561);
#1560 = CARTESIAN_POINT('',(-44.37,43.06,36.));
#1561 = VECTOR('',#1562,1.);
#1562 = DIRECTION('',(1.,0.,0.));
#1563 = ORIENTED_EDGE('',*,*,#1564,.F.);
#1564 = EDGE_CURVE('',#1539,#1557,#1565,.T.);
#1565 = LINE('',#1566,#1567);
#1566 = CARTESIAN_POINT('',(-42.,43.06,15.5));
#1567 = VECTOR('',#1568,1.);
#1568 = DIRECTION('',(0.,0.,1.));
#1569 = FACE_BOUND('',#1570,.F.);
#1570 = EDGE_LOOP('',(#1571,#1581,#1589,#1597));
#1571 = ORIENTED_EDGE('',*,*,#1572,.T.);
#1572 = EDGE_CURVE('',#1573,#1575,#1577,.T.);
#1573 = VERTEX_POINT('',#1574);
#1574 = CARTESIAN_POINT('',(-4.,43.06,23.));
#1575 = VERTEX_POINT('',#1576);
#1576 = CARTESIAN_POINT('',(4.,43.06,23.));
#1577 = LINE('',#1578,#1579);
#1578 = CARTESIAN_POINT('',(-27.37,43.06,23.));
#1579 = VECTOR('',#1580,1.);
#1580 = DIRECTION('',(1.,0.,0.));
#1581 = ORIENTED_EDGE('',*,*,#1582,.T.);
#1582 = EDGE_CURVE('',#1575,#1583,#1585,.T.);
#1583 = VERTEX_POINT('',#1584);
#1584 = CARTESIAN_POINT('',(4.,43.06,29.));
#1585 = LINE('',#1586,#1587);
#1586 = CARTESIAN_POINT('',(4.,43.06,13.));
#1587 = VECTOR('',#1588,1.);
#1588 = DIRECTION('',(0.,0.,1.));
#1589 = ORIENTED_EDGE('',*,*,#1590,.F.);
#1590 = EDGE_CURVE('',#1591,#1583,#1593,.T.);
#1591 = VERTEX_POINT('',#1592);
#1592 = CARTESIAN_POINT('',(-4.,43.06,29.));
#1593 = LINE('',#1594,#1595);
#1594 = CARTESIAN_POINT('',(-27.37,43.06,29.));
#1595 = VECTOR('',#1596,1.);
#1596 = DIRECTION('',(1.,0.,0.));
#1597 = ORIENTED_EDGE('',*,*,#1598,.F.);
#1598 = EDGE_CURVE('',#1573,#1591,#1599,.T.);
#1599 = LINE('',#1600,#1601);
#1600 = CARTESIAN_POINT('',(-4.,43.06,13.));
#1601 = VECTOR('',#1602,1.);
#1602 = DIRECTION('',(0.,0.,1.));
#1603 = PLANE('',#1604);
#1604 = AXIS2_PLACEMENT_3D('',#1605,#1606,#1607);
#1605 = CARTESIAN_POINT('',(-58.74,43.06,3.));
#1606 = DIRECTION('',(0.,1.,0.));
#1607 = DIRECTION('',(0.,0.,1.));
#1608 = ADVANCED_FACE('',(#1609,#1625),#1659,.T.);
#1609 = FACE_BOUND('',#1610,.T.);
#1610 = EDGE_LOOP('',(#1611,#1612,#1618,#1619));
#1611 = ORIENTED_EDGE('',*,*,#1128,.F.);
#1612 = ORIENTED_EDGE('',*,*,#1613,.T.);
#1613 = EDGE_CURVE('',#1121,#1515,#1614,.T.);
#1614 = LINE('',#1615,#1616);
#1615 = CARTESIAN_POINT('',(-58.74,-43.06,3.));
#1616 = VECTOR('',#1617,1.);
#1617 = DIRECTION('',(0.,1.,0.));
#1618 = ORIENTED_EDGE('',*,*,#1522,.T.);
#1619 = ORIENTED_EDGE('',*,*,#1620,.F.);
#1620 = EDGE_CURVE('',#1129,#1523,#1621,.T.);
#1621 = LINE('',#1622,#1623);
#1622 = CARTESIAN_POINT('',(-58.74,-44.56,52.1));
#1623 = VECTOR('',#1624,1.);
#1624 = DIRECTION('',(0.,1.,0.));
#1625 = FACE_BOUND('',#1626,.T.);
#1626 = EDGE_LOOP('',(#1627,#1637,#1645,#1653));
#1627 = ORIENTED_EDGE('',*,*,#1628,.F.);
#1628 = EDGE_CURVE('',#1629,#1631,#1633,.T.);
#1629 = VERTEX_POINT('',#1630);
#1630 = CARTESIAN_POINT('',(-58.74,-18.,29.));
#1631 = VERTEX_POINT('',#1632);
#1632 = CARTESIAN_POINT('',(-58.74,-26.,29.));
#1633 = LINE('',#1634,#1635);
#1634 = CARTESIAN_POINT('',(-58.74,-30.53,29.));
#1635 = VECTOR('',#1636,1.);
#1636 = DIRECTION('',(0.,-1.,0.));
#1637 = ORIENTED_EDGE('',*,*,#1638,.T.);
#1638 = EDGE_CURVE('',#1629,#1639,#1641,.T.);
#1639 = VERTEX_POINT('',#1640);
#1640 = CARTESIAN_POINT('',(-58.74,-18.,23.));
#1641 = LINE('',#1642,#1643);
#1642 = CARTESIAN_POINT('',(-58.74,-18.,13.));
#1643 = VECTOR('',#1644,1.);
#1644 = DIRECTION('',(0.,0.,-1.));
#1645 = ORIENTED_EDGE('',*,*,#1646,.T.);
#1646 = EDGE_CURVE('',#1639,#1647,#1649,.T.);
#1647 = VERTEX_POINT('',#1648);
#1648 = CARTESIAN_POINT('',(-58.74,-26.,23.));
#1649 = LINE('',#1650,#1651);
#1650 = CARTESIAN_POINT('',(-58.74,-30.53,23.));
#1651 = VECTOR('',#1652,1.);
#1652 = DIRECTION('',(0.,-1.,0.));
#1653 = ORIENTED_EDGE('',*,*,#1654,.F.);
#1654 = EDGE_CURVE('',#1631,#1647,#1655,.T.);
#1655 = LINE('',#1656,#1657);
#1656 = CARTESIAN_POINT('',(-58.74,-26.,13.));
#1657 = VECTOR('',#1658,1.);
#1658 = DIRECTION('',(0.,0.,-1.));
#1659 = PLANE('',#1660);
#1660 = AXIS2_PLACEMENT_3D('',#1661,#1662,#1663);
#1661 = CARTESIAN_POINT('',(-58.74,-43.06,3.));
#1662 = DIRECTION('',(1.,0.,0.));
#1663 = DIRECTION('',(0.,0.,1.));
#1664 = ADVANCED_FACE('',(#1665),#1706,.T.);
#1665 = FACE_BOUND('',#1666,.T.);
#1666 = EDGE_LOOP('',(#1667,#1677,#1685,#1691,#1692,#1700));
#1667 = ORIENTED_EDGE('',*,*,#1668,.F.);
#1668 = EDGE_CURVE('',#1669,#1671,#1673,.T.);
#1669 = VERTEX_POINT('',#1670);
#1670 = CARTESIAN_POINT('',(-46.,46.06,29.));
#1671 = VERTEX_POINT('',#1672);
#1672 = CARTESIAN_POINT('',(-46.,42.06,29.));
#1673 = LINE('',#1674,#1675);
#1674 = CARTESIAN_POINT('',(-46.,47.06,29.));
#1675 = VECTOR('',#1676,1.);
#1676 = DIRECTION('',(-1.224646799147E-16,-1.,0.));
#1677 = ORIENTED_EDGE('',*,*,#1678,.F.);
#1678 = EDGE_CURVE('',#1679,#1669,#1681,.T.);
#1679 = VERTEX_POINT('',#1680);
#1680 = CARTESIAN_POINT('',(-54.,46.06,29.));
#1681 = LINE('',#1682,#1683);
#1682 = CARTESIAN_POINT('',(-53.87,46.06,29.));
#1683 = VECTOR('',#1684,1.);
#1684 = DIRECTION('',(1.,0.,0.));
#1685 = ORIENTED_EDGE('',*,*,#1686,.T.);
#1686 = EDGE_CURVE('',#1679,#1491,#1687,.T.);
#1687 = LINE('',#1688,#1689);
#1688 = CARTESIAN_POINT('',(-54.,47.06,29.));
#1689 = VECTOR('',#1690,1.);
#1690 = DIRECTION('',(-1.224646799147E-16,-1.,0.));
#1691 = ORIENTED_EDGE('',*,*,#1498,.T.);
#1692 = ORIENTED_EDGE('',*,*,#1693,.T.);
#1693 = EDGE_CURVE('',#1499,#1694,#1696,.T.);
#1694 = VERTEX_POINT('',#1695);
#1695 = CARTESIAN_POINT('',(-50.028,42.06,29.));
#1696 = LINE('',#1697,#1698);
#1697 = CARTESIAN_POINT('',(-50.028,42.56,29.));
#1698 = VECTOR('',#1699,1.);
#1699 = DIRECTION('',(0.,-1.,0.));
#1700 = ORIENTED_EDGE('',*,*,#1701,.F.);
#1701 = EDGE_CURVE('',#1671,#1694,#1702,.T.);
#1702 = LINE('',#1703,#1704);
#1703 = CARTESIAN_POINT('',(-46.,42.06,29.));
#1704 = VECTOR('',#1705,1.);
#1705 = DIRECTION('',(-1.,1.224646799147E-16,0.));
#1706 = PLANE('',#1707);
#1707 = AXIS2_PLACEMENT_3D('',#1708,#1709,#1710);
#1708 = CARTESIAN_POINT('',(-46.,47.06,29.));
#1709 = DIRECTION('',(0.,0.,1.));
#1710 = DIRECTION('',(-1.,1.224646799147E-16,0.));
#1711 = ADVANCED_FACE('',(#1712),#1746,.F.);
#1712 = FACE_BOUND('',#1713,.F.);
#1713 = EDGE_LOOP('',(#1714,#1724,#1732,#1740));
#1714 = ORIENTED_EDGE('',*,*,#1715,.F.);
#1715 = EDGE_CURVE('',#1716,#1718,#1720,.T.);
#1716 = VERTEX_POINT('',#1717);
#1717 = CARTESIAN_POINT('',(-61.74,4.,0.));
#1718 = VERTEX_POINT('',#1719);
#1719 = CARTESIAN_POINT('',(-61.74,4.,52.1));
#1720 = LINE('',#1721,#1722);
#1721 = CARTESIAN_POINT('',(-61.74,4.,0.));
#1722 = VECTOR('',#1723,1.);
#1723 = DIRECTION('',(0.,0.,1.));
#1724 = ORIENTED_EDGE('',*,*,#1725,.T.);
#1725 = EDGE_CURVE('',#1716,#1726,#1728,.T.);
#1726 = VERTEX_POINT('',#1727);
#1727 = CARTESIAN_POINT('',(-61.74,46.06,0.));
#1728 = LINE('',#1729,#1730);
#1729 = CARTESIAN_POINT('',(-61.74,-46.06,0.));
#1730 = VECTOR('',#1731,1.);
#1731 = DIRECTION('',(0.,1.,0.));
#1732 = ORIENTED_EDGE('',*,*,#1733,.T.);
#1733 = EDGE_CURVE('',#1726,#1734,#1736,.T.);
#1734 = VERTEX_POINT('',#1735);
#1735 = CARTESIAN_POINT('',(-61.74,46.06,52.1));
#1736 = LINE('',#1737,#1738);
#1737 = CARTESIAN_POINT('',(-61.74,46.06,0.));
#1738 = VECTOR('',#1739,1.);
#1739 = DIRECTION('',(0.,0.,1.));
#1740 = ORIENTED_EDGE('',*,*,#1741,.F.);
#1741 = EDGE_CURVE('',#1718,#1734,#1742,.T.);
#1742 = LINE('',#1743,#1744);
#1743 = CARTESIAN_POINT('',(-61.74,-46.06,52.1));
#1744 = VECTOR('',#1745,1.);
#1745 = DIRECTION('',(0.,1.,0.));
#1746 = PLANE('',#1747);
#1747 = AXIS2_PLACEMENT_3D('',#1748,#1749,#1750);
#1748 = CARTESIAN_POINT('',(-61.74,-46.06,0.));
#1749 = DIRECTION('',(1.,0.,0.));
#1750 = DIRECTION('',(0.,0.,1.));
#1751 = ADVANCED_FACE('',(#1752),#1841,.F.);
#1752 = FACE_BOUND('',#1753,.F.);
#1753 = EDGE_LOOP('',(#1754,#1764,#1772,#1778,#1779,#1787,#1795,#1803,
    #1811,#1819,#1827,#1835));
#1754 = ORIENTED_EDGE('',*,*,#1755,.F.);
#1755 = EDGE_CURVE('',#1756,#1758,#1760,.T.);
#1756 = VERTEX_POINT('',#1757);
#1757 = CARTESIAN_POINT('',(-136.74,4.,52.1));
#1758 = VERTEX_POINT('',#1759);
#1759 = CARTESIAN_POINT('',(-132.24,4.,52.1));
#1760 = LINE('',#1761,#1762);
#1761 = CARTESIAN_POINT('',(-136.74,4.,52.1));
#1762 = VECTOR('',#1763,1.);
#1763 = DIRECTION('',(1.,1.110223024625E-16,0.));
#1764 = ORIENTED_EDGE('',*,*,#1765,.F.);
#1765 = EDGE_CURVE('',#1766,#1756,#1768,.T.);
#1766 = VERTEX_POINT('',#1767);
#1767 = CARTESIAN_POINT('',(-136.74,4.,0.));
#1768 = LINE('',#1769,#1770);
#1769 = CARTESIAN_POINT('',(-136.74,4.,0.));
#1770 = VECTOR('',#1771,1.);
#1771 = DIRECTION('',(0.,0.,1.));
#1772 = ORIENTED_EDGE('',*,*,#1773,.T.);
#1773 = EDGE_CURVE('',#1766,#1716,#1774,.T.);
#1774 = LINE('',#1775,#1776);
#1775 = CARTESIAN_POINT('',(-136.74,4.,0.));
#1776 = VECTOR('',#1777,1.);
#1777 = DIRECTION('',(1.,1.110223024625E-16,0.));
#1778 = ORIENTED_EDGE('',*,*,#1715,.T.);
#1779 = ORIENTED_EDGE('',*,*,#1780,.F.);
#1780 = EDGE_CURVE('',#1781,#1718,#1783,.T.);
#1781 = VERTEX_POINT('',#1782);
#1782 = CARTESIAN_POINT('',(-66.24,4.,52.1));
#1783 = LINE('',#1784,#1785);
#1784 = CARTESIAN_POINT('',(-136.74,4.,52.1));
#1785 = VECTOR('',#1786,1.);
#1786 = DIRECTION('',(1.,1.110223024625E-16,0.));
#1787 = ORIENTED_EDGE('',*,*,#1788,.F.);
#1788 = EDGE_CURVE('',#1789,#1781,#1791,.T.);
#1789 = VERTEX_POINT('',#1790);
#1790 = CARTESIAN_POINT('',(-66.24,4.,45.1));
#1791 = LINE('',#1792,#1793);
#1792 = CARTESIAN_POINT('',(-66.24,4.,22.55));
#1793 = VECTOR('',#1794,1.);
#1794 = DIRECTION('',(0.,0.,1.));
#1795 = ORIENTED_EDGE('',*,*,#1796,.T.);
#1796 = EDGE_CURVE('',#1789,#1797,#1799,.T.);
#1797 = VERTEX_POINT('',#1798);
#1798 = CARTESIAN_POINT('',(-71.24,4.,45.1));
#1799 = LINE('',#1800,#1801);
#1800 = CARTESIAN_POINT('',(-103.99,4.,45.1));
#1801 = VECTOR('',#1802,1.);
#1802 = DIRECTION('',(-1.,-1.110223024625E-16,0.));
#1803 = ORIENTED_EDGE('',*,*,#1804,.T.);
#1804 = EDGE_CURVE('',#1797,#1805,#1807,.T.);
#1805 = VERTEX_POINT('',#1806);
#1806 = CARTESIAN_POINT('',(-71.24,4.,52.1));
#1807 = LINE('',#1808,#1809);
#1808 = CARTESIAN_POINT('',(-71.24,4.,22.55));
#1809 = VECTOR('',#1810,1.);
#1810 = DIRECTION('',(0.,0.,1.));
#1811 = ORIENTED_EDGE('',*,*,#1812,.F.);
#1812 = EDGE_CURVE('',#1813,#1805,#1815,.T.);
#1813 = VERTEX_POINT('',#1814);
#1814 = CARTESIAN_POINT('',(-127.24,4.,52.1));
#1815 = LINE('',#1816,#1817);
#1816 = CARTESIAN_POINT('',(-136.74,4.,52.1));
#1817 = VECTOR('',#1818,1.);
#1818 = DIRECTION('',(1.,1.110223024625E-16,0.));
#1819 = ORIENTED_EDGE('',*,*,#1820,.F.);
#1820 = EDGE_CURVE('',#1821,#1813,#1823,.T.);
#1821 = VERTEX_POINT('',#1822);
#1822 = CARTESIAN_POINT('',(-127.24,4.,45.1));
#1823 = LINE('',#1824,#1825);
#1824 = CARTESIAN_POINT('',(-127.24,4.,22.55));
#1825 = VECTOR('',#1826,1.);
#1826 = DIRECTION('',(0.,0.,1.));
#1827 = ORIENTED_EDGE('',*,*,#1828,.T.);
#1828 = EDGE_CURVE('',#1821,#1829,#1831,.T.);
#1829 = VERTEX_POINT('',#1830);
#1830 = CARTESIAN_POINT('',(-132.24,4.,45.1));
#1831 = LINE('',#1832,#1833);
#1832 = CARTESIAN_POINT('',(-134.49,4.,45.1));
#1833 = VECTOR('',#1834,1.);
#1834 = DIRECTION('',(-1.,-1.110223024625E-16,0.));
#1835 = ORIENTED_EDGE('',*,*,#1836,.T.);
#1836 = EDGE_CURVE('',#1829,#1758,#1837,.T.);
#1837 = LINE('',#1838,#1839);
#1838 = CARTESIAN_POINT('',(-132.24,4.,22.55));
#1839 = VECTOR('',#1840,1.);
#1840 = DIRECTION('',(0.,0.,1.));
#1841 = PLANE('',#1842);
#1842 = AXIS2_PLACEMENT_3D('',#1843,#1844,#1845);
#1843 = CARTESIAN_POINT('',(-136.74,4.,0.));
#1844 = DIRECTION('',(1.110223024625E-16,-1.,0.));
#1845 = DIRECTION('',(0.,0.,1.));
#1846 = ADVANCED_FACE('',(#1847,#1872,#1897),#1931,.T.);
#1847 = FACE_BOUND('',#1848,.T.);
#1848 = EDGE_LOOP('',(#1849,#1857,#1858,#1866));
#1849 = ORIENTED_EDGE('',*,*,#1850,.F.);
#1850 = EDGE_CURVE('',#1726,#1851,#1853,.T.);
#1851 = VERTEX_POINT('',#1852);
#1852 = CARTESIAN_POINT('',(-26.,46.06,0.));
#1853 = LINE('',#1854,#1855);
#1854 = CARTESIAN_POINT('',(-61.74,46.06,0.));
#1855 = VECTOR('',#1856,1.);
#1856 = DIRECTION('',(1.,0.,0.));
#1857 = ORIENTED_EDGE('',*,*,#1733,.T.);
#1858 = ORIENTED_EDGE('',*,*,#1859,.T.);
#1859 = EDGE_CURVE('',#1734,#1860,#1862,.T.);
#1860 = VERTEX_POINT('',#1861);
#1861 = CARTESIAN_POINT('',(-26.,46.06,52.1));
#1862 = LINE('',#1863,#1864);
#1863 = CARTESIAN_POINT('',(-61.74,46.06,52.1));
#1864 = VECTOR('',#1865,1.);
#1865 = DIRECTION('',(1.,0.,0.));
#1866 = ORIENTED_EDGE('',*,*,#1867,.F.);
#1867 = EDGE_CURVE('',#1851,#1860,#1868,.T.);
#1868 = LINE('',#1869,#1870);
#1869 = CARTESIAN_POINT('',(-26.,46.06,0.));
#1870 = VECTOR('',#1871,1.);
#1871 = DIRECTION('',(0.,0.,1.));
#1872 = FACE_BOUND('',#1873,.T.);
#1873 = EDGE_LOOP('',(#1874,#1875,#1883,#1891));
#1874 = ORIENTED_EDGE('',*,*,#1678,.T.);
#1875 = ORIENTED_EDGE('',*,*,#1876,.T.);
#1876 = EDGE_CURVE('',#1669,#1877,#1879,.T.);
#1877 = VERTEX_POINT('',#1878);
#1878 = CARTESIAN_POINT('',(-46.,46.06,35.));
#1879 = LINE('',#1880,#1881);
#1880 = CARTESIAN_POINT('',(-46.,46.06,14.5));
#1881 = VECTOR('',#1882,1.);
#1882 = DIRECTION('',(0.,0.,1.));
#1883 = ORIENTED_EDGE('',*,*,#1884,.F.);
#1884 = EDGE_CURVE('',#1885,#1877,#1887,.T.);
#1885 = VERTEX_POINT('',#1886);
#1886 = CARTESIAN_POINT('',(-54.,46.06,35.));
#1887 = LINE('',#1888,#1889);
#1888 = CARTESIAN_POINT('',(-53.87,46.06,35.));
#1889 = VECTOR('',#1890,1.);
#1890 = DIRECTION('',(1.,0.,0.));
#1891 = ORIENTED_EDGE('',*,*,#1892,.F.);
#1892 = EDGE_CURVE('',#1679,#1885,#1893,.T.);
#1893 = LINE('',#1894,#1895);
#1894 = CARTESIAN_POINT('',(-54.,46.06,14.5));
#1895 = VECTOR('',#1896,1.);
#1896 = DIRECTION('',(0.,0.,1.));
#1897 = FACE_BOUND('',#1898,.T.);
#1898 = EDGE_LOOP('',(#1899,#1909,#1917,#1925));
#1899 = ORIENTED_EDGE('',*,*,#1900,.T.);
#1900 = EDGE_CURVE('',#1901,#1903,#1905,.T.);
#1901 = VERTEX_POINT('',#1902);
#1902 = CARTESIAN_POINT('',(-42.,46.06,28.));
#1903 = VERTEX_POINT('',#1904);
#1904 = CARTESIAN_POINT('',(-30.,46.06,28.));
#1905 = LINE('',#1906,#1907);
#1906 = CARTESIAN_POINT('',(-45.87,46.06,28.));
#1907 = VECTOR('',#1908,1.);
#1908 = DIRECTION('',(1.,0.,0.));
#1909 = ORIENTED_EDGE('',*,*,#1910,.T.);
#1910 = EDGE_CURVE('',#1903,#1911,#1913,.T.);
#1911 = VERTEX_POINT('',#1912);
#1912 = CARTESIAN_POINT('',(-30.,46.06,36.));
#1913 = LINE('',#1914,#1915);
#1914 = CARTESIAN_POINT('',(-30.,46.06,14.));
#1915 = VECTOR('',#1916,1.);
#1916 = DIRECTION('',(0.,0.,1.));
#1917 = ORIENTED_EDGE('',*,*,#1918,.F.);
#1918 = EDGE_CURVE('',#1919,#1911,#1921,.T.);
#1919 = VERTEX_POINT('',#1920);
#1920 = CARTESIAN_POINT('',(-42.,46.06,36.));
#1921 = LINE('',#1922,#1923);
#1922 = CARTESIAN_POINT('',(-45.87,46.06,36.));
#1923 = VECTOR('',#1924,1.);
#1924 = DIRECTION('',(1.,0.,0.));
#1925 = ORIENTED_EDGE('',*,*,#1926,.F.);
#1926 = EDGE_CURVE('',#1901,#1919,#1927,.T.);
#1927 = LINE('',#1928,#1929);
#1928 = CARTESIAN_POINT('',(-42.,46.06,14.));
#1929 = VECTOR('',#1930,1.);
#1930 = DIRECTION('',(0.,0.,1.));
#1931 = PLANE('',#1932);
#1932 = AXIS2_PLACEMENT_3D('',#1933,#1934,#1935);
#1933 = CARTESIAN_POINT('',(-61.74,46.06,0.));
#1934 = DIRECTION('',(0.,1.,0.));
#1935 = DIRECTION('',(0.,0.,1.));
#1936 = ADVANCED_FACE('',(#1937),#1962,.F.);
#1937 = FACE_BOUND('',#1938,.F.);
#1938 = EDGE_LOOP('',(#1939,#1947,#1955,#1961));
#1939 = ORIENTED_EDGE('',*,*,#1940,.F.);
#1940 = EDGE_CURVE('',#1941,#1829,#1943,.T.);
#1941 = VERTEX_POINT('',#1942);
#1942 = CARTESIAN_POINT('',(-132.24,7.5,45.1));
#1943 = LINE('',#1944,#1945);
#1944 = CARTESIAN_POINT('',(-132.24,7.5,45.1));
#1945 = VECTOR('',#1946,1.);
#1946 = DIRECTION('',(1.110223024625E-16,-1.,0.));
#1947 = ORIENTED_EDGE('',*,*,#1948,.T.);
#1948 = EDGE_CURVE('',#1941,#1949,#1951,.T.);
#1949 = VERTEX_POINT('',#1950);
#1950 = CARTESIAN_POINT('',(-132.24,7.5,52.1));
#1951 = LINE('',#1952,#1953);
#1952 = CARTESIAN_POINT('',(-132.24,7.5,45.1));
#1953 = VECTOR('',#1954,1.);
#1954 = DIRECTION('',(0.,0.,1.));
#1955 = ORIENTED_EDGE('',*,*,#1956,.T.);
#1956 = EDGE_CURVE('',#1949,#1758,#1957,.T.);
#1957 = LINE('',#1958,#1959);
#1958 = CARTESIAN_POINT('',(-132.24,7.5,52.1));
#1959 = VECTOR('',#1960,1.);
#1960 = DIRECTION('',(1.110223024625E-16,-1.,0.));
#1961 = ORIENTED_EDGE('',*,*,#1836,.F.);
#1962 = PLANE('',#1963);
#1963 = AXIS2_PLACEMENT_3D('',#1964,#1965,#1966);
#1964 = CARTESIAN_POINT('',(-132.24,7.5,45.1));
#1965 = DIRECTION('',(1.,1.110223024625E-16,0.));
#1966 = DIRECTION('',(0.,0.,1.));
#1967 = ADVANCED_FACE('',(#1968),#1986,.F.);
#1968 = FACE_BOUND('',#1969,.F.);
#1969 = EDGE_LOOP('',(#1970,#1978,#1984,#1985));
#1970 = ORIENTED_EDGE('',*,*,#1971,.F.);
#1971 = EDGE_CURVE('',#1972,#1821,#1974,.T.);
#1972 = VERTEX_POINT('',#1973);
#1973 = CARTESIAN_POINT('',(-127.24,7.5,45.1));
#1974 = LINE('',#1975,#1976);
#1975 = CARTESIAN_POINT('',(-127.24,7.5,45.1));
#1976 = VECTOR('',#1977,1.);
#1977 = DIRECTION('',(1.110223024625E-16,-1.,0.));
#1978 = ORIENTED_EDGE('',*,*,#1979,.F.);
#1979 = EDGE_CURVE('',#1941,#1972,#1980,.T.);
#1980 = LINE('',#1981,#1982);
#1981 = CARTESIAN_POINT('',(-132.24,7.5,45.1));
#1982 = VECTOR('',#1983,1.);
#1983 = DIRECTION('',(1.,1.110223024625E-16,0.));
#1984 = ORIENTED_EDGE('',*,*,#1940,.T.);
#1985 = ORIENTED_EDGE('',*,*,#1828,.F.);
#1986 = PLANE('',#1987);
#1987 = AXIS2_PLACEMENT_3D('',#1988,#1989,#1990);
#1988 = CARTESIAN_POINT('',(-132.24,7.5,45.1));
#1989 = DIRECTION('',(0.,0.,1.));
#1990 = DIRECTION('',(1.110223024625E-16,-1.,0.));
#1991 = ADVANCED_FACE('',(#1992),#2010,.T.);
#1992 = FACE_BOUND('',#1993,.T.);
#1993 = EDGE_LOOP('',(#1994,#1995,#2003,#2009));
#1994 = ORIENTED_EDGE('',*,*,#1971,.F.);
#1995 = ORIENTED_EDGE('',*,*,#1996,.T.);
#1996 = EDGE_CURVE('',#1972,#1997,#1999,.T.);
#1997 = VERTEX_POINT('',#1998);
#1998 = CARTESIAN_POINT('',(-127.24,7.5,52.1));
#1999 = LINE('',#2000,#2001);
#2000 = CARTESIAN_POINT('',(-127.24,7.5,45.1));
#2001 = VECTOR('',#2002,1.);
#2002 = DIRECTION('',(0.,0.,1.));
#2003 = ORIENTED_EDGE('',*,*,#2004,.T.);
#2004 = EDGE_CURVE('',#1997,#1813,#2005,.T.);
#2005 = LINE('',#2006,#2007);
#2006 = CARTESIAN_POINT('',(-127.24,7.5,52.1));
#2007 = VECTOR('',#2008,1.);
#2008 = DIRECTION('',(1.110223024625E-16,-1.,0.));
#2009 = ORIENTED_EDGE('',*,*,#1820,.F.);
#2010 = PLANE('',#2011);
#2011 = AXIS2_PLACEMENT_3D('',#2012,#2013,#2014);
#2012 = CARTESIAN_POINT('',(-127.24,7.5,45.1));
#2013 = DIRECTION('',(1.,1.110223024625E-16,0.));
#2014 = DIRECTION('',(0.,0.,1.));
#2015 = ADVANCED_FACE('',(#2016),#2041,.F.);
#2016 = FACE_BOUND('',#2017,.F.);
#2017 = EDGE_LOOP('',(#2018,#2026,#2034,#2040));
#2018 = ORIENTED_EDGE('',*,*,#2019,.F.);
#2019 = EDGE_CURVE('',#2020,#1797,#2022,.T.);
#2020 = VERTEX_POINT('',#2021);
#2021 = CARTESIAN_POINT('',(-71.24,7.5,45.1));
#2022 = LINE('',#2023,#2024);
#2023 = CARTESIAN_POINT('',(-71.24,7.5,45.1));
#2024 = VECTOR('',#2025,1.);
#2025 = DIRECTION('',(1.110223024625E-16,-1.,0.));
#2026 = ORIENTED_EDGE('',*,*,#2027,.T.);
#2027 = EDGE_CURVE('',#2020,#2028,#2030,.T.);
#2028 = VERTEX_POINT('',#2029);
#2029 = CARTESIAN_POINT('',(-71.24,7.5,52.1));
#2030 = LINE('',#2031,#2032);
#2031 = CARTESIAN_POINT('',(-71.24,7.5,45.1));
#2032 = VECTOR('',#2033,1.);
#2033 = DIRECTION('',(0.,0.,1.));
#2034 = ORIENTED_EDGE('',*,*,#2035,.T.);
#2035 = EDGE_CURVE('',#2028,#1805,#2036,.T.);
#2036 = LINE('',#2037,#2038);
#2037 = CARTESIAN_POINT('',(-71.24,7.5,52.1));
#2038 = VECTOR('',#2039,1.);
#2039 = DIRECTION('',(1.110223024625E-16,-1.,0.));
#2040 = ORIENTED_EDGE('',*,*,#1804,.F.);
#2041 = PLANE('',#2042);
#2042 = AXIS2_PLACEMENT_3D('',#2043,#2044,#2045);
#2043 = CARTESIAN_POINT('',(-71.24,7.5,45.1));
#2044 = DIRECTION('',(1.,1.110223024625E-16,0.));
#2045 = DIRECTION('',(0.,0.,1.));
#2046 = ADVANCED_FACE('',(#2047),#2065,.F.);
#2047 = FACE_BOUND('',#2048,.F.);
#2048 = EDGE_LOOP('',(#2049,#2057,#2063,#2064));
#2049 = ORIENTED_EDGE('',*,*,#2050,.F.);
#2050 = EDGE_CURVE('',#2051,#1789,#2053,.T.);
#2051 = VERTEX_POINT('',#2052);
#2052 = CARTESIAN_POINT('',(-66.24,7.5,45.1));
#2053 = LINE('',#2054,#2055);
#2054 = CARTESIAN_POINT('',(-66.24,7.5,45.1));
#2055 = VECTOR('',#2056,1.);
#2056 = DIRECTION('',(1.110223024625E-16,-1.,0.));
#2057 = ORIENTED_EDGE('',*,*,#2058,.F.);
#2058 = EDGE_CURVE('',#2020,#2051,#2059,.T.);
#2059 = LINE('',#2060,#2061);
#2060 = CARTESIAN_POINT('',(-71.24,7.5,45.1));
#2061 = VECTOR('',#2062,1.);
#2062 = DIRECTION('',(1.,1.110223024625E-16,0.));
#2063 = ORIENTED_EDGE('',*,*,#2019,.T.);
#2064 = ORIENTED_EDGE('',*,*,#1796,.F.);
#2065 = PLANE('',#2066);
#2066 = AXIS2_PLACEMENT_3D('',#2067,#2068,#2069);
#2067 = CARTESIAN_POINT('',(-71.24,7.5,45.1));
#2068 = DIRECTION('',(0.,0.,1.));
#2069 = DIRECTION('',(1.110223024625E-16,-1.,0.));
#2070 = ADVANCED_FACE('',(#2071),#2089,.T.);
#2071 = FACE_BOUND('',#2072,.T.);
#2072 = EDGE_LOOP('',(#2073,#2074,#2082,#2088));
#2073 = ORIENTED_EDGE('',*,*,#2050,.F.);
#2074 = ORIENTED_EDGE('',*,*,#2075,.T.);
#2075 = EDGE_CURVE('',#2051,#2076,#2078,.T.);
#2076 = VERTEX_POINT('',#2077);
#2077 = CARTESIAN_POINT('',(-66.24,7.5,52.1));
#2078 = LINE('',#2079,#2080);
#2079 = CARTESIAN_POINT('',(-66.24,7.5,45.1));
#2080 = VECTOR('',#2081,1.);
#2081 = DIRECTION('',(0.,0.,1.));
#2082 = ORIENTED_EDGE('',*,*,#2083,.T.);
#2083 = EDGE_CURVE('',#2076,#1781,#2084,.T.);
#2084 = LINE('',#2085,#2086);
#2085 = CARTESIAN_POINT('',(-66.24,7.5,52.1));
#2086 = VECTOR('',#2087,1.);
#2087 = DIRECTION('',(1.110223024625E-16,-1.,0.));
#2088 = ORIENTED_EDGE('',*,*,#1788,.F.);
#2089 = PLANE('',#2090);
#2090 = AXIS2_PLACEMENT_3D('',#2091,#2092,#2093);
#2091 = CARTESIAN_POINT('',(-66.24,7.5,45.1));
#2092 = DIRECTION('',(1.,1.110223024625E-16,0.));
#2093 = DIRECTION('',(0.,0.,1.));
#2094 = ADVANCED_FACE('',(#2095,#2111),#2136,.F.);
#2095 = FACE_BOUND('',#2096,.F.);
#2096 = EDGE_LOOP('',(#2097,#2103,#2104,#2110));
#2097 = ORIENTED_EDGE('',*,*,#2098,.F.);
#2098 = EDGE_CURVE('',#1766,#962,#2099,.T.);
#2099 = LINE('',#2100,#2101);
#2100 = CARTESIAN_POINT('',(-136.74,4.,0.));
#2101 = VECTOR('',#2102,1.);
#2102 = DIRECTION('',(1.110223024625E-16,-1.,0.));
#2103 = ORIENTED_EDGE('',*,*,#1765,.T.);
#2104 = ORIENTED_EDGE('',*,*,#2105,.T.);
#2105 = EDGE_CURVE('',#1756,#952,#2106,.T.);
#2106 = LINE('',#2107,#2108);
#2107 = CARTESIAN_POINT('',(-136.74,4.,52.1));
#2108 = VECTOR('',#2109,1.);
#2109 = DIRECTION('',(1.110223024625E-16,-1.,0.));
#2110 = ORIENTED_EDGE('',*,*,#961,.F.);
#2111 = FACE_BOUND('',#2112,.F.);
#2112 = EDGE_LOOP('',(#2113,#2114,#2122,#2130));
#2113 = ORIENTED_EDGE('',*,*,#857,.F.);
#2114 = ORIENTED_EDGE('',*,*,#2115,.F.);
#2115 = EDGE_CURVE('',#2116,#850,#2118,.T.);
#2116 = VERTEX_POINT('',#2117);
#2117 = CARTESIAN_POINT('',(-136.74,-23.6,38.55));
#2118 = LINE('',#2119,#2120);
#2119 = CARTESIAN_POINT('',(-136.74,-23.6,18.475));
#2120 = VECTOR('',#2121,1.);
#2121 = DIRECTION('',(0.,0.,-1.));
#2122 = ORIENTED_EDGE('',*,*,#2123,.F.);
#2123 = EDGE_CURVE('',#2124,#2116,#2126,.T.);
#2124 = VERTEX_POINT('',#2125);
#2125 = CARTESIAN_POINT('',(-136.74,-20.4,38.55));
#2126 = LINE('',#2127,#2128);
#2127 = CARTESIAN_POINT('',(-136.74,-8.2,38.55));
#2128 = VECTOR('',#2129,1.);
#2129 = DIRECTION('',(1.110223024625E-16,-1.,0.));
#2130 = ORIENTED_EDGE('',*,*,#2131,.T.);
#2131 = EDGE_CURVE('',#2124,#858,#2132,.T.);
#2132 = LINE('',#2133,#2134);
#2133 = CARTESIAN_POINT('',(-136.74,-20.4,18.475));
#2134 = VECTOR('',#2135,1.);
#2135 = DIRECTION('',(0.,0.,-1.));
#2136 = PLANE('',#2137);
#2137 = AXIS2_PLACEMENT_3D('',#2138,#2139,#2140);
#2138 = CARTESIAN_POINT('',(-136.74,4.,0.));
#2139 = DIRECTION('',(1.,1.110223024625E-16,0.));
#2140 = DIRECTION('',(0.,0.,1.));
#2141 = ADVANCED_FACE('',(#2142),#2231,.T.);
#2142 = FACE_BOUND('',#2143,.T.);
#2143 = EDGE_LOOP('',(#2144,#2154,#2162,#2168,#2169,#2177,#2185,#2193,
    #2201,#2209,#2217,#2225));
#2144 = ORIENTED_EDGE('',*,*,#2145,.F.);
#2145 = EDGE_CURVE('',#2146,#2148,#2150,.T.);
#2146 = VERTEX_POINT('',#2147);
#2147 = CARTESIAN_POINT('',(-26.,111.06,52.1));
#2148 = VERTEX_POINT('',#2149);
#2149 = CARTESIAN_POINT('',(-26.,106.56,52.1));
#2150 = LINE('',#2151,#2152);
#2151 = CARTESIAN_POINT('',(-26.,111.06,52.1));
#2152 = VECTOR('',#2153,1.);
#2153 = DIRECTION('',(-1.224646799147E-16,-1.,0.));
#2154 = ORIENTED_EDGE('',*,*,#2155,.F.);
#2155 = EDGE_CURVE('',#2156,#2146,#2158,.T.);
#2156 = VERTEX_POINT('',#2157);
#2157 = CARTESIAN_POINT('',(-26.,111.06,0.));
#2158 = LINE('',#2159,#2160);
#2159 = CARTESIAN_POINT('',(-26.,111.06,0.));
#2160 = VECTOR('',#2161,1.);
#2161 = DIRECTION('',(0.,0.,1.));
#2162 = ORIENTED_EDGE('',*,*,#2163,.T.);
#2163 = EDGE_CURVE('',#2156,#1851,#2164,.T.);
#2164 = LINE('',#2165,#2166);
#2165 = CARTESIAN_POINT('',(-26.,111.06,0.));
#2166 = VECTOR('',#2167,1.);
#2167 = DIRECTION('',(-1.224646799147E-16,-1.,0.));
#2168 = ORIENTED_EDGE('',*,*,#1867,.T.);
#2169 = ORIENTED_EDGE('',*,*,#2170,.F.);
#2170 = EDGE_CURVE('',#2171,#1860,#2173,.T.);
#2171 = VERTEX_POINT('',#2172);
#2172 = CARTESIAN_POINT('',(-26.,50.56,52.1));
#2173 = LINE('',#2174,#2175);
#2174 = CARTESIAN_POINT('',(-26.,111.06,52.1));
#2175 = VECTOR('',#2176,1.);
#2176 = DIRECTION('',(-1.224646799147E-16,-1.,0.));
#2177 = ORIENTED_EDGE('',*,*,#2178,.F.);
#2178 = EDGE_CURVE('',#2179,#2171,#2181,.T.);
#2179 = VERTEX_POINT('',#2180);
#2180 = CARTESIAN_POINT('',(-26.,50.56,45.1));
#2181 = LINE('',#2182,#2183);
#2182 = CARTESIAN_POINT('',(-26.,50.56,22.55));
#2183 = VECTOR('',#2184,1.);
#2184 = DIRECTION('',(0.,0.,1.));
#2185 = ORIENTED_EDGE('',*,*,#2186,.T.);
#2186 = EDGE_CURVE('',#2179,#2187,#2189,.T.);
#2187 = VERTEX_POINT('',#2188);
#2188 = CARTESIAN_POINT('',(-26.,55.56,45.1));
#2189 = LINE('',#2190,#2191);
#2190 = CARTESIAN_POINT('',(-26.,83.31,45.1));
#2191 = VECTOR('',#2192,1.);
#2192 = DIRECTION('',(1.224646799147E-16,1.,0.));
#2193 = ORIENTED_EDGE('',*,*,#2194,.T.);
#2194 = EDGE_CURVE('',#2187,#2195,#2197,.T.);
#2195 = VERTEX_POINT('',#2196);
#2196 = CARTESIAN_POINT('',(-26.,55.56,52.1));
#2197 = LINE('',#2198,#2199);
#2198 = CARTESIAN_POINT('',(-26.,55.56,22.55));
#2199 = VECTOR('',#2200,1.);
#2200 = DIRECTION('',(0.,0.,1.));
#2201 = ORIENTED_EDGE('',*,*,#2202,.F.);
#2202 = EDGE_CURVE('',#2203,#2195,#2205,.T.);
#2203 = VERTEX_POINT('',#2204);
#2204 = CARTESIAN_POINT('',(-26.,101.56,52.1));
#2205 = LINE('',#2206,#2207);
#2206 = CARTESIAN_POINT('',(-26.,111.06,52.1));
#2207 = VECTOR('',#2208,1.);
#2208 = DIRECTION('',(-1.224646799147E-16,-1.,0.));
#2209 = ORIENTED_EDGE('',*,*,#2210,.F.);
#2210 = EDGE_CURVE('',#2211,#2203,#2213,.T.);
#2211 = VERTEX_POINT('',#2212);
#2212 = CARTESIAN_POINT('',(-26.,101.56,45.1));
#2213 = LINE('',#2214,#2215);
#2214 = CARTESIAN_POINT('',(-26.,101.56,22.55));
#2215 = VECTOR('',#2216,1.);
#2216 = DIRECTION('',(0.,0.,1.));
#2217 = ORIENTED_EDGE('',*,*,#2218,.T.);
#2218 = EDGE_CURVE('',#2211,#2219,#2221,.T.);
#2219 = VERTEX_POINT('',#2220);
#2220 = CARTESIAN_POINT('',(-26.,106.56,45.1));
#2221 = LINE('',#2222,#2223);
#2222 = CARTESIAN_POINT('',(-26.,108.81,45.1));
#2223 = VECTOR('',#2224,1.);
#2224 = DIRECTION('',(1.224646799147E-16,1.,0.));
#2225 = ORIENTED_EDGE('',*,*,#2226,.T.);
#2226 = EDGE_CURVE('',#2219,#2148,#2227,.T.);
#2227 = LINE('',#2228,#2229);
#2228 = CARTESIAN_POINT('',(-26.,106.56,22.55));
#2229 = VECTOR('',#2230,1.);
#2230 = DIRECTION('',(0.,0.,1.));
#2231 = PLANE('',#2232);
#2232 = AXIS2_PLACEMENT_3D('',#2233,#2234,#2235);
#2233 = CARTESIAN_POINT('',(-26.,111.06,0.));
#2234 = DIRECTION('',(-1.,1.224646799147E-16,0.));
#2235 = DIRECTION('',(0.,0.,1.));
#2236 = ADVANCED_FACE('',(#2237),#2248,.F.);
#2237 = FACE_BOUND('',#2238,.F.);
#2238 = EDGE_LOOP('',(#2239,#2245,#2246,#2247));
#2239 = ORIENTED_EDGE('',*,*,#2240,.F.);
#2240 = EDGE_CURVE('',#1885,#1483,#2241,.T.);
#2241 = LINE('',#2242,#2243);
#2242 = CARTESIAN_POINT('',(-54.,47.06,35.));
#2243 = VECTOR('',#2244,1.);
#2244 = DIRECTION('',(-1.224646799147E-16,-1.,0.));
#2245 = ORIENTED_EDGE('',*,*,#1892,.F.);
#2246 = ORIENTED_EDGE('',*,*,#1686,.T.);
#2247 = ORIENTED_EDGE('',*,*,#1490,.T.);
#2248 = PLANE('',#2249);
#2249 = AXIS2_PLACEMENT_3D('',#2250,#2251,#2252);
#2250 = CARTESIAN_POINT('',(-54.,47.06,29.));
#2251 = DIRECTION('',(-1.,1.224646799147E-16,0.));
#2252 = DIRECTION('',(0.,0.,1.));
#2253 = ADVANCED_FACE('',(#2254),#2265,.F.);
#2254 = FACE_BOUND('',#2255,.F.);
#2255 = EDGE_LOOP('',(#2256,#2262,#2263,#2264));
#2256 = ORIENTED_EDGE('',*,*,#2257,.F.);
#2257 = EDGE_CURVE('',#1877,#1475,#2258,.T.);
#2258 = LINE('',#2259,#2260);
#2259 = CARTESIAN_POINT('',(-46.,47.06,35.));
#2260 = VECTOR('',#2261,1.);
#2261 = DIRECTION('',(-1.224646799147E-16,-1.,0.));
#2262 = ORIENTED_EDGE('',*,*,#1884,.F.);
#2263 = ORIENTED_EDGE('',*,*,#2240,.T.);
#2264 = ORIENTED_EDGE('',*,*,#1482,.T.);
#2265 = PLANE('',#2266);
#2266 = AXIS2_PLACEMENT_3D('',#2267,#2268,#2269);
#2267 = CARTESIAN_POINT('',(-46.,47.06,35.));
#2268 = DIRECTION('',(0.,0.,1.));
#2269 = DIRECTION('',(-1.,1.224646799147E-16,0.));
#2270 = ADVANCED_FACE('',(#2271),#2291,.T.);
#2271 = FACE_BOUND('',#2272,.T.);
#2272 = EDGE_LOOP('',(#2273,#2274,#2275,#2276,#2284,#2290));
#2273 = ORIENTED_EDGE('',*,*,#2257,.F.);
#2274 = ORIENTED_EDGE('',*,*,#1876,.F.);
#2275 = ORIENTED_EDGE('',*,*,#1668,.T.);
#2276 = ORIENTED_EDGE('',*,*,#2277,.T.);
#2277 = EDGE_CURVE('',#1671,#2278,#2280,.T.);
#2278 = VERTEX_POINT('',#2279);
#2279 = CARTESIAN_POINT('',(-46.,42.06,30.1));
#2280 = LINE('',#2281,#2282);
#2281 = CARTESIAN_POINT('',(-46.,42.06,29.));
#2282 = VECTOR('',#2283,1.);
#2283 = DIRECTION('',(0.,0.,1.));
#2284 = ORIENTED_EDGE('',*,*,#2285,.F.);
#2285 = EDGE_CURVE('',#1467,#2278,#2286,.T.);
#2286 = LINE('',#2287,#2288);
#2287 = CARTESIAN_POINT('',(-46.,42.56,30.1));
#2288 = VECTOR('',#2289,1.);
#2289 = DIRECTION('',(-1.224646799147E-16,-1.,0.));
#2290 = ORIENTED_EDGE('',*,*,#1474,.T.);
#2291 = PLANE('',#2292);
#2292 = AXIS2_PLACEMENT_3D('',#2293,#2294,#2295);
#2293 = CARTESIAN_POINT('',(-46.,47.06,29.));
#2294 = DIRECTION('',(-1.,1.224646799147E-16,0.));
#2295 = DIRECTION('',(0.,0.,1.));
#2296 = ADVANCED_FACE('',(#2297),#2313,.T.);
#2297 = FACE_BOUND('',#2298,.T.);
#2298 = EDGE_LOOP('',(#2299,#2305,#2306,#2312));
#2299 = ORIENTED_EDGE('',*,*,#2300,.F.);
#2300 = EDGE_CURVE('',#1903,#1541,#2301,.T.);
#2301 = LINE('',#2302,#2303);
#2302 = CARTESIAN_POINT('',(-30.,47.06,28.));
#2303 = VECTOR('',#2304,1.);
#2304 = DIRECTION('',(-1.224646799147E-16,-1.,0.));
#2305 = ORIENTED_EDGE('',*,*,#1900,.F.);
#2306 = ORIENTED_EDGE('',*,*,#2307,.T.);
#2307 = EDGE_CURVE('',#1901,#1539,#2308,.T.);
#2308 = LINE('',#2309,#2310);
#2309 = CARTESIAN_POINT('',(-42.,47.06,28.));
#2310 = VECTOR('',#2311,1.);
#2311 = DIRECTION('',(-1.224646799147E-16,-1.,0.));
#2312 = ORIENTED_EDGE('',*,*,#1538,.T.);
#2313 = PLANE('',#2314);
#2314 = AXIS2_PLACEMENT_3D('',#2315,#2316,#2317);
#2315 = CARTESIAN_POINT('',(-30.,47.06,28.));
#2316 = DIRECTION('',(0.,0.,1.));
#2317 = DIRECTION('',(-1.,1.224646799147E-16,0.));
#2318 = ADVANCED_FACE('',(#2319),#2330,.F.);
#2319 = FACE_BOUND('',#2320,.F.);
#2320 = EDGE_LOOP('',(#2321,#2327,#2328,#2329));
#2321 = ORIENTED_EDGE('',*,*,#2322,.F.);
#2322 = EDGE_CURVE('',#1919,#1557,#2323,.T.);
#2323 = LINE('',#2324,#2325);
#2324 = CARTESIAN_POINT('',(-42.,47.06,36.));
#2325 = VECTOR('',#2326,1.);
#2326 = DIRECTION('',(-1.224646799147E-16,-1.,0.));
#2327 = ORIENTED_EDGE('',*,*,#1926,.F.);
#2328 = ORIENTED_EDGE('',*,*,#2307,.T.);
#2329 = ORIENTED_EDGE('',*,*,#1564,.T.);
#2330 = PLANE('',#2331);
#2331 = AXIS2_PLACEMENT_3D('',#2332,#2333,#2334);
#2332 = CARTESIAN_POINT('',(-42.,47.06,28.));
#2333 = DIRECTION('',(-1.,1.224646799147E-16,0.));
#2334 = DIRECTION('',(0.,0.,1.));
#2335 = ADVANCED_FACE('',(#2336),#2347,.T.);
#2336 = FACE_BOUND('',#2337,.T.);
#2337 = EDGE_LOOP('',(#2338,#2344,#2345,#2346));
#2338 = ORIENTED_EDGE('',*,*,#2339,.F.);
#2339 = EDGE_CURVE('',#1911,#1549,#2340,.T.);
#2340 = LINE('',#2341,#2342);
#2341 = CARTESIAN_POINT('',(-30.,47.06,36.));
#2342 = VECTOR('',#2343,1.);
#2343 = DIRECTION('',(-1.224646799147E-16,-1.,0.));
#2344 = ORIENTED_EDGE('',*,*,#1910,.F.);
#2345 = ORIENTED_EDGE('',*,*,#2300,.T.);
#2346 = ORIENTED_EDGE('',*,*,#1548,.T.);
#2347 = PLANE('',#2348);
#2348 = AXIS2_PLACEMENT_3D('',#2349,#2350,#2351);
#2349 = CARTESIAN_POINT('',(-30.,47.06,28.));
#2350 = DIRECTION('',(-1.,1.224646799147E-16,0.));
#2351 = DIRECTION('',(0.,0.,1.));
#2352 = ADVANCED_FACE('',(#2353),#2359,.F.);
#2353 = FACE_BOUND('',#2354,.F.);
#2354 = EDGE_LOOP('',(#2355,#2356,#2357,#2358));
#2355 = ORIENTED_EDGE('',*,*,#2339,.F.);
#2356 = ORIENTED_EDGE('',*,*,#1918,.F.);
#2357 = ORIENTED_EDGE('',*,*,#2322,.T.);
#2358 = ORIENTED_EDGE('',*,*,#1556,.T.);
#2359 = PLANE('',#2360);
#2360 = AXIS2_PLACEMENT_3D('',#2361,#2362,#2363);
#2361 = CARTESIAN_POINT('',(-30.,47.06,36.));
#2362 = DIRECTION('',(0.,0.,1.));
#2363 = DIRECTION('',(-1.,1.224646799147E-16,0.));
#2364 = ADVANCED_FACE('',(#2365),#2376,.F.);
#2365 = FACE_BOUND('',#2366,.F.);
#2366 = EDGE_LOOP('',(#2367,#2368,#2369,#2370));
#2367 = ORIENTED_EDGE('',*,*,#1948,.F.);
#2368 = ORIENTED_EDGE('',*,*,#1979,.T.);
#2369 = ORIENTED_EDGE('',*,*,#1996,.T.);
#2370 = ORIENTED_EDGE('',*,*,#2371,.F.);
#2371 = EDGE_CURVE('',#1949,#1997,#2372,.T.);
#2372 = LINE('',#2373,#2374);
#2373 = CARTESIAN_POINT('',(-132.24,7.5,52.1));
#2374 = VECTOR('',#2375,1.);
#2375 = DIRECTION('',(1.,1.110223024625E-16,0.));
#2376 = PLANE('',#2377);
#2377 = AXIS2_PLACEMENT_3D('',#2378,#2379,#2380);
#2378 = CARTESIAN_POINT('',(-132.24,7.5,45.1));
#2379 = DIRECTION('',(1.110223024625E-16,-1.,0.));
#2380 = DIRECTION('',(0.,0.,1.));
#2381 = ADVANCED_FACE('',(#2382),#2393,.F.);
#2382 = FACE_BOUND('',#2383,.F.);
#2383 = EDGE_LOOP('',(#2384,#2385,#2386,#2387));
#2384 = ORIENTED_EDGE('',*,*,#2027,.F.);
#2385 = ORIENTED_EDGE('',*,*,#2058,.T.);
#2386 = ORIENTED_EDGE('',*,*,#2075,.T.);
#2387 = ORIENTED_EDGE('',*,*,#2388,.F.);
#2388 = EDGE_CURVE('',#2028,#2076,#2389,.T.);
#2389 = LINE('',#2390,#2391);
#2390 = CARTESIAN_POINT('',(-71.24,7.5,52.1));
#2391 = VECTOR('',#2392,1.);
#2392 = DIRECTION('',(1.,1.110223024625E-16,0.));
#2393 = PLANE('',#2394);
#2394 = AXIS2_PLACEMENT_3D('',#2395,#2396,#2397);
#2395 = CARTESIAN_POINT('',(-71.24,7.5,45.1));
#2396 = DIRECTION('',(1.110223024625E-16,-1.,0.));
#2397 = DIRECTION('',(0.,0.,1.));
#2398 = ADVANCED_FACE('',(#2399),#2410,.T.);
#2399 = FACE_BOUND('',#2400,.T.);
#2400 = EDGE_LOOP('',(#2401,#2407,#2408,#2409));
#2401 = ORIENTED_EDGE('',*,*,#2402,.F.);
#2402 = EDGE_CURVE('',#2124,#709,#2403,.T.);
#2403 = LINE('',#2404,#2405);
#2404 = CARTESIAN_POINT('',(-137.74,-20.4,38.55));
#2405 = VECTOR('',#2406,1.);
#2406 = DIRECTION('',(1.,1.110223024625E-16,0.));
#2407 = ORIENTED_EDGE('',*,*,#2131,.T.);
#2408 = ORIENTED_EDGE('',*,*,#866,.T.);
#2409 = ORIENTED_EDGE('',*,*,#716,.F.);
#2410 = PLANE('',#2411);
#2411 = AXIS2_PLACEMENT_3D('',#2412,#2413,#2414);
#2412 = CARTESIAN_POINT('',(-137.74,-20.4,36.95));
#2413 = DIRECTION('',(1.110223024625E-16,-1.,0.));
#2414 = DIRECTION('',(0.,0.,1.));
#2415 = ADVANCED_FACE('',(#2416),#2427,.F.);
#2416 = FACE_BOUND('',#2417,.F.);
#2417 = EDGE_LOOP('',(#2418,#2419,#2420,#2426));
#2418 = ORIENTED_EDGE('',*,*,#2402,.F.);
#2419 = ORIENTED_EDGE('',*,*,#2123,.T.);
#2420 = ORIENTED_EDGE('',*,*,#2421,.T.);
#2421 = EDGE_CURVE('',#2116,#701,#2422,.T.);
#2422 = LINE('',#2423,#2424);
#2423 = CARTESIAN_POINT('',(-137.74,-23.6,38.55));
#2424 = VECTOR('',#2425,1.);
#2425 = DIRECTION('',(1.,1.110223024625E-16,0.));
#2426 = ORIENTED_EDGE('',*,*,#708,.F.);
#2427 = PLANE('',#2428);
#2428 = AXIS2_PLACEMENT_3D('',#2429,#2430,#2431);
#2429 = CARTESIAN_POINT('',(-137.74,-20.4,38.55));
#2430 = DIRECTION('',(0.,0.,1.));
#2431 = DIRECTION('',(1.110223024625E-16,-1.,0.));
#2432 = ADVANCED_FACE('',(#2433),#2439,.F.);
#2433 = FACE_BOUND('',#2434,.F.);
#2434 = EDGE_LOOP('',(#2435,#2436,#2437,#2438));
#2435 = ORIENTED_EDGE('',*,*,#2421,.F.);
#2436 = ORIENTED_EDGE('',*,*,#2115,.T.);
#2437 = ORIENTED_EDGE('',*,*,#849,.T.);
#2438 = ORIENTED_EDGE('',*,*,#700,.F.);
#2439 = PLANE('',#2440);
#2440 = AXIS2_PLACEMENT_3D('',#2441,#2442,#2443);
#2441 = CARTESIAN_POINT('',(-137.74,-23.6,36.95));
#2442 = DIRECTION('',(1.110223024625E-16,-1.,0.));
#2443 = DIRECTION('',(0.,0.,1.));
#2444 = ADVANCED_FACE('',(#2445),#2451,.T.);
#2445 = FACE_BOUND('',#2446,.T.);
#2446 = EDGE_LOOP('',(#2447,#2448,#2449,#2450));
#2447 = ORIENTED_EDGE('',*,*,#827,.F.);
#2448 = ORIENTED_EDGE('',*,*,#655,.T.);
#2449 = ORIENTED_EDGE('',*,*,#731,.T.);
#2450 = ORIENTED_EDGE('',*,*,#770,.F.);
#2451 = PLANE('',#2452);
#2452 = AXIS2_PLACEMENT_3D('',#2453,#2454,#2455);
#2453 = CARTESIAN_POINT('',(-133.74,1.,3.));
#2454 = DIRECTION('',(0.,0.,1.));
#2455 = DIRECTION('',(1.110223024625E-16,-1.,0.));
#2456 = ADVANCED_FACE('',(#2457),#2473,.F.);
#2457 = FACE_BOUND('',#2458,.F.);
#2458 = EDGE_LOOP('',(#2459,#2465,#2466,#2472));
#2459 = ORIENTED_EDGE('',*,*,#2460,.F.);
#2460 = EDGE_CURVE('',#787,#1629,#2461,.T.);
#2461 = LINE('',#2462,#2463);
#2462 = CARTESIAN_POINT('',(-62.74,-18.,29.));
#2463 = VECTOR('',#2464,1.);
#2464 = DIRECTION('',(1.,1.110223024625E-16,0.));
#2465 = ORIENTED_EDGE('',*,*,#786,.T.);
#2466 = ORIENTED_EDGE('',*,*,#2467,.T.);
#2467 = EDGE_CURVE('',#789,#1631,#2468,.T.);
#2468 = LINE('',#2469,#2470);
#2469 = CARTESIAN_POINT('',(-62.74,-26.,29.));
#2470 = VECTOR('',#2471,1.);
#2471 = DIRECTION('',(1.,1.110223024625E-16,0.));
#2472 = ORIENTED_EDGE('',*,*,#1628,.F.);
#2473 = PLANE('',#2474);
#2474 = AXIS2_PLACEMENT_3D('',#2475,#2476,#2477);
#2475 = CARTESIAN_POINT('',(-62.74,-18.,29.));
#2476 = DIRECTION('',(0.,0.,1.));
#2477 = DIRECTION('',(1.110223024625E-16,-1.,0.));
#2478 = ADVANCED_FACE('',(#2479),#2490,.T.);
#2479 = FACE_BOUND('',#2480,.T.);
#2480 = EDGE_LOOP('',(#2481,#2482,#2483,#2489));
#2481 = ORIENTED_EDGE('',*,*,#2460,.F.);
#2482 = ORIENTED_EDGE('',*,*,#796,.T.);
#2483 = ORIENTED_EDGE('',*,*,#2484,.T.);
#2484 = EDGE_CURVE('',#797,#1639,#2485,.T.);
#2485 = LINE('',#2486,#2487);
#2486 = CARTESIAN_POINT('',(-62.74,-18.,23.));
#2487 = VECTOR('',#2488,1.);
#2488 = DIRECTION('',(1.,1.110223024625E-16,0.));
#2489 = ORIENTED_EDGE('',*,*,#1638,.F.);
#2490 = PLANE('',#2491);
#2491 = AXIS2_PLACEMENT_3D('',#2492,#2493,#2494);
#2492 = CARTESIAN_POINT('',(-62.74,-18.,23.));
#2493 = DIRECTION('',(1.110223024625E-16,-1.,0.));
#2494 = DIRECTION('',(0.,0.,1.));
#2495 = ADVANCED_FACE('',(#2496),#2507,.F.);
#2496 = FACE_BOUND('',#2497,.F.);
#2497 = EDGE_LOOP('',(#2498,#2499,#2500,#2506));
#2498 = ORIENTED_EDGE('',*,*,#2467,.F.);
#2499 = ORIENTED_EDGE('',*,*,#812,.T.);
#2500 = ORIENTED_EDGE('',*,*,#2501,.T.);
#2501 = EDGE_CURVE('',#805,#1647,#2502,.T.);
#2502 = LINE('',#2503,#2504);
#2503 = CARTESIAN_POINT('',(-62.74,-26.,23.));
#2504 = VECTOR('',#2505,1.);
#2505 = DIRECTION('',(1.,1.110223024625E-16,0.));
#2506 = ORIENTED_EDGE('',*,*,#1654,.F.);
#2507 = PLANE('',#2508);
#2508 = AXIS2_PLACEMENT_3D('',#2509,#2510,#2511);
#2509 = CARTESIAN_POINT('',(-62.74,-26.,23.));
#2510 = DIRECTION('',(1.110223024625E-16,-1.,0.));
#2511 = DIRECTION('',(0.,0.,1.));
#2512 = ADVANCED_FACE('',(#2513),#2519,.T.);
#2513 = FACE_BOUND('',#2514,.T.);
#2514 = EDGE_LOOP('',(#2515,#2516,#2517,#2518));
#2515 = ORIENTED_EDGE('',*,*,#2484,.F.);
#2516 = ORIENTED_EDGE('',*,*,#804,.T.);
#2517 = ORIENTED_EDGE('',*,*,#2501,.T.);
#2518 = ORIENTED_EDGE('',*,*,#1646,.F.);
#2519 = PLANE('',#2520);
#2520 = AXIS2_PLACEMENT_3D('',#2521,#2522,#2523);
#2521 = CARTESIAN_POINT('',(-62.74,-18.,23.));
#2522 = DIRECTION('',(0.,0.,1.));
#2523 = DIRECTION('',(1.110223024625E-16,-1.,0.));
#2524 = ADVANCED_FACE('',(#2525,#2541),#2576,.F.);
#2525 = FACE_BOUND('',#2526,.F.);
#2526 = EDGE_LOOP('',(#2527,#2533,#2534,#2540));
#2527 = ORIENTED_EDGE('',*,*,#2528,.F.);
#2528 = EDGE_CURVE('',#571,#2156,#2529,.T.);
#2529 = LINE('',#2530,#2531);
#2530 = CARTESIAN_POINT('',(26.,111.06,0.));
#2531 = VECTOR('',#2532,1.);
#2532 = DIRECTION('',(-1.,1.224646799147E-16,0.));
#2533 = ORIENTED_EDGE('',*,*,#570,.T.);
#2534 = ORIENTED_EDGE('',*,*,#2535,.T.);
#2535 = EDGE_CURVE('',#561,#2146,#2536,.T.);
#2536 = LINE('',#2537,#2538);
#2537 = CARTESIAN_POINT('',(26.,111.06,52.1));
#2538 = VECTOR('',#2539,1.);
#2539 = DIRECTION('',(-1.,1.224646799147E-16,0.));
#2540 = ORIENTED_EDGE('',*,*,#2155,.F.);
#2541 = FACE_BOUND('',#2542,.F.);
#2542 = EDGE_LOOP('',(#2543,#2554,#2562,#2570));
#2543 = ORIENTED_EDGE('',*,*,#2544,.F.);
#2544 = EDGE_CURVE('',#2545,#2547,#2549,.T.);
#2545 = VERTEX_POINT('',#2546);
#2546 = CARTESIAN_POINT('',(-1.6,111.06,37.034604659887));
#2547 = VERTEX_POINT('',#2548);
#2548 = CARTESIAN_POINT('',(1.6,111.06,37.034604659887));
#2549 = CIRCLE('',#2550,11.15);
#2550 = AXIS2_PLACEMENT_3D('',#2551,#2552,#2553);
#2551 = CARTESIAN_POINT('',(1.360092735133E-14,111.06,26.));
#2552 = DIRECTION('',(-1.224646799147E-16,-1.,0.));
#2553 = DIRECTION('',(0.,0.,1.));
#2554 = ORIENTED_EDGE('',*,*,#2555,.F.);
#2555 = EDGE_CURVE('',#2556,#2545,#2558,.T.);
#2556 = VERTEX_POINT('',#2557);
#2557 = CARTESIAN_POINT('',(-1.6,111.06,38.55));
#2558 = LINE('',#2559,#2560);
#2559 = CARTESIAN_POINT('',(-1.6,111.06,18.475));
#2560 = VECTOR('',#2561,1.);
#2561 = DIRECTION('',(0.,-0.,-1.));
#2562 = ORIENTED_EDGE('',*,*,#2563,.F.);
#2563 = EDGE_CURVE('',#2564,#2556,#2566,.T.);
#2564 = VERTEX_POINT('',#2565);
#2565 = CARTESIAN_POINT('',(1.6,111.06,38.55));
#2566 = LINE('',#2567,#2568);
#2567 = CARTESIAN_POINT('',(13.8,111.06,38.55));
#2568 = VECTOR('',#2569,1.);
#2569 = DIRECTION('',(-1.,1.224646799147E-16,0.));
#2570 = ORIENTED_EDGE('',*,*,#2571,.T.);
#2571 = EDGE_CURVE('',#2564,#2547,#2572,.T.);
#2572 = LINE('',#2573,#2574);
#2573 = CARTESIAN_POINT('',(1.6,111.06,18.475));
#2574 = VECTOR('',#2575,1.);
#2575 = DIRECTION('',(0.,-0.,-1.));
#2576 = PLANE('',#2577);
#2577 = AXIS2_PLACEMENT_3D('',#2578,#2579,#2580);
#2578 = CARTESIAN_POINT('',(26.,111.06,0.));
#2579 = DIRECTION('',(-1.224646799147E-16,-1.,0.));
#2580 = DIRECTION('',(0.,0.,1.));
#2581 = ADVANCED_FACE('',(#2582),#2607,.T.);
#2582 = FACE_BOUND('',#2583,.T.);
#2583 = EDGE_LOOP('',(#2584,#2592,#2600,#2606));
#2584 = ORIENTED_EDGE('',*,*,#2585,.F.);
#2585 = EDGE_CURVE('',#2586,#1575,#2588,.T.);
#2586 = VERTEX_POINT('',#2587);
#2587 = CARTESIAN_POINT('',(4.,46.06,23.));
#2588 = LINE('',#2589,#2590);
#2589 = CARTESIAN_POINT('',(4.,47.06,23.));
#2590 = VECTOR('',#2591,1.);
#2591 = DIRECTION('',(-1.224646799147E-16,-1.,0.));
#2592 = ORIENTED_EDGE('',*,*,#2593,.F.);
#2593 = EDGE_CURVE('',#2594,#2586,#2596,.T.);
#2594 = VERTEX_POINT('',#2595);
#2595 = CARTESIAN_POINT('',(-4.,46.06,23.));
#2596 = LINE('',#2597,#2598);
#2597 = CARTESIAN_POINT('',(-28.87,46.06,23.));
#2598 = VECTOR('',#2599,1.);
#2599 = DIRECTION('',(1.,0.,0.));
#2600 = ORIENTED_EDGE('',*,*,#2601,.T.);
#2601 = EDGE_CURVE('',#2594,#1573,#2602,.T.);
#2602 = LINE('',#2603,#2604);
#2603 = CARTESIAN_POINT('',(-4.,47.06,23.));
#2604 = VECTOR('',#2605,1.);
#2605 = DIRECTION('',(-1.224646799147E-16,-1.,0.));
#2606 = ORIENTED_EDGE('',*,*,#1572,.T.);
#2607 = PLANE('',#2608);
#2608 = AXIS2_PLACEMENT_3D('',#2609,#2610,#2611);
#2609 = CARTESIAN_POINT('',(4.,47.06,23.));
#2610 = DIRECTION('',(0.,0.,1.));
#2611 = DIRECTION('',(-1.,1.224646799147E-16,0.));
#2612 = ADVANCED_FACE('',(#2613,#2647),#2682,.T.);
#2613 = FACE_BOUND('',#2614,.T.);
#2614 = EDGE_LOOP('',(#2615,#2625,#2633,#2641));
#2615 = ORIENTED_EDGE('',*,*,#2616,.F.);
#2616 = EDGE_CURVE('',#2617,#2619,#2621,.T.);
#2617 = VERTEX_POINT('',#2618);
#2618 = CARTESIAN_POINT('',(23.,108.06,3.));
#2619 = VERTEX_POINT('',#2620);
#2620 = CARTESIAN_POINT('',(-23.,108.06,3.));
#2621 = LINE('',#2622,#2623);
#2622 = CARTESIAN_POINT('',(23.,108.06,3.));
#2623 = VECTOR('',#2624,1.);
#2624 = DIRECTION('',(-1.,1.224646799147E-16,0.));
#2625 = ORIENTED_EDGE('',*,*,#2626,.T.);
#2626 = EDGE_CURVE('',#2617,#2627,#2629,.T.);
#2627 = VERTEX_POINT('',#2628);
#2628 = CARTESIAN_POINT('',(23.,108.06,52.1));
#2629 = LINE('',#2630,#2631);
#2630 = CARTESIAN_POINT('',(23.,108.06,3.));
#2631 = VECTOR('',#2632,1.);
#2632 = DIRECTION('',(0.,0.,1.));
#2633 = ORIENTED_EDGE('',*,*,#2634,.T.);
#2634 = EDGE_CURVE('',#2627,#2635,#2637,.T.);
#2635 = VERTEX_POINT('',#2636);
#2636 = CARTESIAN_POINT('',(-23.,108.06,52.1));
#2637 = LINE('',#2638,#2639);
#2638 = CARTESIAN_POINT('',(23.,108.06,52.1));
#2639 = VECTOR('',#2640,1.);
#2640 = DIRECTION('',(-1.,1.224646799147E-16,0.));
#2641 = ORIENTED_EDGE('',*,*,#2642,.F.);
#2642 = EDGE_CURVE('',#2619,#2635,#2643,.T.);
#2643 = LINE('',#2644,#2645);
#2644 = CARTESIAN_POINT('',(-23.,108.06,3.));
#2645 = VECTOR('',#2646,1.);
#2646 = DIRECTION('',(0.,0.,1.));
#2647 = FACE_BOUND('',#2648,.T.);
#2648 = EDGE_LOOP('',(#2649,#2660,#2668,#2676));
#2649 = ORIENTED_EDGE('',*,*,#2650,.F.);
#2650 = EDGE_CURVE('',#2651,#2653,#2655,.T.);
#2651 = VERTEX_POINT('',#2652);
#2652 = CARTESIAN_POINT('',(-1.6,108.06,37.034604659887));
#2653 = VERTEX_POINT('',#2654);
#2654 = CARTESIAN_POINT('',(1.6,108.06,37.034604659887));
#2655 = CIRCLE('',#2656,11.15);
#2656 = AXIS2_PLACEMENT_3D('',#2657,#2658,#2659);
#2657 = CARTESIAN_POINT('',(1.323353331159E-14,108.06,26.));
#2658 = DIRECTION('',(-1.224646799147E-16,-1.,0.));
#2659 = DIRECTION('',(0.,0.,1.));
#2660 = ORIENTED_EDGE('',*,*,#2661,.F.);
#2661 = EDGE_CURVE('',#2662,#2651,#2664,.T.);
#2662 = VERTEX_POINT('',#2663);
#2663 = CARTESIAN_POINT('',(-1.6,108.06,38.55));
#2664 = LINE('',#2665,#2666);
#2665 = CARTESIAN_POINT('',(-1.6,108.06,19.975));
#2666 = VECTOR('',#2667,1.);
#2667 = DIRECTION('',(0.,-0.,-1.));
#2668 = ORIENTED_EDGE('',*,*,#2669,.F.);
#2669 = EDGE_CURVE('',#2670,#2662,#2672,.T.);
#2670 = VERTEX_POINT('',#2671);
#2671 = CARTESIAN_POINT('',(1.6,108.06,38.55));
#2672 = LINE('',#2673,#2674);
#2673 = CARTESIAN_POINT('',(12.3,108.06,38.55));
#2674 = VECTOR('',#2675,1.);
#2675 = DIRECTION('',(-1.,1.224646799147E-16,0.));
#2676 = ORIENTED_EDGE('',*,*,#2677,.T.);
#2677 = EDGE_CURVE('',#2670,#2653,#2678,.T.);
#2678 = LINE('',#2679,#2680);
#2679 = CARTESIAN_POINT('',(1.6,108.06,19.975));
#2680 = VECTOR('',#2681,1.);
#2681 = DIRECTION('',(0.,-0.,-1.));
#2682 = PLANE('',#2683);
#2683 = AXIS2_PLACEMENT_3D('',#2684,#2685,#2686);
#2684 = CARTESIAN_POINT('',(23.,108.06,3.));
#2685 = DIRECTION('',(-1.224646799147E-16,-1.,0.));
#2686 = DIRECTION('',(0.,0.,1.));
#2687 = ADVANCED_FACE('',(#2688),#2713,.F.);
#2688 = FACE_BOUND('',#2689,.F.);
#2689 = EDGE_LOOP('',(#2690,#2691,#2699,#2707));
#2690 = ORIENTED_EDGE('',*,*,#2642,.F.);
#2691 = ORIENTED_EDGE('',*,*,#2692,.T.);
#2692 = EDGE_CURVE('',#2619,#2693,#2695,.T.);
#2693 = VERTEX_POINT('',#2694);
#2694 = CARTESIAN_POINT('',(-23.,46.06,3.));
#2695 = LINE('',#2696,#2697);
#2696 = CARTESIAN_POINT('',(-23.,108.06,3.));
#2697 = VECTOR('',#2698,1.);
#2698 = DIRECTION('',(-1.224646799147E-16,-1.,0.));
#2699 = ORIENTED_EDGE('',*,*,#2700,.T.);
#2700 = EDGE_CURVE('',#2693,#2701,#2703,.T.);
#2701 = VERTEX_POINT('',#2702);
#2702 = CARTESIAN_POINT('',(-23.,46.06,52.1));
#2703 = LINE('',#2704,#2705);
#2704 = CARTESIAN_POINT('',(-23.,46.06,3.));
#2705 = VECTOR('',#2706,1.);
#2706 = DIRECTION('',(0.,0.,1.));
#2707 = ORIENTED_EDGE('',*,*,#2708,.F.);
#2708 = EDGE_CURVE('',#2635,#2701,#2709,.T.);
#2709 = LINE('',#2710,#2711);
#2710 = CARTESIAN_POINT('',(-23.,108.06,52.1));
#2711 = VECTOR('',#2712,1.);
#2712 = DIRECTION('',(-1.224646799147E-16,-1.,0.));
#2713 = PLANE('',#2714);
#2714 = AXIS2_PLACEMENT_3D('',#2715,#2716,#2717);
#2715 = CARTESIAN_POINT('',(-23.,108.06,3.));
#2716 = DIRECTION('',(-1.,1.224646799147E-16,0.));
#2717 = DIRECTION('',(0.,0.,1.));
#2718 = ADVANCED_FACE('',(#2719,#2744),#2769,.T.);
#2719 = FACE_BOUND('',#2720,.T.);
#2720 = EDGE_LOOP('',(#2721,#2722,#2730,#2738));
#2721 = ORIENTED_EDGE('',*,*,#2700,.T.);
#2722 = ORIENTED_EDGE('',*,*,#2723,.T.);
#2723 = EDGE_CURVE('',#2701,#2724,#2726,.T.);
#2724 = VERTEX_POINT('',#2725);
#2725 = CARTESIAN_POINT('',(23.,46.06,52.1));
#2726 = LINE('',#2727,#2728);
#2727 = CARTESIAN_POINT('',(-61.74,46.06,52.1));
#2728 = VECTOR('',#2729,1.);
#2729 = DIRECTION('',(1.,0.,0.));
#2730 = ORIENTED_EDGE('',*,*,#2731,.F.);
#2731 = EDGE_CURVE('',#2732,#2724,#2734,.T.);
#2732 = VERTEX_POINT('',#2733);
#2733 = CARTESIAN_POINT('',(23.,46.06,3.));
#2734 = LINE('',#2735,#2736);
#2735 = CARTESIAN_POINT('',(23.,46.06,3.));
#2736 = VECTOR('',#2737,1.);
#2737 = DIRECTION('',(0.,0.,1.));
#2738 = ORIENTED_EDGE('',*,*,#2739,.T.);
#2739 = EDGE_CURVE('',#2732,#2693,#2740,.T.);
#2740 = LINE('',#2741,#2742);
#2741 = CARTESIAN_POINT('',(23.,46.06,3.));
#2742 = VECTOR('',#2743,1.);
#2743 = DIRECTION('',(-1.,1.224646799147E-16,0.));
#2744 = FACE_BOUND('',#2745,.T.);
#2745 = EDGE_LOOP('',(#2746,#2747,#2755,#2763));
#2746 = ORIENTED_EDGE('',*,*,#2593,.T.);
#2747 = ORIENTED_EDGE('',*,*,#2748,.T.);
#2748 = EDGE_CURVE('',#2586,#2749,#2751,.T.);
#2749 = VERTEX_POINT('',#2750);
#2750 = CARTESIAN_POINT('',(4.,46.06,29.));
#2751 = LINE('',#2752,#2753);
#2752 = CARTESIAN_POINT('',(4.,46.06,11.5));
#2753 = VECTOR('',#2754,1.);
#2754 = DIRECTION('',(0.,0.,1.));
#2755 = ORIENTED_EDGE('',*,*,#2756,.F.);
#2756 = EDGE_CURVE('',#2757,#2749,#2759,.T.);
#2757 = VERTEX_POINT('',#2758);
#2758 = CARTESIAN_POINT('',(-4.,46.06,29.));
#2759 = LINE('',#2760,#2761);
#2760 = CARTESIAN_POINT('',(-28.87,46.06,29.));
#2761 = VECTOR('',#2762,1.);
#2762 = DIRECTION('',(1.,0.,0.));
#2763 = ORIENTED_EDGE('',*,*,#2764,.F.);
#2764 = EDGE_CURVE('',#2594,#2757,#2765,.T.);
#2765 = LINE('',#2766,#2767);
#2766 = CARTESIAN_POINT('',(-4.,46.06,11.5));
#2767 = VECTOR('',#2768,1.);
#2768 = DIRECTION('',(0.,0.,1.));
#2769 = PLANE('',#2770);
#2770 = AXIS2_PLACEMENT_3D('',#2771,#2772,#2773);
#2771 = CARTESIAN_POINT('',(-61.74,46.06,0.));
#2772 = DIRECTION('',(0.,1.,0.));
#2773 = DIRECTION('',(0.,0.,1.));
#2774 = ADVANCED_FACE('',(#2775),#2791,.T.);
#2775 = FACE_BOUND('',#2776,.T.);
#2776 = EDGE_LOOP('',(#2777,#2778,#2784,#2785));
#2777 = ORIENTED_EDGE('',*,*,#2626,.F.);
#2778 = ORIENTED_EDGE('',*,*,#2779,.T.);
#2779 = EDGE_CURVE('',#2617,#2732,#2780,.T.);
#2780 = LINE('',#2781,#2782);
#2781 = CARTESIAN_POINT('',(23.,108.06,3.));
#2782 = VECTOR('',#2783,1.);
#2783 = DIRECTION('',(-1.224646799147E-16,-1.,0.));
#2784 = ORIENTED_EDGE('',*,*,#2731,.T.);
#2785 = ORIENTED_EDGE('',*,*,#2786,.F.);
#2786 = EDGE_CURVE('',#2627,#2724,#2787,.T.);
#2787 = LINE('',#2788,#2789);
#2788 = CARTESIAN_POINT('',(23.,108.06,52.1));
#2789 = VECTOR('',#2790,1.);
#2790 = DIRECTION('',(-1.224646799147E-16,-1.,0.));
#2791 = PLANE('',#2792);
#2792 = AXIS2_PLACEMENT_3D('',#2793,#2794,#2795);
#2793 = CARTESIAN_POINT('',(23.,108.06,3.));
#2794 = DIRECTION('',(-1.,1.224646799147E-16,0.));
#2795 = DIRECTION('',(0.,0.,1.));
#2796 = ADVANCED_FACE('',(#2797),#2803,.T.);
#2797 = FACE_BOUND('',#2798,.T.);
#2798 = EDGE_LOOP('',(#2799,#2800,#2801,#2802));
#2799 = ORIENTED_EDGE('',*,*,#2779,.F.);
#2800 = ORIENTED_EDGE('',*,*,#2616,.T.);
#2801 = ORIENTED_EDGE('',*,*,#2692,.T.);
#2802 = ORIENTED_EDGE('',*,*,#2739,.F.);
#2803 = PLANE('',#2804);
#2804 = AXIS2_PLACEMENT_3D('',#2805,#2806,#2807);
#2805 = CARTESIAN_POINT('',(23.,108.06,3.));
#2806 = DIRECTION('',(0.,0.,1.));
#2807 = DIRECTION('',(-1.,1.224646799147E-16,0.));
#2808 = ADVANCED_FACE('',(#2809),#2820,.F.);
#2809 = FACE_BOUND('',#2810,.F.);
#2810 = EDGE_LOOP('',(#2811,#2817,#2818,#2819));
#2811 = ORIENTED_EDGE('',*,*,#2812,.F.);
#2812 = EDGE_CURVE('',#2757,#1591,#2813,.T.);
#2813 = LINE('',#2814,#2815);
#2814 = CARTESIAN_POINT('',(-4.,47.06,29.));
#2815 = VECTOR('',#2816,1.);
#2816 = DIRECTION('',(-1.224646799147E-16,-1.,0.));
#2817 = ORIENTED_EDGE('',*,*,#2764,.F.);
#2818 = ORIENTED_EDGE('',*,*,#2601,.T.);
#2819 = ORIENTED_EDGE('',*,*,#1598,.T.);
#2820 = PLANE('',#2821);
#2821 = AXIS2_PLACEMENT_3D('',#2822,#2823,#2824);
#2822 = CARTESIAN_POINT('',(-4.,47.06,23.));
#2823 = DIRECTION('',(-1.,1.224646799147E-16,0.));
#2824 = DIRECTION('',(0.,0.,1.));
#2825 = ADVANCED_FACE('',(#2826),#2837,.T.);
#2826 = FACE_BOUND('',#2827,.T.);
#2827 = EDGE_LOOP('',(#2828,#2834,#2835,#2836));
#2828 = ORIENTED_EDGE('',*,*,#2829,.F.);
#2829 = EDGE_CURVE('',#2749,#1583,#2830,.T.);
#2830 = LINE('',#2831,#2832);
#2831 = CARTESIAN_POINT('',(4.,47.06,29.));
#2832 = VECTOR('',#2833,1.);
#2833 = DIRECTION('',(-1.224646799147E-16,-1.,0.));
#2834 = ORIENTED_EDGE('',*,*,#2748,.F.);
#2835 = ORIENTED_EDGE('',*,*,#2585,.T.);
#2836 = ORIENTED_EDGE('',*,*,#1582,.T.);
#2837 = PLANE('',#2838);
#2838 = AXIS2_PLACEMENT_3D('',#2839,#2840,#2841);
#2839 = CARTESIAN_POINT('',(4.,47.06,23.));
#2840 = DIRECTION('',(-1.,1.224646799147E-16,0.));
#2841 = DIRECTION('',(0.,0.,1.));
#2842 = ADVANCED_FACE('',(#2843),#2849,.F.);
#2843 = FACE_BOUND('',#2844,.F.);
#2844 = EDGE_LOOP('',(#2845,#2846,#2847,#2848));
#2845 = ORIENTED_EDGE('',*,*,#2829,.F.);
#2846 = ORIENTED_EDGE('',*,*,#2756,.F.);
#2847 = ORIENTED_EDGE('',*,*,#2812,.T.);
#2848 = ORIENTED_EDGE('',*,*,#1590,.T.);
#2849 = PLANE('',#2850);
#2850 = AXIS2_PLACEMENT_3D('',#2851,#2852,#2853);
#2851 = CARTESIAN_POINT('',(4.,47.06,29.));
#2852 = DIRECTION('',(0.,0.,1.));
#2853 = DIRECTION('',(-1.,1.224646799147E-16,0.));
#2854 = ADVANCED_FACE('',(#2855),#2894,.T.);
#2855 = FACE_BOUND('',#2856,.T.);
#2856 = EDGE_LOOP('',(#2857,#2863,#2864,#2870,#2871,#2879,#2887,#2893));
#2857 = ORIENTED_EDGE('',*,*,#2858,.F.);
#2858 = EDGE_CURVE('',#523,#1403,#2859,.T.);
#2859 = LINE('',#2860,#2861);
#2860 = CARTESIAN_POINT('',(52.,47.06,28.));
#2861 = VECTOR('',#2862,1.);
#2862 = DIRECTION('',(-1.224646799147E-16,-1.,0.));
#2863 = ORIENTED_EDGE('',*,*,#520,.F.);
#2864 = ORIENTED_EDGE('',*,*,#2865,.T.);
#2865 = EDGE_CURVE('',#521,#1427,#2866,.T.);
#2866 = LINE('',#2867,#2868);
#2867 = CARTESIAN_POINT('',(34.,47.06,28.));
#2868 = VECTOR('',#2869,1.);
#2869 = DIRECTION('',(-1.224646799147E-16,-1.,0.));
#2870 = ORIENTED_EDGE('',*,*,#1434,.T.);
#2871 = ORIENTED_EDGE('',*,*,#2872,.T.);
#2872 = EDGE_CURVE('',#1435,#2873,#2875,.T.);
#2873 = VERTEX_POINT('',#2874);
#2874 = CARTESIAN_POINT('',(41.972,42.06,28.));
#2875 = LINE('',#2876,#2877);
#2876 = CARTESIAN_POINT('',(41.972,42.56,28.));
#2877 = VECTOR('',#2878,1.);
#2878 = DIRECTION('',(0.,-1.,0.));
#2879 = ORIENTED_EDGE('',*,*,#2880,.F.);
#2880 = EDGE_CURVE('',#2881,#2873,#2883,.T.);
#2881 = VERTEX_POINT('',#2882);
#2882 = CARTESIAN_POINT('',(49.972,42.06,28.));
#2883 = LINE('',#2884,#2885);
#2884 = CARTESIAN_POINT('',(52.,42.06,28.));
#2885 = VECTOR('',#2886,1.);
#2886 = DIRECTION('',(-1.,1.224646799147E-16,0.));
#2887 = ORIENTED_EDGE('',*,*,#2888,.F.);
#2888 = EDGE_CURVE('',#1395,#2881,#2889,.T.);
#2889 = LINE('',#2890,#2891);
#2890 = CARTESIAN_POINT('',(49.972,42.56,28.));
#2891 = VECTOR('',#2892,1.);
#2892 = DIRECTION('',(0.,-1.,0.));
#2893 = ORIENTED_EDGE('',*,*,#1402,.T.);
#2894 = PLANE('',#2895);
#2895 = AXIS2_PLACEMENT_3D('',#2896,#2897,#2898);
#2896 = CARTESIAN_POINT('',(52.,47.06,28.));
#2897 = DIRECTION('',(0.,0.,1.));
#2898 = DIRECTION('',(-1.,1.224646799147E-16,0.));
#2899 = ADVANCED_FACE('',(#2900),#2911,.F.);
#2900 = FACE_BOUND('',#2901,.F.);
#2901 = EDGE_LOOP('',(#2902,#2908,#2909,#2910));
#2902 = ORIENTED_EDGE('',*,*,#2903,.F.);
#2903 = EDGE_CURVE('',#539,#1419,#2904,.T.);
#2904 = LINE('',#2905,#2906);
#2905 = CARTESIAN_POINT('',(34.,47.06,36.));
#2906 = VECTOR('',#2907,1.);
#2907 = DIRECTION('',(-1.224646799147E-16,-1.,0.));
#2908 = ORIENTED_EDGE('',*,*,#546,.F.);
#2909 = ORIENTED_EDGE('',*,*,#2865,.T.);
#2910 = ORIENTED_EDGE('',*,*,#1426,.T.);
#2911 = PLANE('',#2912);
#2912 = AXIS2_PLACEMENT_3D('',#2913,#2914,#2915);
#2913 = CARTESIAN_POINT('',(34.,47.06,28.));
#2914 = DIRECTION('',(-1.,1.224646799147E-16,0.));
#2915 = DIRECTION('',(0.,0.,1.));
#2916 = ADVANCED_FACE('',(#2917),#2928,.F.);
#2917 = FACE_BOUND('',#2918,.F.);
#2918 = EDGE_LOOP('',(#2919,#2925,#2926,#2927));
#2919 = ORIENTED_EDGE('',*,*,#2920,.F.);
#2920 = EDGE_CURVE('',#531,#1411,#2921,.T.);
#2921 = LINE('',#2922,#2923);
#2922 = CARTESIAN_POINT('',(52.,47.06,36.));
#2923 = VECTOR('',#2924,1.);
#2924 = DIRECTION('',(-1.224646799147E-16,-1.,0.));
#2925 = ORIENTED_EDGE('',*,*,#538,.F.);
#2926 = ORIENTED_EDGE('',*,*,#2903,.T.);
#2927 = ORIENTED_EDGE('',*,*,#1418,.T.);
#2928 = PLANE('',#2929);
#2929 = AXIS2_PLACEMENT_3D('',#2930,#2931,#2932);
#2930 = CARTESIAN_POINT('',(52.,47.06,36.));
#2931 = DIRECTION('',(0.,0.,1.));
#2932 = DIRECTION('',(-1.,1.224646799147E-16,0.));
#2933 = ADVANCED_FACE('',(#2934),#2940,.T.);
#2934 = FACE_BOUND('',#2935,.T.);
#2935 = EDGE_LOOP('',(#2936,#2937,#2938,#2939));
#2936 = ORIENTED_EDGE('',*,*,#2920,.F.);
#2937 = ORIENTED_EDGE('',*,*,#530,.F.);
#2938 = ORIENTED_EDGE('',*,*,#2858,.T.);
#2939 = ORIENTED_EDGE('',*,*,#1410,.T.);
#2940 = PLANE('',#2941);
#2941 = AXIS2_PLACEMENT_3D('',#2942,#2943,#2944);
#2942 = CARTESIAN_POINT('',(52.,47.06,28.));
#2943 = DIRECTION('',(-1.,1.224646799147E-16,0.));
#2944 = DIRECTION('',(0.,0.,1.));
#2945 = ADVANCED_FACE('',(#2946),#3026,.F.);
#2946 = FACE_BOUND('',#2947,.F.);
#2947 = EDGE_LOOP('',(#2948,#2956,#2957,#2963,#2964,#2972,#2980,#2988,
    #2996,#3004,#3012,#3020));
#2948 = ORIENTED_EDGE('',*,*,#2949,.F.);
#2949 = EDGE_CURVE('',#165,#2950,#2952,.T.);
#2950 = VERTEX_POINT('',#2951);
#2951 = CARTESIAN_POINT('',(-57.,-106.56,52.1));
#2952 = LINE('',#2953,#2954);
#2953 = CARTESIAN_POINT('',(-57.,-111.06,52.1));
#2954 = VECTOR('',#2955,1.);
#2955 = DIRECTION('',(0.,1.,0.));
#2956 = ORIENTED_EDGE('',*,*,#164,.F.);
#2957 = ORIENTED_EDGE('',*,*,#2958,.T.);
#2958 = EDGE_CURVE('',#157,#883,#2959,.T.);
#2959 = LINE('',#2960,#2961);
#2960 = CARTESIAN_POINT('',(-57.,-111.06,0.));
#2961 = VECTOR('',#2962,1.);
#2962 = DIRECTION('',(0.,1.,0.));
#2963 = ORIENTED_EDGE('',*,*,#906,.T.);
#2964 = ORIENTED_EDGE('',*,*,#2965,.F.);
#2965 = EDGE_CURVE('',#2966,#899,#2968,.T.);
#2966 = VERTEX_POINT('',#2967);
#2967 = CARTESIAN_POINT('',(-57.,-50.56,52.1));
#2968 = LINE('',#2969,#2970);
#2969 = CARTESIAN_POINT('',(-57.,-111.06,52.1));
#2970 = VECTOR('',#2971,1.);
#2971 = DIRECTION('',(0.,1.,0.));
#2972 = ORIENTED_EDGE('',*,*,#2973,.F.);
#2973 = EDGE_CURVE('',#2974,#2966,#2976,.T.);
#2974 = VERTEX_POINT('',#2975);
#2975 = CARTESIAN_POINT('',(-57.,-50.56,45.1));
#2976 = LINE('',#2977,#2978);
#2977 = CARTESIAN_POINT('',(-57.,-50.56,22.55));
#2978 = VECTOR('',#2979,1.);
#2979 = DIRECTION('',(0.,0.,1.));
#2980 = ORIENTED_EDGE('',*,*,#2981,.T.);
#2981 = EDGE_CURVE('',#2974,#2982,#2984,.T.);
#2982 = VERTEX_POINT('',#2983);
#2983 = CARTESIAN_POINT('',(-57.,-55.56,45.1));
#2984 = LINE('',#2985,#2986);
#2985 = CARTESIAN_POINT('',(-57.,-83.31,45.1));
#2986 = VECTOR('',#2987,1.);
#2987 = DIRECTION('',(0.,-1.,0.));
#2988 = ORIENTED_EDGE('',*,*,#2989,.T.);
#2989 = EDGE_CURVE('',#2982,#2990,#2992,.T.);
#2990 = VERTEX_POINT('',#2991);
#2991 = CARTESIAN_POINT('',(-57.,-55.56,52.1));
#2992 = LINE('',#2993,#2994);
#2993 = CARTESIAN_POINT('',(-57.,-55.56,22.55));
#2994 = VECTOR('',#2995,1.);
#2995 = DIRECTION('',(0.,0.,1.));
#2996 = ORIENTED_EDGE('',*,*,#2997,.F.);
#2997 = EDGE_CURVE('',#2998,#2990,#3000,.T.);
#2998 = VERTEX_POINT('',#2999);
#2999 = CARTESIAN_POINT('',(-57.,-101.56,52.1));
#3000 = LINE('',#3001,#3002);
#3001 = CARTESIAN_POINT('',(-57.,-111.06,52.1));
#3002 = VECTOR('',#3003,1.);
#3003 = DIRECTION('',(0.,1.,0.));
#3004 = ORIENTED_EDGE('',*,*,#3005,.F.);
#3005 = EDGE_CURVE('',#3006,#2998,#3008,.T.);
#3006 = VERTEX_POINT('',#3007);
#3007 = CARTESIAN_POINT('',(-57.,-101.56,45.1));
#3008 = LINE('',#3009,#3010);
#3009 = CARTESIAN_POINT('',(-57.,-101.56,22.55));
#3010 = VECTOR('',#3011,1.);
#3011 = DIRECTION('',(0.,0.,1.));
#3012 = ORIENTED_EDGE('',*,*,#3013,.T.);
#3013 = EDGE_CURVE('',#3006,#3014,#3016,.T.);
#3014 = VERTEX_POINT('',#3015);
#3015 = CARTESIAN_POINT('',(-57.,-106.56,45.1));
#3016 = LINE('',#3017,#3018);
#3017 = CARTESIAN_POINT('',(-57.,-108.81,45.1));
#3018 = VECTOR('',#3019,1.);
#3019 = DIRECTION('',(0.,-1.,0.));
#3020 = ORIENTED_EDGE('',*,*,#3021,.T.);
#3021 = EDGE_CURVE('',#3014,#2950,#3022,.T.);
#3022 = LINE('',#3023,#3024);
#3023 = CARTESIAN_POINT('',(-57.,-106.56,22.55));
#3024 = VECTOR('',#3025,1.);
#3025 = DIRECTION('',(0.,0.,1.));
#3026 = PLANE('',#3027);
#3027 = AXIS2_PLACEMENT_3D('',#3028,#3029,#3030);
#3028 = CARTESIAN_POINT('',(-57.,-111.06,0.));
#3029 = DIRECTION('',(1.,0.,0.));
#3030 = DIRECTION('',(0.,0.,1.));
#3031 = ADVANCED_FACE('',(#3032),#3057,.F.);
#3032 = FACE_BOUND('',#3033,.F.);
#3033 = EDGE_LOOP('',(#3034,#3042,#3050,#3056));
#3034 = ORIENTED_EDGE('',*,*,#3035,.F.);
#3035 = EDGE_CURVE('',#3036,#1145,#3038,.T.);
#3036 = VERTEX_POINT('',#3037);
#3037 = CARTESIAN_POINT('',(-35.,-46.06,29.));
#3038 = LINE('',#3039,#3040);
#3039 = CARTESIAN_POINT('',(-35.,-47.06,29.));
#3040 = VECTOR('',#3041,1.);
#3041 = DIRECTION('',(0.,1.,0.));
#3042 = ORIENTED_EDGE('',*,*,#3043,.T.);
#3043 = EDGE_CURVE('',#3036,#3044,#3046,.T.);
#3044 = VERTEX_POINT('',#3045);
#3045 = CARTESIAN_POINT('',(-27.,-46.06,29.));
#3046 = LINE('',#3047,#3048);
#3047 = CARTESIAN_POINT('',(-48.37,-46.06,29.));
#3048 = VECTOR('',#3049,1.);
#3049 = DIRECTION('',(1.,0.,0.));
#3050 = ORIENTED_EDGE('',*,*,#3051,.T.);
#3051 = EDGE_CURVE('',#3044,#1147,#3052,.T.);
#3052 = LINE('',#3053,#3054);
#3053 = CARTESIAN_POINT('',(-27.,-47.06,29.));
#3054 = VECTOR('',#3055,1.);
#3055 = DIRECTION('',(0.,1.,0.));
#3056 = ORIENTED_EDGE('',*,*,#1144,.F.);
#3057 = PLANE('',#3058);
#3058 = AXIS2_PLACEMENT_3D('',#3059,#3060,#3061);
#3059 = CARTESIAN_POINT('',(-35.,-47.06,29.));
#3060 = DIRECTION('',(0.,0.,1.));
#3061 = DIRECTION('',(1.,0.,0.));
#3062 = ADVANCED_FACE('',(#3063,#3097),#3122,.F.);
#3063 = FACE_BOUND('',#3064,.F.);
#3064 = EDGE_LOOP('',(#3065,#3075,#3083,#3091));
#3065 = ORIENTED_EDGE('',*,*,#3066,.T.);
#3066 = EDGE_CURVE('',#3067,#3069,#3071,.T.);
#3067 = VERTEX_POINT('',#3068);
#3068 = CARTESIAN_POINT('',(-54.,-46.06,3.));
#3069 = VERTEX_POINT('',#3070);
#3070 = CARTESIAN_POINT('',(-54.,-46.06,52.1));
#3071 = LINE('',#3072,#3073);
#3072 = CARTESIAN_POINT('',(-54.,-46.06,3.));
#3073 = VECTOR('',#3074,1.);
#3074 = DIRECTION('',(0.,0.,1.));
#3075 = ORIENTED_EDGE('',*,*,#3076,.T.);
#3076 = EDGE_CURVE('',#3069,#3077,#3079,.T.);
#3077 = VERTEX_POINT('',#3078);
#3078 = CARTESIAN_POINT('',(-8.,-46.06,52.1));
#3079 = LINE('',#3080,#3081);
#3080 = CARTESIAN_POINT('',(-61.74,-46.06,52.1));
#3081 = VECTOR('',#3082,1.);
#3082 = DIRECTION('',(1.,0.,0.));
#3083 = ORIENTED_EDGE('',*,*,#3084,.F.);
#3084 = EDGE_CURVE('',#3085,#3077,#3087,.T.);
#3085 = VERTEX_POINT('',#3086);
#3086 = CARTESIAN_POINT('',(-8.,-46.06,3.));
#3087 = LINE('',#3088,#3089);
#3088 = CARTESIAN_POINT('',(-8.,-46.06,3.));
#3089 = VECTOR('',#3090,1.);
#3090 = DIRECTION('',(0.,0.,1.));
#3091 = ORIENTED_EDGE('',*,*,#3092,.F.);
#3092 = EDGE_CURVE('',#3067,#3085,#3093,.T.);
#3093 = LINE('',#3094,#3095);
#3094 = CARTESIAN_POINT('',(-54.,-46.06,3.));
#3095 = VECTOR('',#3096,1.);
#3096 = DIRECTION('',(1.,0.,0.));
#3097 = FACE_BOUND('',#3098,.F.);
#3098 = EDGE_LOOP('',(#3099,#3100,#3108,#3116));
#3099 = ORIENTED_EDGE('',*,*,#3043,.F.);
#3100 = ORIENTED_EDGE('',*,*,#3101,.T.);
#3101 = EDGE_CURVE('',#3036,#3102,#3104,.T.);
#3102 = VERTEX_POINT('',#3103);
#3103 = CARTESIAN_POINT('',(-35.,-46.06,23.));
#3104 = LINE('',#3105,#3106);
#3105 = CARTESIAN_POINT('',(-35.,-46.06,11.5));
#3106 = VECTOR('',#3107,1.);
#3107 = DIRECTION('',(0.,0.,-1.));
#3108 = ORIENTED_EDGE('',*,*,#3109,.T.);
#3109 = EDGE_CURVE('',#3102,#3110,#3112,.T.);
#3110 = VERTEX_POINT('',#3111);
#3111 = CARTESIAN_POINT('',(-27.,-46.06,23.));
#3112 = LINE('',#3113,#3114);
#3113 = CARTESIAN_POINT('',(-48.37,-46.06,23.));
#3114 = VECTOR('',#3115,1.);
#3115 = DIRECTION('',(1.,0.,0.));
#3116 = ORIENTED_EDGE('',*,*,#3117,.F.);
#3117 = EDGE_CURVE('',#3044,#3110,#3118,.T.);
#3118 = LINE('',#3119,#3120);
#3119 = CARTESIAN_POINT('',(-27.,-46.06,11.5));
#3120 = VECTOR('',#3121,1.);
#3121 = DIRECTION('',(0.,0.,-1.));
#3122 = PLANE('',#3123);
#3123 = AXIS2_PLACEMENT_3D('',#3124,#3125,#3126);
#3124 = CARTESIAN_POINT('',(-61.74,-46.06,0.));
#3125 = DIRECTION('',(0.,1.,0.));
#3126 = DIRECTION('',(0.,0.,1.));
#3127 = ADVANCED_FACE('',(#3128),#3153,.T.);
#3128 = FACE_BOUND('',#3129,.T.);
#3129 = EDGE_LOOP('',(#3130,#3140,#3146,#3147));
#3130 = ORIENTED_EDGE('',*,*,#3131,.F.);
#3131 = EDGE_CURVE('',#3132,#3134,#3136,.T.);
#3132 = VERTEX_POINT('',#3133);
#3133 = CARTESIAN_POINT('',(-54.,-108.06,3.));
#3134 = VERTEX_POINT('',#3135);
#3135 = CARTESIAN_POINT('',(-54.,-108.06,52.1));
#3136 = LINE('',#3137,#3138);
#3137 = CARTESIAN_POINT('',(-54.,-108.06,3.));
#3138 = VECTOR('',#3139,1.);
#3139 = DIRECTION('',(0.,0.,1.));
#3140 = ORIENTED_EDGE('',*,*,#3141,.T.);
#3141 = EDGE_CURVE('',#3132,#3067,#3142,.T.);
#3142 = LINE('',#3143,#3144);
#3143 = CARTESIAN_POINT('',(-54.,-108.06,3.));
#3144 = VECTOR('',#3145,1.);
#3145 = DIRECTION('',(0.,1.,0.));
#3146 = ORIENTED_EDGE('',*,*,#3066,.T.);
#3147 = ORIENTED_EDGE('',*,*,#3148,.F.);
#3148 = EDGE_CURVE('',#3134,#3069,#3149,.T.);
#3149 = LINE('',#3150,#3151);
#3150 = CARTESIAN_POINT('',(-54.,-108.06,52.1));
#3151 = VECTOR('',#3152,1.);
#3152 = DIRECTION('',(0.,1.,0.));
#3153 = PLANE('',#3154);
#3154 = AXIS2_PLACEMENT_3D('',#3155,#3156,#3157);
#3155 = CARTESIAN_POINT('',(-54.,-108.06,3.));
#3156 = DIRECTION('',(1.,0.,0.));
#3157 = DIRECTION('',(0.,0.,1.));
#3158 = ADVANCED_FACE('',(#3159,#3184),#3219,.T.);
#3159 = FACE_BOUND('',#3160,.T.);
#3160 = EDGE_LOOP('',(#3161,#3169,#3170,#3178));
#3161 = ORIENTED_EDGE('',*,*,#3162,.F.);
#3162 = EDGE_CURVE('',#3132,#3163,#3165,.T.);
#3163 = VERTEX_POINT('',#3164);
#3164 = CARTESIAN_POINT('',(-8.,-108.06,3.));
#3165 = LINE('',#3166,#3167);
#3166 = CARTESIAN_POINT('',(-54.,-108.06,3.));
#3167 = VECTOR('',#3168,1.);
#3168 = DIRECTION('',(1.,0.,0.));
#3169 = ORIENTED_EDGE('',*,*,#3131,.T.);
#3170 = ORIENTED_EDGE('',*,*,#3171,.T.);
#3171 = EDGE_CURVE('',#3134,#3172,#3174,.T.);
#3172 = VERTEX_POINT('',#3173);
#3173 = CARTESIAN_POINT('',(-8.,-108.06,52.1));
#3174 = LINE('',#3175,#3176);
#3175 = CARTESIAN_POINT('',(-54.,-108.06,52.1));
#3176 = VECTOR('',#3177,1.);
#3177 = DIRECTION('',(1.,0.,0.));
#3178 = ORIENTED_EDGE('',*,*,#3179,.F.);
#3179 = EDGE_CURVE('',#3163,#3172,#3180,.T.);
#3180 = LINE('',#3181,#3182);
#3181 = CARTESIAN_POINT('',(-8.,-108.06,3.));
#3182 = VECTOR('',#3183,1.);
#3183 = DIRECTION('',(0.,0.,1.));
#3184 = FACE_BOUND('',#3185,.T.);
#3185 = EDGE_LOOP('',(#3186,#3197,#3205,#3213));
#3186 = ORIENTED_EDGE('',*,*,#3187,.F.);
#3187 = EDGE_CURVE('',#3188,#3190,#3192,.T.);
#3188 = VERTEX_POINT('',#3189);
#3189 = CARTESIAN_POINT('',(-29.4,-108.06,37.034604659887));
#3190 = VERTEX_POINT('',#3191);
#3191 = CARTESIAN_POINT('',(-32.6,-108.06,37.034604659887));
#3192 = CIRCLE('',#3193,11.15);
#3193 = AXIS2_PLACEMENT_3D('',#3194,#3195,#3196);
#3194 = CARTESIAN_POINT('',(-31.,-108.06,26.));
#3195 = DIRECTION('',(0.,1.,0.));
#3196 = DIRECTION('',(0.,0.,1.));
#3197 = ORIENTED_EDGE('',*,*,#3198,.F.);
#3198 = EDGE_CURVE('',#3199,#3188,#3201,.T.);
#3199 = VERTEX_POINT('',#3200);
#3200 = CARTESIAN_POINT('',(-29.4,-108.06,38.55));
#3201 = LINE('',#3202,#3203);
#3202 = CARTESIAN_POINT('',(-29.4,-108.06,19.975));
#3203 = VECTOR('',#3204,1.);
#3204 = DIRECTION('',(0.,0.,-1.));
#3205 = ORIENTED_EDGE('',*,*,#3206,.F.);
#3206 = EDGE_CURVE('',#3207,#3199,#3209,.T.);
#3207 = VERTEX_POINT('',#3208);
#3208 = CARTESIAN_POINT('',(-32.6,-108.06,38.55));
#3209 = LINE('',#3210,#3211);
#3210 = CARTESIAN_POINT('',(-43.3,-108.06,38.55));
#3211 = VECTOR('',#3212,1.);
#3212 = DIRECTION('',(1.,0.,0.));
#3213 = ORIENTED_EDGE('',*,*,#3214,.T.);
#3214 = EDGE_CURVE('',#3207,#3190,#3215,.T.);
#3215 = LINE('',#3216,#3217);
#3216 = CARTESIAN_POINT('',(-32.6,-108.06,19.975));
#3217 = VECTOR('',#3218,1.);
#3218 = DIRECTION('',(0.,0.,-1.));
#3219 = PLANE('',#3220);
#3220 = AXIS2_PLACEMENT_3D('',#3221,#3222,#3223);
#3221 = CARTESIAN_POINT('',(-54.,-108.06,3.));
#3222 = DIRECTION('',(0.,1.,0.));
#3223 = DIRECTION('',(0.,0.,1.));
#3224 = ADVANCED_FACE('',(#3225),#3241,.F.);
#3225 = FACE_BOUND('',#3226,.F.);
#3226 = EDGE_LOOP('',(#3227,#3228,#3234,#3235));
#3227 = ORIENTED_EDGE('',*,*,#3179,.F.);
#3228 = ORIENTED_EDGE('',*,*,#3229,.T.);
#3229 = EDGE_CURVE('',#3163,#3085,#3230,.T.);
#3230 = LINE('',#3231,#3232);
#3231 = CARTESIAN_POINT('',(-8.,-108.06,3.));
#3232 = VECTOR('',#3233,1.);
#3233 = DIRECTION('',(0.,1.,0.));
#3234 = ORIENTED_EDGE('',*,*,#3084,.T.);
#3235 = ORIENTED_EDGE('',*,*,#3236,.F.);
#3236 = EDGE_CURVE('',#3172,#3077,#3237,.T.);
#3237 = LINE('',#3238,#3239);
#3238 = CARTESIAN_POINT('',(-8.,-108.06,52.1));
#3239 = VECTOR('',#3240,1.);
#3240 = DIRECTION('',(0.,1.,0.));
#3241 = PLANE('',#3242);
#3242 = AXIS2_PLACEMENT_3D('',#3243,#3244,#3245);
#3243 = CARTESIAN_POINT('',(-8.,-108.06,3.));
#3244 = DIRECTION('',(1.,0.,0.));
#3245 = DIRECTION('',(0.,0.,1.));
#3246 = ADVANCED_FACE('',(#3247),#3253,.T.);
#3247 = FACE_BOUND('',#3248,.T.);
#3248 = EDGE_LOOP('',(#3249,#3250,#3251,#3252));
#3249 = ORIENTED_EDGE('',*,*,#3141,.F.);
#3250 = ORIENTED_EDGE('',*,*,#3162,.T.);
#3251 = ORIENTED_EDGE('',*,*,#3229,.T.);
#3252 = ORIENTED_EDGE('',*,*,#3092,.F.);
#3253 = PLANE('',#3254);
#3254 = AXIS2_PLACEMENT_3D('',#3255,#3256,#3257);
#3255 = CARTESIAN_POINT('',(-54.,-108.06,3.));
#3256 = DIRECTION('',(0.,0.,1.));
#3257 = DIRECTION('',(1.,0.,0.));
#3258 = ADVANCED_FACE('',(#3259),#3270,.T.);
#3259 = FACE_BOUND('',#3260,.T.);
#3260 = EDGE_LOOP('',(#3261,#3262,#3263,#3269));
#3261 = ORIENTED_EDGE('',*,*,#3035,.F.);
#3262 = ORIENTED_EDGE('',*,*,#3101,.T.);
#3263 = ORIENTED_EDGE('',*,*,#3264,.T.);
#3264 = EDGE_CURVE('',#3102,#1155,#3265,.T.);
#3265 = LINE('',#3266,#3267);
#3266 = CARTESIAN_POINT('',(-35.,-47.06,23.));
#3267 = VECTOR('',#3268,1.);
#3268 = DIRECTION('',(0.,1.,0.));
#3269 = ORIENTED_EDGE('',*,*,#1154,.F.);
#3270 = PLANE('',#3271);
#3271 = AXIS2_PLACEMENT_3D('',#3272,#3273,#3274);
#3272 = CARTESIAN_POINT('',(-35.,-47.06,23.));
#3273 = DIRECTION('',(1.,0.,0.));
#3274 = DIRECTION('',(0.,0.,1.));
#3275 = ADVANCED_FACE('',(#3276),#3287,.F.);
#3276 = FACE_BOUND('',#3277,.F.);
#3277 = EDGE_LOOP('',(#3278,#3279,#3280,#3286));
#3278 = ORIENTED_EDGE('',*,*,#3051,.F.);
#3279 = ORIENTED_EDGE('',*,*,#3117,.T.);
#3280 = ORIENTED_EDGE('',*,*,#3281,.T.);
#3281 = EDGE_CURVE('',#3110,#1163,#3282,.T.);
#3282 = LINE('',#3283,#3284);
#3283 = CARTESIAN_POINT('',(-27.,-47.06,23.));
#3284 = VECTOR('',#3285,1.);
#3285 = DIRECTION('',(0.,1.,0.));
#3286 = ORIENTED_EDGE('',*,*,#1170,.F.);
#3287 = PLANE('',#3288);
#3288 = AXIS2_PLACEMENT_3D('',#3289,#3290,#3291);
#3289 = CARTESIAN_POINT('',(-27.,-47.06,23.));
#3290 = DIRECTION('',(1.,0.,0.));
#3291 = DIRECTION('',(0.,0.,1.));
#3292 = ADVANCED_FACE('',(#3293),#3299,.T.);
#3293 = FACE_BOUND('',#3294,.T.);
#3294 = EDGE_LOOP('',(#3295,#3296,#3297,#3298));
#3295 = ORIENTED_EDGE('',*,*,#3264,.F.);
#3296 = ORIENTED_EDGE('',*,*,#3109,.T.);
#3297 = ORIENTED_EDGE('',*,*,#3281,.T.);
#3298 = ORIENTED_EDGE('',*,*,#1162,.F.);
#3299 = PLANE('',#3300);
#3300 = AXIS2_PLACEMENT_3D('',#3301,#3302,#3303);
#3301 = CARTESIAN_POINT('',(-35.,-47.06,23.));
#3302 = DIRECTION('',(0.,0.,1.));
#3303 = DIRECTION('',(1.,0.,0.));
#3304 = ADVANCED_FACE('',(#3305),#3394,.F.);
#3305 = FACE_BOUND('',#3306,.F.);
#3306 = EDGE_LOOP('',(#3307,#3317,#3325,#3331,#3332,#3340,#3348,#3356,
    #3364,#3372,#3380,#3388));
#3307 = ORIENTED_EDGE('',*,*,#3308,.F.);
#3308 = EDGE_CURVE('',#3309,#3311,#3313,.T.);
#3309 = VERTEX_POINT('',#3310);
#3310 = CARTESIAN_POINT('',(5.,-111.06,52.1));
#3311 = VERTEX_POINT('',#3312);
#3312 = CARTESIAN_POINT('',(5.,-106.56,52.1));
#3313 = LINE('',#3314,#3315);
#3314 = CARTESIAN_POINT('',(5.,-111.06,52.1));
#3315 = VECTOR('',#3316,1.);
#3316 = DIRECTION('',(0.,1.,0.));
#3317 = ORIENTED_EDGE('',*,*,#3318,.F.);
#3318 = EDGE_CURVE('',#3319,#3309,#3321,.T.);
#3319 = VERTEX_POINT('',#3320);
#3320 = CARTESIAN_POINT('',(5.,-111.06,0.));
#3321 = LINE('',#3322,#3323);
#3322 = CARTESIAN_POINT('',(5.,-111.06,0.));
#3323 = VECTOR('',#3324,1.);
#3324 = DIRECTION('',(0.,0.,1.));
#3325 = ORIENTED_EDGE('',*,*,#3326,.T.);
#3326 = EDGE_CURVE('',#3319,#24,#3327,.T.);
#3327 = LINE('',#3328,#3329);
#3328 = CARTESIAN_POINT('',(5.,-111.06,0.));
#3329 = VECTOR('',#3330,1.);
#3330 = DIRECTION('',(0.,1.,0.));
#3331 = ORIENTED_EDGE('',*,*,#47,.T.);
#3332 = ORIENTED_EDGE('',*,*,#3333,.F.);
#3333 = EDGE_CURVE('',#3334,#40,#3336,.T.);
#3334 = VERTEX_POINT('',#3335);
#3335 = CARTESIAN_POINT('',(5.,-50.56,52.1));
#3336 = LINE('',#3337,#3338);
#3337 = CARTESIAN_POINT('',(5.,-111.06,52.1));
#3338 = VECTOR('',#3339,1.);
#3339 = DIRECTION('',(0.,1.,0.));
#3340 = ORIENTED_EDGE('',*,*,#3341,.F.);
#3341 = EDGE_CURVE('',#3342,#3334,#3344,.T.);
#3342 = VERTEX_POINT('',#3343);
#3343 = CARTESIAN_POINT('',(5.,-50.56,45.1));
#3344 = LINE('',#3345,#3346);
#3345 = CARTESIAN_POINT('',(5.,-50.56,22.55));
#3346 = VECTOR('',#3347,1.);
#3347 = DIRECTION('',(0.,0.,1.));
#3348 = ORIENTED_EDGE('',*,*,#3349,.T.);
#3349 = EDGE_CURVE('',#3342,#3350,#3352,.T.);
#3350 = VERTEX_POINT('',#3351);
#3351 = CARTESIAN_POINT('',(5.,-55.56,45.1));
#3352 = LINE('',#3353,#3354);
#3353 = CARTESIAN_POINT('',(5.,-83.31,45.1));
#3354 = VECTOR('',#3355,1.);
#3355 = DIRECTION('',(0.,-1.,0.));
#3356 = ORIENTED_EDGE('',*,*,#3357,.T.);
#3357 = EDGE_CURVE('',#3350,#3358,#3360,.T.);
#3358 = VERTEX_POINT('',#3359);
#3359 = CARTESIAN_POINT('',(5.,-55.56,52.1));
#3360 = LINE('',#3361,#3362);
#3361 = CARTESIAN_POINT('',(5.,-55.56,22.55));
#3362 = VECTOR('',#3363,1.);
#3363 = DIRECTION('',(0.,0.,1.));
#3364 = ORIENTED_EDGE('',*,*,#3365,.F.);
#3365 = EDGE_CURVE('',#3366,#3358,#3368,.T.);
#3366 = VERTEX_POINT('',#3367);
#3367 = CARTESIAN_POINT('',(5.,-101.56,52.1));
#3368 = LINE('',#3369,#3370);
#3369 = CARTESIAN_POINT('',(5.,-111.06,52.1));
#3370 = VECTOR('',#3371,1.);
#3371 = DIRECTION('',(0.,1.,0.));
#3372 = ORIENTED_EDGE('',*,*,#3373,.F.);
#3373 = EDGE_CURVE('',#3374,#3366,#3376,.T.);
#3374 = VERTEX_POINT('',#3375);
#3375 = CARTESIAN_POINT('',(5.,-101.56,45.1));
#3376 = LINE('',#3377,#3378);
#3377 = CARTESIAN_POINT('',(5.,-101.56,22.55));
#3378 = VECTOR('',#3379,1.);
#3379 = DIRECTION('',(0.,0.,1.));
#3380 = ORIENTED_EDGE('',*,*,#3381,.T.);
#3381 = EDGE_CURVE('',#3374,#3382,#3384,.T.);
#3382 = VERTEX_POINT('',#3383);
#3383 = CARTESIAN_POINT('',(5.,-106.56,45.1));
#3384 = LINE('',#3385,#3386);
#3385 = CARTESIAN_POINT('',(5.,-108.81,45.1));
#3386 = VECTOR('',#3387,1.);
#3387 = DIRECTION('',(0.,-1.,0.));
#3388 = ORIENTED_EDGE('',*,*,#3389,.T.);
#3389 = EDGE_CURVE('',#3382,#3311,#3390,.T.);
#3390 = LINE('',#3391,#3392);
#3391 = CARTESIAN_POINT('',(5.,-106.56,22.55));
#3392 = VECTOR('',#3393,1.);
#3393 = DIRECTION('',(0.,0.,1.));
#3394 = PLANE('',#3395);
#3395 = AXIS2_PLACEMENT_3D('',#3396,#3397,#3398);
#3396 = CARTESIAN_POINT('',(5.,-111.06,0.));
#3397 = DIRECTION('',(1.,0.,0.));
#3398 = DIRECTION('',(0.,0.,1.));
#3399 = ADVANCED_FACE('',(#3400),#3489,.T.);
#3400 = FACE_BOUND('',#3401,.T.);
#3401 = EDGE_LOOP('',(#3402,#3412,#3420,#3426,#3427,#3435,#3443,#3451,
    #3459,#3467,#3475,#3483));
#3402 = ORIENTED_EDGE('',*,*,#3403,.F.);
#3403 = EDGE_CURVE('',#3404,#3406,#3408,.T.);
#3404 = VERTEX_POINT('',#3405);
#3405 = CARTESIAN_POINT('',(57.,-111.06,52.1));
#3406 = VERTEX_POINT('',#3407);
#3407 = CARTESIAN_POINT('',(57.,-106.56,52.1));
#3408 = LINE('',#3409,#3410);
#3409 = CARTESIAN_POINT('',(57.,-111.06,52.1));
#3410 = VECTOR('',#3411,1.);
#3411 = DIRECTION('',(0.,1.,0.));
#3412 = ORIENTED_EDGE('',*,*,#3413,.F.);
#3413 = EDGE_CURVE('',#3414,#3404,#3416,.T.);
#3414 = VERTEX_POINT('',#3415);
#3415 = CARTESIAN_POINT('',(57.,-111.06,0.));
#3416 = LINE('',#3417,#3418);
#3417 = CARTESIAN_POINT('',(57.,-111.06,0.));
#3418 = VECTOR('',#3419,1.);
#3419 = DIRECTION('',(0.,0.,1.));
#3420 = ORIENTED_EDGE('',*,*,#3421,.T.);
#3421 = EDGE_CURVE('',#3414,#223,#3422,.T.);
#3422 = LINE('',#3423,#3424);
#3423 = CARTESIAN_POINT('',(57.,-111.06,0.));
#3424 = VECTOR('',#3425,1.);
#3425 = DIRECTION('',(0.,1.,0.));
#3426 = ORIENTED_EDGE('',*,*,#232,.T.);
#3427 = ORIENTED_EDGE('',*,*,#3428,.F.);
#3428 = EDGE_CURVE('',#3429,#233,#3431,.T.);
#3429 = VERTEX_POINT('',#3430);
#3430 = CARTESIAN_POINT('',(57.,-50.56,52.1));
#3431 = LINE('',#3432,#3433);
#3432 = CARTESIAN_POINT('',(57.,-111.06,52.1));
#3433 = VECTOR('',#3434,1.);
#3434 = DIRECTION('',(0.,1.,0.));
#3435 = ORIENTED_EDGE('',*,*,#3436,.F.);
#3436 = EDGE_CURVE('',#3437,#3429,#3439,.T.);
#3437 = VERTEX_POINT('',#3438);
#3438 = CARTESIAN_POINT('',(57.,-50.56,45.1));
#3439 = LINE('',#3440,#3441);
#3440 = CARTESIAN_POINT('',(57.,-50.56,22.55));
#3441 = VECTOR('',#3442,1.);
#3442 = DIRECTION('',(0.,0.,1.));
#3443 = ORIENTED_EDGE('',*,*,#3444,.T.);
#3444 = EDGE_CURVE('',#3437,#3445,#3447,.T.);
#3445 = VERTEX_POINT('',#3446);
#3446 = CARTESIAN_POINT('',(57.,-55.56,45.1));
#3447 = LINE('',#3448,#3449);
#3448 = CARTESIAN_POINT('',(57.,-83.31,45.1));
#3449 = VECTOR('',#3450,1.);
#3450 = DIRECTION('',(0.,-1.,0.));
#3451 = ORIENTED_EDGE('',*,*,#3452,.T.);
#3452 = EDGE_CURVE('',#3445,#3453,#3455,.T.);
#3453 = VERTEX_POINT('',#3454);
#3454 = CARTESIAN_POINT('',(57.,-55.56,52.1));
#3455 = LINE('',#3456,#3457);
#3456 = CARTESIAN_POINT('',(57.,-55.56,22.55));
#3457 = VECTOR('',#3458,1.);
#3458 = DIRECTION('',(0.,0.,1.));
#3459 = ORIENTED_EDGE('',*,*,#3460,.F.);
#3460 = EDGE_CURVE('',#3461,#3453,#3463,.T.);
#3461 = VERTEX_POINT('',#3462);
#3462 = CARTESIAN_POINT('',(57.,-101.56,52.1));
#3463 = LINE('',#3464,#3465);
#3464 = CARTESIAN_POINT('',(57.,-111.06,52.1));
#3465 = VECTOR('',#3466,1.);
#3466 = DIRECTION('',(0.,1.,0.));
#3467 = ORIENTED_EDGE('',*,*,#3468,.F.);
#3468 = EDGE_CURVE('',#3469,#3461,#3471,.T.);
#3469 = VERTEX_POINT('',#3470);
#3470 = CARTESIAN_POINT('',(57.,-101.56,45.1));
#3471 = LINE('',#3472,#3473);
#3472 = CARTESIAN_POINT('',(57.,-101.56,22.55));
#3473 = VECTOR('',#3474,1.);
#3474 = DIRECTION('',(0.,0.,1.));
#3475 = ORIENTED_EDGE('',*,*,#3476,.T.);
#3476 = EDGE_CURVE('',#3469,#3477,#3479,.T.);
#3477 = VERTEX_POINT('',#3478);
#3478 = CARTESIAN_POINT('',(57.,-106.56,45.1));
#3479 = LINE('',#3480,#3481);
#3480 = CARTESIAN_POINT('',(57.,-108.81,45.1));
#3481 = VECTOR('',#3482,1.);
#3482 = DIRECTION('',(0.,-1.,0.));
#3483 = ORIENTED_EDGE('',*,*,#3484,.T.);
#3484 = EDGE_CURVE('',#3477,#3406,#3485,.T.);
#3485 = LINE('',#3486,#3487);
#3486 = CARTESIAN_POINT('',(57.,-106.56,22.55));
#3487 = VECTOR('',#3488,1.);
#3488 = DIRECTION('',(0.,0.,1.));
#3489 = PLANE('',#3490);
#3490 = AXIS2_PLACEMENT_3D('',#3491,#3492,#3493);
#3491 = CARTESIAN_POINT('',(57.,-111.06,0.));
#3492 = DIRECTION('',(1.,0.,0.));
#3493 = DIRECTION('',(0.,0.,1.));
#3494 = ADVANCED_FACE('',(#3495,#3511),#3546,.F.);
#3495 = FACE_BOUND('',#3496,.F.);
#3496 = EDGE_LOOP('',(#3497,#3503,#3504,#3510));
#3497 = ORIENTED_EDGE('',*,*,#3498,.F.);
#3498 = EDGE_CURVE('',#3319,#3414,#3499,.T.);
#3499 = LINE('',#3500,#3501);
#3500 = CARTESIAN_POINT('',(5.,-111.06,0.));
#3501 = VECTOR('',#3502,1.);
#3502 = DIRECTION('',(1.,0.,0.));
#3503 = ORIENTED_EDGE('',*,*,#3318,.T.);
#3504 = ORIENTED_EDGE('',*,*,#3505,.T.);
#3505 = EDGE_CURVE('',#3309,#3404,#3506,.T.);
#3506 = LINE('',#3507,#3508);
#3507 = CARTESIAN_POINT('',(5.,-111.06,52.1));
#3508 = VECTOR('',#3509,1.);
#3509 = DIRECTION('',(1.,0.,0.));
#3510 = ORIENTED_EDGE('',*,*,#3413,.F.);
#3511 = FACE_BOUND('',#3512,.F.);
#3512 = EDGE_LOOP('',(#3513,#3524,#3532,#3540));
#3513 = ORIENTED_EDGE('',*,*,#3514,.F.);
#3514 = EDGE_CURVE('',#3515,#3517,#3519,.T.);
#3515 = VERTEX_POINT('',#3516);
#3516 = CARTESIAN_POINT('',(32.6,-111.06,37.034604659887));
#3517 = VERTEX_POINT('',#3518);
#3518 = CARTESIAN_POINT('',(29.4,-111.06,37.034604659887));
#3519 = CIRCLE('',#3520,11.15);
#3520 = AXIS2_PLACEMENT_3D('',#3521,#3522,#3523);
#3521 = CARTESIAN_POINT('',(31.,-111.06,26.));
#3522 = DIRECTION('',(0.,1.,0.));
#3523 = DIRECTION('',(0.,0.,1.));
#3524 = ORIENTED_EDGE('',*,*,#3525,.F.);
#3525 = EDGE_CURVE('',#3526,#3515,#3528,.T.);
#3526 = VERTEX_POINT('',#3527);
#3527 = CARTESIAN_POINT('',(32.6,-111.06,38.55));
#3528 = LINE('',#3529,#3530);
#3529 = CARTESIAN_POINT('',(32.6,-111.06,18.475));
#3530 = VECTOR('',#3531,1.);
#3531 = DIRECTION('',(0.,0.,-1.));
#3532 = ORIENTED_EDGE('',*,*,#3533,.F.);
#3533 = EDGE_CURVE('',#3534,#3526,#3536,.T.);
#3534 = VERTEX_POINT('',#3535);
#3535 = CARTESIAN_POINT('',(29.4,-111.06,38.55));
#3536 = LINE('',#3537,#3538);
#3537 = CARTESIAN_POINT('',(17.2,-111.06,38.55));
#3538 = VECTOR('',#3539,1.);
#3539 = DIRECTION('',(1.,0.,0.));
#3540 = ORIENTED_EDGE('',*,*,#3541,.T.);
#3541 = EDGE_CURVE('',#3534,#3517,#3542,.T.);
#3542 = LINE('',#3543,#3544);
#3543 = CARTESIAN_POINT('',(29.4,-111.06,18.475));
#3544 = VECTOR('',#3545,1.);
#3545 = DIRECTION('',(0.,0.,-1.));
#3546 = PLANE('',#3547);
#3547 = AXIS2_PLACEMENT_3D('',#3548,#3549,#3550);
#3548 = CARTESIAN_POINT('',(5.,-111.06,0.));
#3549 = DIRECTION('',(0.,1.,0.));
#3550 = DIRECTION('',(0.,0.,1.));
#3551 = ADVANCED_FACE('',(#3552),#3577,.F.);
#3552 = FACE_BOUND('',#3553,.F.);
#3553 = EDGE_LOOP('',(#3554,#3562,#3570,#3576));
#3554 = ORIENTED_EDGE('',*,*,#3555,.F.);
#3555 = EDGE_CURVE('',#3556,#1179,#3558,.T.);
#3556 = VERTEX_POINT('',#3557);
#3557 = CARTESIAN_POINT('',(27.,-46.06,29.));
#3558 = LINE('',#3559,#3560);
#3559 = CARTESIAN_POINT('',(27.,-47.06,29.));
#3560 = VECTOR('',#3561,1.);
#3561 = DIRECTION('',(0.,1.,0.));
#3562 = ORIENTED_EDGE('',*,*,#3563,.T.);
#3563 = EDGE_CURVE('',#3556,#3564,#3566,.T.);
#3564 = VERTEX_POINT('',#3565);
#3565 = CARTESIAN_POINT('',(35.,-46.06,29.));
#3566 = LINE('',#3567,#3568);
#3567 = CARTESIAN_POINT('',(-17.37,-46.06,29.));
#3568 = VECTOR('',#3569,1.);
#3569 = DIRECTION('',(1.,0.,0.));
#3570 = ORIENTED_EDGE('',*,*,#3571,.T.);
#3571 = EDGE_CURVE('',#3564,#1181,#3572,.T.);
#3572 = LINE('',#3573,#3574);
#3573 = CARTESIAN_POINT('',(35.,-47.06,29.));
#3574 = VECTOR('',#3575,1.);
#3575 = DIRECTION('',(0.,1.,0.));
#3576 = ORIENTED_EDGE('',*,*,#1178,.F.);
#3577 = PLANE('',#3578);
#3578 = AXIS2_PLACEMENT_3D('',#3579,#3580,#3581);
#3579 = CARTESIAN_POINT('',(27.,-47.06,29.));
#3580 = DIRECTION('',(0.,0.,1.));
#3581 = DIRECTION('',(1.,0.,0.));
#3582 = ADVANCED_FACE('',(#3583,#3617),#3642,.F.);
#3583 = FACE_BOUND('',#3584,.F.);
#3584 = EDGE_LOOP('',(#3585,#3595,#3603,#3611));
#3585 = ORIENTED_EDGE('',*,*,#3586,.T.);
#3586 = EDGE_CURVE('',#3587,#3589,#3591,.T.);
#3587 = VERTEX_POINT('',#3588);
#3588 = CARTESIAN_POINT('',(8.,-46.06,3.));
#3589 = VERTEX_POINT('',#3590);
#3590 = CARTESIAN_POINT('',(8.,-46.06,52.1));
#3591 = LINE('',#3592,#3593);
#3592 = CARTESIAN_POINT('',(8.,-46.06,3.));
#3593 = VECTOR('',#3594,1.);
#3594 = DIRECTION('',(0.,0.,1.));
#3595 = ORIENTED_EDGE('',*,*,#3596,.T.);
#3596 = EDGE_CURVE('',#3589,#3597,#3599,.T.);
#3597 = VERTEX_POINT('',#3598);
#3598 = CARTESIAN_POINT('',(54.,-46.06,52.1));
#3599 = LINE('',#3600,#3601);
#3600 = CARTESIAN_POINT('',(-61.74,-46.06,52.1));
#3601 = VECTOR('',#3602,1.);
#3602 = DIRECTION('',(1.,0.,0.));
#3603 = ORIENTED_EDGE('',*,*,#3604,.F.);
#3604 = EDGE_CURVE('',#3605,#3597,#3607,.T.);
#3605 = VERTEX_POINT('',#3606);
#3606 = CARTESIAN_POINT('',(54.,-46.06,3.));
#3607 = LINE('',#3608,#3609);
#3608 = CARTESIAN_POINT('',(54.,-46.06,3.));
#3609 = VECTOR('',#3610,1.);
#3610 = DIRECTION('',(0.,0.,1.));
#3611 = ORIENTED_EDGE('',*,*,#3612,.F.);
#3612 = EDGE_CURVE('',#3587,#3605,#3613,.T.);
#3613 = LINE('',#3614,#3615);
#3614 = CARTESIAN_POINT('',(8.,-46.06,3.));
#3615 = VECTOR('',#3616,1.);
#3616 = DIRECTION('',(1.,0.,0.));
#3617 = FACE_BOUND('',#3618,.F.);
#3618 = EDGE_LOOP('',(#3619,#3620,#3628,#3636));
#3619 = ORIENTED_EDGE('',*,*,#3563,.F.);
#3620 = ORIENTED_EDGE('',*,*,#3621,.T.);
#3621 = EDGE_CURVE('',#3556,#3622,#3624,.T.);
#3622 = VERTEX_POINT('',#3623);
#3623 = CARTESIAN_POINT('',(27.,-46.06,23.));
#3624 = LINE('',#3625,#3626);
#3625 = CARTESIAN_POINT('',(27.,-46.06,11.5));
#3626 = VECTOR('',#3627,1.);
#3627 = DIRECTION('',(0.,0.,-1.));
#3628 = ORIENTED_EDGE('',*,*,#3629,.T.);
#3629 = EDGE_CURVE('',#3622,#3630,#3632,.T.);
#3630 = VERTEX_POINT('',#3631);
#3631 = CARTESIAN_POINT('',(35.,-46.06,23.));
#3632 = LINE('',#3633,#3634);
#3633 = CARTESIAN_POINT('',(-17.37,-46.06,23.));
#3634 = VECTOR('',#3635,1.);
#3635 = DIRECTION('',(1.,0.,0.));
#3636 = ORIENTED_EDGE('',*,*,#3637,.F.);
#3637 = EDGE_CURVE('',#3564,#3630,#3638,.T.);
#3638 = LINE('',#3639,#3640);
#3639 = CARTESIAN_POINT('',(35.,-46.06,11.5));
#3640 = VECTOR('',#3641,1.);
#3641 = DIRECTION('',(0.,0.,-1.));
#3642 = PLANE('',#3643);
#3643 = AXIS2_PLACEMENT_3D('',#3644,#3645,#3646);
#3644 = CARTESIAN_POINT('',(-61.74,-46.06,0.));
#3645 = DIRECTION('',(0.,1.,0.));
#3646 = DIRECTION('',(0.,0.,1.));
#3647 = ADVANCED_FACE('',(#3648),#3673,.T.);
#3648 = FACE_BOUND('',#3649,.T.);
#3649 = EDGE_LOOP('',(#3650,#3660,#3666,#3667));
#3650 = ORIENTED_EDGE('',*,*,#3651,.F.);
#3651 = EDGE_CURVE('',#3652,#3654,#3656,.T.);
#3652 = VERTEX_POINT('',#3653);
#3653 = CARTESIAN_POINT('',(8.,-108.06,3.));
#3654 = VERTEX_POINT('',#3655);
#3655 = CARTESIAN_POINT('',(8.,-108.06,52.1));
#3656 = LINE('',#3657,#3658);
#3657 = CARTESIAN_POINT('',(8.,-108.06,3.));
#3658 = VECTOR('',#3659,1.);
#3659 = DIRECTION('',(0.,0.,1.));
#3660 = ORIENTED_EDGE('',*,*,#3661,.T.);
#3661 = EDGE_CURVE('',#3652,#3587,#3662,.T.);
#3662 = LINE('',#3663,#3664);
#3663 = CARTESIAN_POINT('',(8.,-108.06,3.));
#3664 = VECTOR('',#3665,1.);
#3665 = DIRECTION('',(0.,1.,0.));
#3666 = ORIENTED_EDGE('',*,*,#3586,.T.);
#3667 = ORIENTED_EDGE('',*,*,#3668,.F.);
#3668 = EDGE_CURVE('',#3654,#3589,#3669,.T.);
#3669 = LINE('',#3670,#3671);
#3670 = CARTESIAN_POINT('',(8.,-108.06,52.1));
#3671 = VECTOR('',#3672,1.);
#3672 = DIRECTION('',(0.,1.,0.));
#3673 = PLANE('',#3674);
#3674 = AXIS2_PLACEMENT_3D('',#3675,#3676,#3677);
#3675 = CARTESIAN_POINT('',(8.,-108.06,3.));
#3676 = DIRECTION('',(1.,0.,0.));
#3677 = DIRECTION('',(0.,0.,1.));
#3678 = ADVANCED_FACE('',(#3679,#3704),#3739,.T.);
#3679 = FACE_BOUND('',#3680,.T.);
#3680 = EDGE_LOOP('',(#3681,#3689,#3690,#3698));
#3681 = ORIENTED_EDGE('',*,*,#3682,.F.);
#3682 = EDGE_CURVE('',#3652,#3683,#3685,.T.);
#3683 = VERTEX_POINT('',#3684);
#3684 = CARTESIAN_POINT('',(54.,-108.06,3.));
#3685 = LINE('',#3686,#3687);
#3686 = CARTESIAN_POINT('',(8.,-108.06,3.));
#3687 = VECTOR('',#3688,1.);
#3688 = DIRECTION('',(1.,0.,0.));
#3689 = ORIENTED_EDGE('',*,*,#3651,.T.);
#3690 = ORIENTED_EDGE('',*,*,#3691,.T.);
#3691 = EDGE_CURVE('',#3654,#3692,#3694,.T.);
#3692 = VERTEX_POINT('',#3693);
#3693 = CARTESIAN_POINT('',(54.,-108.06,52.1));
#3694 = LINE('',#3695,#3696);
#3695 = CARTESIAN_POINT('',(8.,-108.06,52.1));
#3696 = VECTOR('',#3697,1.);
#3697 = DIRECTION('',(1.,0.,0.));
#3698 = ORIENTED_EDGE('',*,*,#3699,.F.);
#3699 = EDGE_CURVE('',#3683,#3692,#3700,.T.);
#3700 = LINE('',#3701,#3702);
#3701 = CARTESIAN_POINT('',(54.,-108.06,3.));
#3702 = VECTOR('',#3703,1.);
#3703 = DIRECTION('',(0.,0.,1.));
#3704 = FACE_BOUND('',#3705,.T.);
#3705 = EDGE_LOOP('',(#3706,#3717,#3725,#3733));
#3706 = ORIENTED_EDGE('',*,*,#3707,.F.);
#3707 = EDGE_CURVE('',#3708,#3710,#3712,.T.);
#3708 = VERTEX_POINT('',#3709);
#3709 = CARTESIAN_POINT('',(32.6,-108.06,37.034604659887));
#3710 = VERTEX_POINT('',#3711);
#3711 = CARTESIAN_POINT('',(29.4,-108.06,37.034604659887));
#3712 = CIRCLE('',#3713,11.15);
#3713 = AXIS2_PLACEMENT_3D('',#3714,#3715,#3716);
#3714 = CARTESIAN_POINT('',(31.,-108.06,26.));
#3715 = DIRECTION('',(0.,1.,0.));
#3716 = DIRECTION('',(0.,0.,1.));
#3717 = ORIENTED_EDGE('',*,*,#3718,.F.);
#3718 = EDGE_CURVE('',#3719,#3708,#3721,.T.);
#3719 = VERTEX_POINT('',#3720);
#3720 = CARTESIAN_POINT('',(32.6,-108.06,38.55));
#3721 = LINE('',#3722,#3723);
#3722 = CARTESIAN_POINT('',(32.6,-108.06,19.975));
#3723 = VECTOR('',#3724,1.);
#3724 = DIRECTION('',(0.,0.,-1.));
#3725 = ORIENTED_EDGE('',*,*,#3726,.F.);
#3726 = EDGE_CURVE('',#3727,#3719,#3729,.T.);
#3727 = VERTEX_POINT('',#3728);
#3728 = CARTESIAN_POINT('',(29.4,-108.06,38.55));
#3729 = LINE('',#3730,#3731);
#3730 = CARTESIAN_POINT('',(18.7,-108.06,38.55));
#3731 = VECTOR('',#3732,1.);
#3732 = DIRECTION('',(1.,0.,0.));
#3733 = ORIENTED_EDGE('',*,*,#3734,.T.);
#3734 = EDGE_CURVE('',#3727,#3710,#3735,.T.);
#3735 = LINE('',#3736,#3737);
#3736 = CARTESIAN_POINT('',(29.4,-108.06,19.975));
#3737 = VECTOR('',#3738,1.);
#3738 = DIRECTION('',(0.,0.,-1.));
#3739 = PLANE('',#3740);
#3740 = AXIS2_PLACEMENT_3D('',#3741,#3742,#3743);
#3741 = CARTESIAN_POINT('',(8.,-108.06,3.));
#3742 = DIRECTION('',(0.,1.,0.));
#3743 = DIRECTION('',(0.,0.,1.));
#3744 = ADVANCED_FACE('',(#3745),#3761,.F.);
#3745 = FACE_BOUND('',#3746,.F.);
#3746 = EDGE_LOOP('',(#3747,#3748,#3754,#3755));
#3747 = ORIENTED_EDGE('',*,*,#3699,.F.);
#3748 = ORIENTED_EDGE('',*,*,#3749,.T.);
#3749 = EDGE_CURVE('',#3683,#3605,#3750,.T.);
#3750 = LINE('',#3751,#3752);
#3751 = CARTESIAN_POINT('',(54.,-108.06,3.));
#3752 = VECTOR('',#3753,1.);
#3753 = DIRECTION('',(0.,1.,0.));
#3754 = ORIENTED_EDGE('',*,*,#3604,.T.);
#3755 = ORIENTED_EDGE('',*,*,#3756,.F.);
#3756 = EDGE_CURVE('',#3692,#3597,#3757,.T.);
#3757 = LINE('',#3758,#3759);
#3758 = CARTESIAN_POINT('',(54.,-108.06,52.1));
#3759 = VECTOR('',#3760,1.);
#3760 = DIRECTION('',(0.,1.,0.));
#3761 = PLANE('',#3762);
#3762 = AXIS2_PLACEMENT_3D('',#3763,#3764,#3765);
#3763 = CARTESIAN_POINT('',(54.,-108.06,3.));
#3764 = DIRECTION('',(1.,0.,0.));
#3765 = DIRECTION('',(0.,0.,1.));
#3766 = ADVANCED_FACE('',(#3767),#3773,.T.);
#3767 = FACE_BOUND('',#3768,.T.);
#3768 = EDGE_LOOP('',(#3769,#3770,#3771,#3772));
#3769 = ORIENTED_EDGE('',*,*,#3661,.F.);
#3770 = ORIENTED_EDGE('',*,*,#3682,.T.);
#3771 = ORIENTED_EDGE('',*,*,#3749,.T.);
#3772 = ORIENTED_EDGE('',*,*,#3612,.F.);
#3773 = PLANE('',#3774);
#3774 = AXIS2_PLACEMENT_3D('',#3775,#3776,#3777);
#3775 = CARTESIAN_POINT('',(8.,-108.06,3.));
#3776 = DIRECTION('',(0.,0.,1.));
#3777 = DIRECTION('',(1.,0.,0.));
#3778 = ADVANCED_FACE('',(#3779),#3790,.T.);
#3779 = FACE_BOUND('',#3780,.T.);
#3780 = EDGE_LOOP('',(#3781,#3782,#3783,#3789));
#3781 = ORIENTED_EDGE('',*,*,#3555,.F.);
#3782 = ORIENTED_EDGE('',*,*,#3621,.T.);
#3783 = ORIENTED_EDGE('',*,*,#3784,.T.);
#3784 = EDGE_CURVE('',#3622,#1189,#3785,.T.);
#3785 = LINE('',#3786,#3787);
#3786 = CARTESIAN_POINT('',(27.,-47.06,23.));
#3787 = VECTOR('',#3788,1.);
#3788 = DIRECTION('',(0.,1.,0.));
#3789 = ORIENTED_EDGE('',*,*,#1188,.F.);
#3790 = PLANE('',#3791);
#3791 = AXIS2_PLACEMENT_3D('',#3792,#3793,#3794);
#3792 = CARTESIAN_POINT('',(27.,-47.06,23.));
#3793 = DIRECTION('',(1.,0.,0.));
#3794 = DIRECTION('',(0.,0.,1.));
#3795 = ADVANCED_FACE('',(#3796),#3807,.F.);
#3796 = FACE_BOUND('',#3797,.F.);
#3797 = EDGE_LOOP('',(#3798,#3799,#3800,#3806));
#3798 = ORIENTED_EDGE('',*,*,#3571,.F.);
#3799 = ORIENTED_EDGE('',*,*,#3637,.T.);
#3800 = ORIENTED_EDGE('',*,*,#3801,.T.);
#3801 = EDGE_CURVE('',#3630,#1197,#3802,.T.);
#3802 = LINE('',#3803,#3804);
#3803 = CARTESIAN_POINT('',(35.,-47.06,23.));
#3804 = VECTOR('',#3805,1.);
#3805 = DIRECTION('',(0.,1.,0.));
#3806 = ORIENTED_EDGE('',*,*,#1204,.F.);
#3807 = PLANE('',#3808);
#3808 = AXIS2_PLACEMENT_3D('',#3809,#3810,#3811);
#3809 = CARTESIAN_POINT('',(35.,-47.06,23.));
#3810 = DIRECTION('',(1.,0.,0.));
#3811 = DIRECTION('',(0.,0.,1.));
#3812 = ADVANCED_FACE('',(#3813),#3819,.T.);
#3813 = FACE_BOUND('',#3814,.T.);
#3814 = EDGE_LOOP('',(#3815,#3816,#3817,#3818));
#3815 = ORIENTED_EDGE('',*,*,#3784,.F.);
#3816 = ORIENTED_EDGE('',*,*,#3629,.T.);
#3817 = ORIENTED_EDGE('',*,*,#3801,.T.);
#3818 = ORIENTED_EDGE('',*,*,#1196,.F.);
#3819 = PLANE('',#3820);
#3820 = AXIS2_PLACEMENT_3D('',#3821,#3822,#3823);
#3821 = CARTESIAN_POINT('',(27.,-47.06,23.));
#3822 = DIRECTION('',(0.,0.,1.));
#3823 = DIRECTION('',(1.,0.,0.));
#3824 = ADVANCED_FACE('',(#3825),#3841,.T.);
#3825 = FACE_BOUND('',#3826,.T.);
#3826 = EDGE_LOOP('',(#3827,#3833,#3834,#3840));
#3827 = ORIENTED_EDGE('',*,*,#3828,.F.);
#3828 = EDGE_CURVE('',#290,#1246,#3829,.T.);
#3829 = LINE('',#3830,#3831);
#3830 = CARTESIAN_POINT('',(62.74,-4.,23.));
#3831 = VECTOR('',#3832,1.);
#3832 = DIRECTION('',(-1.,1.110223024625E-16,0.));
#3833 = ORIENTED_EDGE('',*,*,#287,.F.);
#3834 = ORIENTED_EDGE('',*,*,#3835,.T.);
#3835 = EDGE_CURVE('',#288,#1244,#3836,.T.);
#3836 = LINE('',#3837,#3838);
#3837 = CARTESIAN_POINT('',(62.74,4.,23.));
#3838 = VECTOR('',#3839,1.);
#3839 = DIRECTION('',(-1.,1.110223024625E-16,0.));
#3840 = ORIENTED_EDGE('',*,*,#1243,.T.);
#3841 = PLANE('',#3842);
#3842 = AXIS2_PLACEMENT_3D('',#3843,#3844,#3845);
#3843 = CARTESIAN_POINT('',(62.74,-4.,23.));
#3844 = DIRECTION('',(0.,0.,1.));
#3845 = DIRECTION('',(1.110223024625E-16,1.,0.));
#3846 = ADVANCED_FACE('',(#3847),#3858,.F.);
#3847 = FACE_BOUND('',#3848,.F.);
#3848 = EDGE_LOOP('',(#3849,#3855,#3856,#3857));
#3849 = ORIENTED_EDGE('',*,*,#3850,.F.);
#3850 = EDGE_CURVE('',#306,#1262,#3851,.T.);
#3851 = LINE('',#3852,#3853);
#3852 = CARTESIAN_POINT('',(62.74,4.,29.));
#3853 = VECTOR('',#3854,1.);
#3854 = DIRECTION('',(-1.,1.110223024625E-16,0.));
#3855 = ORIENTED_EDGE('',*,*,#313,.F.);
#3856 = ORIENTED_EDGE('',*,*,#3835,.T.);
#3857 = ORIENTED_EDGE('',*,*,#1269,.T.);
#3858 = PLANE('',#3859);
#3859 = AXIS2_PLACEMENT_3D('',#3860,#3861,#3862);
#3860 = CARTESIAN_POINT('',(62.74,4.,23.));
#3861 = DIRECTION('',(1.110223024625E-16,1.,0.));
#3862 = DIRECTION('',(0.,0.,1.));
#3863 = ADVANCED_FACE('',(#3864),#3875,.T.);
#3864 = FACE_BOUND('',#3865,.T.);
#3865 = EDGE_LOOP('',(#3866,#3872,#3873,#3874));
#3866 = ORIENTED_EDGE('',*,*,#3867,.F.);
#3867 = EDGE_CURVE('',#298,#1254,#3868,.T.);
#3868 = LINE('',#3869,#3870);
#3869 = CARTESIAN_POINT('',(62.74,-4.,29.));
#3870 = VECTOR('',#3871,1.);
#3871 = DIRECTION('',(-1.,1.110223024625E-16,0.));
#3872 = ORIENTED_EDGE('',*,*,#297,.F.);
#3873 = ORIENTED_EDGE('',*,*,#3828,.T.);
#3874 = ORIENTED_EDGE('',*,*,#1253,.T.);
#3875 = PLANE('',#3876);
#3876 = AXIS2_PLACEMENT_3D('',#3877,#3878,#3879);
#3877 = CARTESIAN_POINT('',(62.74,-4.,23.));
#3878 = DIRECTION('',(1.110223024625E-16,1.,0.));
#3879 = DIRECTION('',(0.,0.,1.));
#3880 = ADVANCED_FACE('',(#3881),#3887,.F.);
#3881 = FACE_BOUND('',#3882,.F.);
#3882 = EDGE_LOOP('',(#3883,#3884,#3885,#3886));
#3883 = ORIENTED_EDGE('',*,*,#3867,.F.);
#3884 = ORIENTED_EDGE('',*,*,#305,.F.);
#3885 = ORIENTED_EDGE('',*,*,#3850,.T.);
#3886 = ORIENTED_EDGE('',*,*,#1261,.T.);
#3887 = PLANE('',#3888);
#3888 = AXIS2_PLACEMENT_3D('',#3889,#3890,#3891);
#3889 = CARTESIAN_POINT('',(62.74,-4.,29.));
#3890 = DIRECTION('',(0.,0.,1.));
#3891 = DIRECTION('',(1.110223024625E-16,1.,0.));
#3892 = ADVANCED_FACE('',(#3893),#3918,.F.);
#3893 = FACE_BOUND('',#3894,.F.);
#3894 = EDGE_LOOP('',(#3895,#3903,#3911,#3917));
#3895 = ORIENTED_EDGE('',*,*,#3896,.F.);
#3896 = EDGE_CURVE('',#3897,#322,#3899,.T.);
#3897 = VERTEX_POINT('',#3898);
#3898 = CARTESIAN_POINT('',(101.74,-16.,9.));
#3899 = LINE('',#3900,#3901);
#3900 = CARTESIAN_POINT('',(101.74,-16.,9.));
#3901 = VECTOR('',#3902,1.);
#3902 = DIRECTION('',(-1.,1.110223024625E-16,0.));
#3903 = ORIENTED_EDGE('',*,*,#3904,.T.);
#3904 = EDGE_CURVE('',#3897,#3905,#3907,.T.);
#3905 = VERTEX_POINT('',#3906);
#3906 = CARTESIAN_POINT('',(101.74,16.,9.));
#3907 = LINE('',#3908,#3909);
#3908 = CARTESIAN_POINT('',(101.74,-16.,9.));
#3909 = VECTOR('',#3910,1.);
#3910 = DIRECTION('',(1.110223024625E-16,1.,0.));
#3911 = ORIENTED_EDGE('',*,*,#3912,.T.);
#3912 = EDGE_CURVE('',#3905,#324,#3913,.T.);
#3913 = LINE('',#3914,#3915);
#3914 = CARTESIAN_POINT('',(101.74,16.,9.));
#3915 = VECTOR('',#3916,1.);
#3916 = DIRECTION('',(-1.,1.110223024625E-16,0.));
#3917 = ORIENTED_EDGE('',*,*,#321,.F.);
#3918 = PLANE('',#3919);
#3919 = AXIS2_PLACEMENT_3D('',#3920,#3921,#3922);
#3920 = CARTESIAN_POINT('',(101.74,-16.,9.));
#3921 = DIRECTION('',(0.,0.,1.));
#3922 = DIRECTION('',(1.110223024625E-16,1.,0.));
#3923 = ADVANCED_FACE('',(#3924),#3974,.F.);
#3924 = FACE_BOUND('',#3925,.F.);
#3925 = EDGE_LOOP('',(#3926,#3936,#3942,#3943,#3944,#3952,#3960,#3968));
#3926 = ORIENTED_EDGE('',*,*,#3927,.F.);
#3927 = EDGE_CURVE('',#3928,#3930,#3932,.T.);
#3928 = VERTEX_POINT('',#3929);
#3929 = CARTESIAN_POINT('',(101.74,-16.,43.));
#3930 = VERTEX_POINT('',#3931);
#3931 = CARTESIAN_POINT('',(84.24,-16.,43.));
#3932 = LINE('',#3933,#3934);
#3933 = CARTESIAN_POINT('',(101.74,-16.,43.));
#3934 = VECTOR('',#3935,1.);
#3935 = DIRECTION('',(-1.,1.110223024625E-16,0.));
#3936 = ORIENTED_EDGE('',*,*,#3937,.F.);
#3937 = EDGE_CURVE('',#3897,#3928,#3938,.T.);
#3938 = LINE('',#3939,#3940);
#3939 = CARTESIAN_POINT('',(101.74,-16.,9.));
#3940 = VECTOR('',#3941,1.);
#3941 = DIRECTION('',(0.,0.,1.));
#3942 = ORIENTED_EDGE('',*,*,#3896,.T.);
#3943 = ORIENTED_EDGE('',*,*,#331,.T.);
#3944 = ORIENTED_EDGE('',*,*,#3945,.F.);
#3945 = EDGE_CURVE('',#3946,#332,#3948,.T.);
#3946 = VERTEX_POINT('',#3947);
#3947 = CARTESIAN_POINT('',(79.24,-16.,43.));
#3948 = LINE('',#3949,#3950);
#3949 = CARTESIAN_POINT('',(101.74,-16.,43.));
#3950 = VECTOR('',#3951,1.);
#3951 = DIRECTION('',(-1.,1.110223024625E-16,0.));
#3952 = ORIENTED_EDGE('',*,*,#3953,.F.);
#3953 = EDGE_CURVE('',#3954,#3946,#3956,.T.);
#3954 = VERTEX_POINT('',#3955);
#3955 = CARTESIAN_POINT('',(79.24,-16.,36.));
#3956 = LINE('',#3957,#3958);
#3957 = CARTESIAN_POINT('',(79.24,-16.,22.5));
#3958 = VECTOR('',#3959,1.);
#3959 = DIRECTION('',(0.,0.,1.));
#3960 = ORIENTED_EDGE('',*,*,#3961,.T.);
#3961 = EDGE_CURVE('',#3954,#3962,#3964,.T.);
#3962 = VERTEX_POINT('',#3963);
#3963 = CARTESIAN_POINT('',(84.24,-16.,36.));
#3964 = LINE('',#3965,#3966);
#3965 = CARTESIAN_POINT('',(92.99,-16.,36.));
#3966 = VECTOR('',#3967,1.);
#3967 = DIRECTION('',(1.,-1.110223024625E-16,0.));
#3968 = ORIENTED_EDGE('',*,*,#3969,.T.);
#3969 = EDGE_CURVE('',#3962,#3930,#3970,.T.);
#3970 = LINE('',#3971,#3972);
#3971 = CARTESIAN_POINT('',(84.24,-16.,22.5));
#3972 = VECTOR('',#3973,1.);
#3973 = DIRECTION('',(0.,0.,1.));
#3974 = PLANE('',#3975);
#3975 = AXIS2_PLACEMENT_3D('',#3976,#3977,#3978);
#3976 = CARTESIAN_POINT('',(101.74,-16.,9.));
#3977 = DIRECTION('',(1.110223024625E-16,1.,0.));
#3978 = DIRECTION('',(0.,0.,1.));
#3979 = ADVANCED_FACE('',(#3980),#4030,.T.);
#3980 = FACE_BOUND('',#3981,.T.);
#3981 = EDGE_LOOP('',(#3982,#3992,#3998,#3999,#4000,#4008,#4016,#4024));
#3982 = ORIENTED_EDGE('',*,*,#3983,.F.);
#3983 = EDGE_CURVE('',#3984,#3986,#3988,.T.);
#3984 = VERTEX_POINT('',#3985);
#3985 = CARTESIAN_POINT('',(101.74,16.,43.));
#3986 = VERTEX_POINT('',#3987);
#3987 = CARTESIAN_POINT('',(84.24,16.,43.));
#3988 = LINE('',#3989,#3990);
#3989 = CARTESIAN_POINT('',(101.74,16.,43.));
#3990 = VECTOR('',#3991,1.);
#3991 = DIRECTION('',(-1.,1.110223024625E-16,0.));
#3992 = ORIENTED_EDGE('',*,*,#3993,.F.);
#3993 = EDGE_CURVE('',#3905,#3984,#3994,.T.);
#3994 = LINE('',#3995,#3996);
#3995 = CARTESIAN_POINT('',(101.74,16.,9.));
#3996 = VECTOR('',#3997,1.);
#3997 = DIRECTION('',(0.,0.,1.));
#3998 = ORIENTED_EDGE('',*,*,#3912,.T.);
#3999 = ORIENTED_EDGE('',*,*,#379,.T.);
#4000 = ORIENTED_EDGE('',*,*,#4001,.F.);
#4001 = EDGE_CURVE('',#4002,#372,#4004,.T.);
#4002 = VERTEX_POINT('',#4003);
#4003 = CARTESIAN_POINT('',(79.24,16.,43.));
#4004 = LINE('',#4005,#4006);
#4005 = CARTESIAN_POINT('',(101.74,16.,43.));
#4006 = VECTOR('',#4007,1.);
#4007 = DIRECTION('',(-1.,1.110223024625E-16,0.));
#4008 = ORIENTED_EDGE('',*,*,#4009,.F.);
#4009 = EDGE_CURVE('',#4010,#4002,#4012,.T.);
#4010 = VERTEX_POINT('',#4011);
#4011 = CARTESIAN_POINT('',(79.24,16.,36.));
#4012 = LINE('',#4013,#4014);
#4013 = CARTESIAN_POINT('',(79.24,16.,22.5));
#4014 = VECTOR('',#4015,1.);
#4015 = DIRECTION('',(0.,0.,1.));
#4016 = ORIENTED_EDGE('',*,*,#4017,.T.);
#4017 = EDGE_CURVE('',#4010,#4018,#4020,.T.);
#4018 = VERTEX_POINT('',#4019);
#4019 = CARTESIAN_POINT('',(84.24,16.,36.));
#4020 = LINE('',#4021,#4022);
#4021 = CARTESIAN_POINT('',(92.99,16.,36.));
#4022 = VECTOR('',#4023,1.);
#4023 = DIRECTION('',(1.,-1.110223024625E-16,0.));
#4024 = ORIENTED_EDGE('',*,*,#4025,.T.);
#4025 = EDGE_CURVE('',#4018,#3986,#4026,.T.);
#4026 = LINE('',#4027,#4028);
#4027 = CARTESIAN_POINT('',(84.24,16.,22.5));
#4028 = VECTOR('',#4029,1.);
#4029 = DIRECTION('',(0.,0.,1.));
#4030 = PLANE('',#4031);
#4031 = AXIS2_PLACEMENT_3D('',#4032,#4033,#4034);
#4032 = CARTESIAN_POINT('',(101.74,16.,9.));
#4033 = DIRECTION('',(1.110223024625E-16,1.,0.));
#4034 = DIRECTION('',(0.,0.,1.));
#4035 = ADVANCED_FACE('',(#4036),#4061,.T.);
#4036 = FACE_BOUND('',#4037,.T.);
#4037 = EDGE_LOOP('',(#4038,#4048,#4054,#4055));
#4038 = ORIENTED_EDGE('',*,*,#4039,.F.);
#4039 = EDGE_CURVE('',#4040,#4042,#4044,.T.);
#4040 = VERTEX_POINT('',#4041);
#4041 = CARTESIAN_POINT('',(98.54,-13.,12.));
#4042 = VERTEX_POINT('',#4043);
#4043 = CARTESIAN_POINT('',(98.54,-13.,43.));
#4044 = LINE('',#4045,#4046);
#4045 = CARTESIAN_POINT('',(98.54,-13.,12.));
#4046 = VECTOR('',#4047,1.);
#4047 = DIRECTION('',(0.,0.,1.));
#4048 = ORIENTED_EDGE('',*,*,#4049,.T.);
#4049 = EDGE_CURVE('',#4040,#348,#4050,.T.);
#4050 = LINE('',#4051,#4052);
#4051 = CARTESIAN_POINT('',(98.54,-13.,12.));
#4052 = VECTOR('',#4053,1.);
#4053 = DIRECTION('',(-1.,1.110223024625E-16,0.));
#4054 = ORIENTED_EDGE('',*,*,#347,.T.);
#4055 = ORIENTED_EDGE('',*,*,#4056,.F.);
#4056 = EDGE_CURVE('',#4042,#340,#4057,.T.);
#4057 = LINE('',#4058,#4059);
#4058 = CARTESIAN_POINT('',(98.54,-13.,43.));
#4059 = VECTOR('',#4060,1.);
#4060 = DIRECTION('',(-1.,1.110223024625E-16,0.));
#4061 = PLANE('',#4062);
#4062 = AXIS2_PLACEMENT_3D('',#4063,#4064,#4065);
#4063 = CARTESIAN_POINT('',(98.54,-13.,12.));
#4064 = DIRECTION('',(1.110223024625E-16,1.,0.));
#4065 = DIRECTION('',(0.,0.,1.));
#4066 = ADVANCED_FACE('',(#4067),#4092,.F.);
#4067 = FACE_BOUND('',#4068,.F.);
#4068 = EDGE_LOOP('',(#4069,#4079,#4085,#4086));
#4069 = ORIENTED_EDGE('',*,*,#4070,.F.);
#4070 = EDGE_CURVE('',#4071,#4073,#4075,.T.);
#4071 = VERTEX_POINT('',#4072);
#4072 = CARTESIAN_POINT('',(98.54,13.,12.));
#4073 = VERTEX_POINT('',#4074);
#4074 = CARTESIAN_POINT('',(98.54,13.,43.));
#4075 = LINE('',#4076,#4077);
#4076 = CARTESIAN_POINT('',(98.54,13.,12.));
#4077 = VECTOR('',#4078,1.);
#4078 = DIRECTION('',(0.,0.,1.));
#4079 = ORIENTED_EDGE('',*,*,#4080,.T.);
#4080 = EDGE_CURVE('',#4071,#356,#4081,.T.);
#4081 = LINE('',#4082,#4083);
#4082 = CARTESIAN_POINT('',(98.54,13.,12.));
#4083 = VECTOR('',#4084,1.);
#4084 = DIRECTION('',(-1.,1.110223024625E-16,0.));
#4085 = ORIENTED_EDGE('',*,*,#363,.T.);
#4086 = ORIENTED_EDGE('',*,*,#4087,.F.);
#4087 = EDGE_CURVE('',#4073,#364,#4088,.T.);
#4088 = LINE('',#4089,#4090);
#4089 = CARTESIAN_POINT('',(98.54,13.,43.));
#4090 = VECTOR('',#4091,1.);
#4091 = DIRECTION('',(-1.,1.110223024625E-16,0.));
#4092 = PLANE('',#4093);
#4093 = AXIS2_PLACEMENT_3D('',#4094,#4095,#4096);
#4094 = CARTESIAN_POINT('',(98.54,13.,12.));
#4095 = DIRECTION('',(1.110223024625E-16,1.,0.));
#4096 = DIRECTION('',(0.,0.,1.));
#4097 = ADVANCED_FACE('',(#4098),#4109,.T.);
#4098 = FACE_BOUND('',#4099,.T.);
#4099 = EDGE_LOOP('',(#4100,#4101,#4107,#4108));
#4100 = ORIENTED_EDGE('',*,*,#4049,.F.);
#4101 = ORIENTED_EDGE('',*,*,#4102,.T.);
#4102 = EDGE_CURVE('',#4040,#4071,#4103,.T.);
#4103 = LINE('',#4104,#4105);
#4104 = CARTESIAN_POINT('',(98.54,-13.,12.));
#4105 = VECTOR('',#4106,1.);
#4106 = DIRECTION('',(1.110223024625E-16,1.,0.));
#4107 = ORIENTED_EDGE('',*,*,#4080,.T.);
#4108 = ORIENTED_EDGE('',*,*,#355,.F.);
#4109 = PLANE('',#4110);
#4110 = AXIS2_PLACEMENT_3D('',#4111,#4112,#4113);
#4111 = CARTESIAN_POINT('',(98.54,-13.,12.));
#4112 = DIRECTION('',(0.,0.,1.));
#4113 = DIRECTION('',(1.110223024625E-16,1.,0.));
#4114 = ADVANCED_FACE('',(#4115),#4131,.T.);
#4115 = FACE_BOUND('',#4116,.T.);
#4116 = EDGE_LOOP('',(#4117,#4123,#4124,#4130));
#4117 = ORIENTED_EDGE('',*,*,#4118,.F.);
#4118 = EDGE_CURVE('',#1278,#388,#4119,.T.);
#4119 = LINE('',#4120,#4121);
#4120 = CARTESIAN_POINT('',(57.74,36.5,38.));
#4121 = VECTOR('',#4122,1.);
#4122 = DIRECTION('',(1.,0.,0.));
#4123 = ORIENTED_EDGE('',*,*,#1277,.T.);
#4124 = ORIENTED_EDGE('',*,*,#4125,.T.);
#4125 = EDGE_CURVE('',#1280,#390,#4126,.T.);
#4126 = LINE('',#4127,#4128);
#4127 = CARTESIAN_POINT('',(57.74,21.5,38.));
#4128 = VECTOR('',#4129,1.);
#4129 = DIRECTION('',(1.,0.,0.));
#4130 = ORIENTED_EDGE('',*,*,#387,.F.);
#4131 = PLANE('',#4132);
#4132 = AXIS2_PLACEMENT_3D('',#4133,#4134,#4135);
#4133 = CARTESIAN_POINT('',(57.74,21.5,38.));
#4134 = DIRECTION('',(0.,0.,1.));
#4135 = DIRECTION('',(1.,0.,0.));
#4136 = ADVANCED_FACE('',(#4137),#4148,.F.);
#4137 = FACE_BOUND('',#4138,.F.);
#4138 = EDGE_LOOP('',(#4139,#4140,#4141,#4147));
#4139 = ORIENTED_EDGE('',*,*,#4118,.F.);
#4140 = ORIENTED_EDGE('',*,*,#1303,.T.);
#4141 = ORIENTED_EDGE('',*,*,#4142,.T.);
#4142 = EDGE_CURVE('',#1296,#406,#4143,.T.);
#4143 = LINE('',#4144,#4145);
#4144 = CARTESIAN_POINT('',(57.74,36.5,46.));
#4145 = VECTOR('',#4146,1.);
#4146 = DIRECTION('',(1.,0.,0.));
#4147 = ORIENTED_EDGE('',*,*,#413,.F.);
#4148 = PLANE('',#4149);
#4149 = AXIS2_PLACEMENT_3D('',#4150,#4151,#4152);
#4150 = CARTESIAN_POINT('',(57.74,36.5,38.));
#4151 = DIRECTION('',(0.,1.,0.));
#4152 = DIRECTION('',(0.,0.,1.));
#4153 = ADVANCED_FACE('',(#4154),#4165,.T.);
#4154 = FACE_BOUND('',#4155,.T.);
#4155 = EDGE_LOOP('',(#4156,#4157,#4158,#4164));
#4156 = ORIENTED_EDGE('',*,*,#4125,.F.);
#4157 = ORIENTED_EDGE('',*,*,#1287,.T.);
#4158 = ORIENTED_EDGE('',*,*,#4159,.T.);
#4159 = EDGE_CURVE('',#1288,#398,#4160,.T.);
#4160 = LINE('',#4161,#4162);
#4161 = CARTESIAN_POINT('',(57.74,21.5,46.));
#4162 = VECTOR('',#4163,1.);
#4163 = DIRECTION('',(1.,0.,0.));
#4164 = ORIENTED_EDGE('',*,*,#397,.F.);
#4165 = PLANE('',#4166);
#4166 = AXIS2_PLACEMENT_3D('',#4167,#4168,#4169);
#4167 = CARTESIAN_POINT('',(57.74,21.5,38.));
#4168 = DIRECTION('',(0.,1.,0.));
#4169 = DIRECTION('',(0.,0.,1.));
#4170 = ADVANCED_FACE('',(#4171),#4177,.F.);
#4171 = FACE_BOUND('',#4172,.F.);
#4172 = EDGE_LOOP('',(#4173,#4174,#4175,#4176));
#4173 = ORIENTED_EDGE('',*,*,#4142,.F.);
#4174 = ORIENTED_EDGE('',*,*,#1295,.T.);
#4175 = ORIENTED_EDGE('',*,*,#4159,.T.);
#4176 = ORIENTED_EDGE('',*,*,#405,.F.);
#4177 = PLANE('',#4178);
#4178 = AXIS2_PLACEMENT_3D('',#4179,#4180,#4181);
#4179 = CARTESIAN_POINT('',(57.74,21.5,46.));
#4180 = DIRECTION('',(0.,0.,1.));
#4181 = DIRECTION('',(1.,0.,0.));
#4182 = ADVANCED_FACE('',(#4183),#4199,.T.);
#4183 = FACE_BOUND('',#4184,.T.);
#4184 = EDGE_LOOP('',(#4185,#4191,#4192,#4198));
#4185 = ORIENTED_EDGE('',*,*,#4186,.F.);
#4186 = EDGE_CURVE('',#424,#1314,#4187,.T.);
#4187 = LINE('',#4188,#4189);
#4188 = CARTESIAN_POINT('',(62.74,-38.,22.));
#4189 = VECTOR('',#4190,1.);
#4190 = DIRECTION('',(-1.,1.110223024625E-16,0.));
#4191 = ORIENTED_EDGE('',*,*,#421,.F.);
#4192 = ORIENTED_EDGE('',*,*,#4193,.T.);
#4193 = EDGE_CURVE('',#422,#1312,#4194,.T.);
#4194 = LINE('',#4195,#4196);
#4195 = CARTESIAN_POINT('',(62.74,-26.,22.));
#4196 = VECTOR('',#4197,1.);
#4197 = DIRECTION('',(-1.,1.110223024625E-16,0.));
#4198 = ORIENTED_EDGE('',*,*,#1311,.T.);
#4199 = PLANE('',#4200);
#4200 = AXIS2_PLACEMENT_3D('',#4201,#4202,#4203);
#4201 = CARTESIAN_POINT('',(62.74,-38.,22.));
#4202 = DIRECTION('',(0.,0.,1.));
#4203 = DIRECTION('',(1.110223024625E-16,1.,0.));
#4204 = ADVANCED_FACE('',(#4205),#4216,.F.);
#4205 = FACE_BOUND('',#4206,.F.);
#4206 = EDGE_LOOP('',(#4207,#4213,#4214,#4215));
#4207 = ORIENTED_EDGE('',*,*,#4208,.F.);
#4208 = EDGE_CURVE('',#440,#1330,#4209,.T.);
#4209 = LINE('',#4210,#4211);
#4210 = CARTESIAN_POINT('',(62.74,-26.,30.));
#4211 = VECTOR('',#4212,1.);
#4212 = DIRECTION('',(-1.,1.110223024625E-16,0.));
#4213 = ORIENTED_EDGE('',*,*,#447,.F.);
#4214 = ORIENTED_EDGE('',*,*,#4193,.T.);
#4215 = ORIENTED_EDGE('',*,*,#1337,.T.);
#4216 = PLANE('',#4217);
#4217 = AXIS2_PLACEMENT_3D('',#4218,#4219,#4220);
#4218 = CARTESIAN_POINT('',(62.74,-26.,22.));
#4219 = DIRECTION('',(1.110223024625E-16,1.,0.));
#4220 = DIRECTION('',(0.,0.,1.));
#4221 = ADVANCED_FACE('',(#4222),#4233,.F.);
#4222 = FACE_BOUND('',#4223,.F.);
#4223 = EDGE_LOOP('',(#4224,#4230,#4231,#4232));
#4224 = ORIENTED_EDGE('',*,*,#4225,.F.);
#4225 = EDGE_CURVE('',#432,#1322,#4226,.T.);
#4226 = LINE('',#4227,#4228);
#4227 = CARTESIAN_POINT('',(62.74,-38.,30.));
#4228 = VECTOR('',#4229,1.);
#4229 = DIRECTION('',(-1.,1.110223024625E-16,0.));
#4230 = ORIENTED_EDGE('',*,*,#439,.F.);
#4231 = ORIENTED_EDGE('',*,*,#4208,.T.);
#4232 = ORIENTED_EDGE('',*,*,#1329,.T.);
#4233 = PLANE('',#4234);
#4234 = AXIS2_PLACEMENT_3D('',#4235,#4236,#4237);
#4235 = CARTESIAN_POINT('',(62.74,-38.,30.));
#4236 = DIRECTION('',(0.,0.,1.));
#4237 = DIRECTION('',(1.110223024625E-16,1.,0.));
#4238 = ADVANCED_FACE('',(#4239),#4245,.T.);
#4239 = FACE_BOUND('',#4240,.T.);
#4240 = EDGE_LOOP('',(#4241,#4242,#4243,#4244));
#4241 = ORIENTED_EDGE('',*,*,#4225,.F.);
#4242 = ORIENTED_EDGE('',*,*,#431,.F.);
#4243 = ORIENTED_EDGE('',*,*,#4186,.T.);
#4244 = ORIENTED_EDGE('',*,*,#1321,.T.);
#4245 = PLANE('',#4246);
#4246 = AXIS2_PLACEMENT_3D('',#4247,#4248,#4249);
#4247 = CARTESIAN_POINT('',(62.74,-38.,22.));
#4248 = DIRECTION('',(1.110223024625E-16,1.,0.));
#4249 = DIRECTION('',(0.,0.,1.));
#4250 = ADVANCED_FACE('',(#4251),#4267,.T.);
#4251 = FACE_BOUND('',#4252,.T.);
#4252 = EDGE_LOOP('',(#4253,#4259,#4260,#4266));
#4253 = ORIENTED_EDGE('',*,*,#4254,.F.);
#4254 = EDGE_CURVE('',#1346,#456,#4255,.T.);
#4255 = LINE('',#4256,#4257);
#4256 = CARTESIAN_POINT('',(57.74,-21.5,38.));
#4257 = VECTOR('',#4258,1.);
#4258 = DIRECTION('',(1.,0.,0.));
#4259 = ORIENTED_EDGE('',*,*,#1345,.T.);
#4260 = ORIENTED_EDGE('',*,*,#4261,.T.);
#4261 = EDGE_CURVE('',#1348,#458,#4262,.T.);
#4262 = LINE('',#4263,#4264);
#4263 = CARTESIAN_POINT('',(57.74,-36.5,38.));
#4264 = VECTOR('',#4265,1.);
#4265 = DIRECTION('',(1.,0.,0.));
#4266 = ORIENTED_EDGE('',*,*,#455,.F.);
#4267 = PLANE('',#4268);
#4268 = AXIS2_PLACEMENT_3D('',#4269,#4270,#4271);
#4269 = CARTESIAN_POINT('',(57.74,-36.5,38.));
#4270 = DIRECTION('',(0.,0.,1.));
#4271 = DIRECTION('',(1.,0.,0.));
#4272 = ADVANCED_FACE('',(#4273),#4284,.F.);
#4273 = FACE_BOUND('',#4274,.F.);
#4274 = EDGE_LOOP('',(#4275,#4276,#4277,#4283));
#4275 = ORIENTED_EDGE('',*,*,#4254,.F.);
#4276 = ORIENTED_EDGE('',*,*,#1371,.T.);
#4277 = ORIENTED_EDGE('',*,*,#4278,.T.);
#4278 = EDGE_CURVE('',#1364,#474,#4279,.T.);
#4279 = LINE('',#4280,#4281);
#4280 = CARTESIAN_POINT('',(57.74,-21.5,46.));
#4281 = VECTOR('',#4282,1.);
#4282 = DIRECTION('',(1.,0.,0.));
#4283 = ORIENTED_EDGE('',*,*,#481,.F.);
#4284 = PLANE('',#4285);
#4285 = AXIS2_PLACEMENT_3D('',#4286,#4287,#4288);
#4286 = CARTESIAN_POINT('',(57.74,-21.5,38.));
#4287 = DIRECTION('',(0.,1.,0.));
#4288 = DIRECTION('',(0.,0.,1.));
#4289 = ADVANCED_FACE('',(#4290),#4301,.T.);
#4290 = FACE_BOUND('',#4291,.T.);
#4291 = EDGE_LOOP('',(#4292,#4293,#4294,#4300));
#4292 = ORIENTED_EDGE('',*,*,#4261,.F.);
#4293 = ORIENTED_EDGE('',*,*,#1355,.T.);
#4294 = ORIENTED_EDGE('',*,*,#4295,.T.);
#4295 = EDGE_CURVE('',#1356,#466,#4296,.T.);
#4296 = LINE('',#4297,#4298);
#4297 = CARTESIAN_POINT('',(57.74,-36.5,46.));
#4298 = VECTOR('',#4299,1.);
#4299 = DIRECTION('',(1.,0.,0.));
#4300 = ORIENTED_EDGE('',*,*,#465,.F.);
#4301 = PLANE('',#4302);
#4302 = AXIS2_PLACEMENT_3D('',#4303,#4304,#4305);
#4303 = CARTESIAN_POINT('',(57.74,-36.5,38.));
#4304 = DIRECTION('',(0.,1.,0.));
#4305 = DIRECTION('',(0.,0.,1.));
#4306 = ADVANCED_FACE('',(#4307),#4313,.F.);
#4307 = FACE_BOUND('',#4308,.F.);
#4308 = EDGE_LOOP('',(#4309,#4310,#4311,#4312));
#4309 = ORIENTED_EDGE('',*,*,#4278,.F.);
#4310 = ORIENTED_EDGE('',*,*,#1363,.T.);
#4311 = ORIENTED_EDGE('',*,*,#4295,.T.);
#4312 = ORIENTED_EDGE('',*,*,#473,.F.);
#4313 = PLANE('',#4314);
#4314 = AXIS2_PLACEMENT_3D('',#4315,#4316,#4317);
#4315 = CARTESIAN_POINT('',(57.74,-36.5,46.));
#4316 = DIRECTION('',(0.,0.,1.));
#4317 = DIRECTION('',(1.,0.,0.));
#4318 = ADVANCED_FACE('',(#4319,#4417,#4451,#4485,#4519,#4553,#4587,
    #4621,#4655),#4689,.T.);
#4319 = FACE_BOUND('',#4320,.T.);
#4320 = EDGE_LOOP('',(#4321,#4322,#4323,#4324,#4332,#4340,#4346,#4347,
    #4355,#4363,#4369,#4370,#4371,#4372,#4380,#4388,#4394,#4395,#4403,
    #4411));
#4321 = ORIENTED_EDGE('',*,*,#1514,.F.);
#4322 = ORIENTED_EDGE('',*,*,#1613,.F.);
#4323 = ORIENTED_EDGE('',*,*,#1120,.T.);
#4324 = ORIENTED_EDGE('',*,*,#4325,.T.);
#4325 = EDGE_CURVE('',#1113,#4326,#4328,.T.);
#4326 = VERTEX_POINT('',#4327);
#4327 = CARTESIAN_POINT('',(-50.028,-38.06,3.));
#4328 = LINE('',#4329,#4330);
#4329 = CARTESIAN_POINT('',(-50.028,-43.06,3.));
#4330 = VECTOR('',#4331,1.);
#4331 = DIRECTION('',(0.,1.,0.));
#4332 = ORIENTED_EDGE('',*,*,#4333,.T.);
#4333 = EDGE_CURVE('',#4326,#4334,#4336,.T.);
#4334 = VERTEX_POINT('',#4335);
#4335 = CARTESIAN_POINT('',(-42.028,-38.06,3.));
#4336 = LINE('',#4337,#4338);
#4337 = CARTESIAN_POINT('',(-50.028,-38.06,3.));
#4338 = VECTOR('',#4339,1.);
#4339 = DIRECTION('',(1.,0.,0.));
#4340 = ORIENTED_EDGE('',*,*,#4341,.F.);
#4341 = EDGE_CURVE('',#1089,#4334,#4342,.T.);
#4342 = LINE('',#4343,#4344);
#4343 = CARTESIAN_POINT('',(-42.028,-43.06,3.));
#4344 = VECTOR('',#4345,1.);
#4345 = DIRECTION('',(0.,1.,0.));
#4346 = ORIENTED_EDGE('',*,*,#1088,.T.);
#4347 = ORIENTED_EDGE('',*,*,#4348,.T.);
#4348 = EDGE_CURVE('',#1081,#4349,#4351,.T.);
#4349 = VERTEX_POINT('',#4350);
#4350 = CARTESIAN_POINT('',(41.972,-38.06,3.));
#4351 = LINE('',#4352,#4353);
#4352 = CARTESIAN_POINT('',(41.972,-43.06,3.));
#4353 = VECTOR('',#4354,1.);
#4354 = DIRECTION('',(0.,1.,0.));
#4355 = ORIENTED_EDGE('',*,*,#4356,.T.);
#4356 = EDGE_CURVE('',#4349,#4357,#4359,.T.);
#4357 = VERTEX_POINT('',#4358);
#4358 = CARTESIAN_POINT('',(49.972,-38.06,3.));
#4359 = LINE('',#4360,#4361);
#4360 = CARTESIAN_POINT('',(41.972,-38.06,3.));
#4361 = VECTOR('',#4362,1.);
#4362 = DIRECTION('',(1.,0.,0.));
#4363 = ORIENTED_EDGE('',*,*,#4364,.F.);
#4364 = EDGE_CURVE('',#1057,#4357,#4365,.T.);
#4365 = LINE('',#4366,#4367);
#4366 = CARTESIAN_POINT('',(49.972,-43.06,3.));
#4367 = VECTOR('',#4368,1.);
#4368 = DIRECTION('',(0.,1.,0.));
#4369 = ORIENTED_EDGE('',*,*,#1056,.T.);
#4370 = ORIENTED_EDGE('',*,*,#1219,.T.);
#4371 = ORIENTED_EDGE('',*,*,#1386,.F.);
#4372 = ORIENTED_EDGE('',*,*,#4373,.F.);
#4373 = EDGE_CURVE('',#4374,#1387,#4376,.T.);
#4374 = VERTEX_POINT('',#4375);
#4375 = CARTESIAN_POINT('',(49.972,38.06,3.));
#4376 = LINE('',#4377,#4378);
#4377 = CARTESIAN_POINT('',(49.972,38.06,3.));
#4378 = VECTOR('',#4379,1.);
#4379 = DIRECTION('',(0.,1.,0.));
#4380 = ORIENTED_EDGE('',*,*,#4381,.F.);
#4381 = EDGE_CURVE('',#4382,#4374,#4384,.T.);
#4382 = VERTEX_POINT('',#4383);
#4383 = CARTESIAN_POINT('',(41.972,38.06,3.));
#4384 = LINE('',#4385,#4386);
#4385 = CARTESIAN_POINT('',(41.972,38.06,3.));
#4386 = VECTOR('',#4387,1.);
#4387 = DIRECTION('',(1.,0.,0.));
#4388 = ORIENTED_EDGE('',*,*,#4389,.T.);
#4389 = EDGE_CURVE('',#4382,#1443,#4390,.T.);
#4390 = LINE('',#4391,#4392);
#4391 = CARTESIAN_POINT('',(41.972,38.06,3.));
#4392 = VECTOR('',#4393,1.);
#4393 = DIRECTION('',(0.,1.,0.));
#4394 = ORIENTED_EDGE('',*,*,#1450,.F.);
#4395 = ORIENTED_EDGE('',*,*,#4396,.F.);
#4396 = EDGE_CURVE('',#4397,#1451,#4399,.T.);
#4397 = VERTEX_POINT('',#4398);
#4398 = CARTESIAN_POINT('',(-42.028,38.06,3.));
#4399 = LINE('',#4400,#4401);
#4400 = CARTESIAN_POINT('',(-42.028,38.06,3.));
#4401 = VECTOR('',#4402,1.);
#4402 = DIRECTION('',(0.,1.,0.));
#4403 = ORIENTED_EDGE('',*,*,#4404,.F.);
#4404 = EDGE_CURVE('',#4405,#4397,#4407,.T.);
#4405 = VERTEX_POINT('',#4406);
#4406 = CARTESIAN_POINT('',(-50.028,38.06,3.));
#4407 = LINE('',#4408,#4409);
#4408 = CARTESIAN_POINT('',(-50.028,38.06,3.));
#4409 = VECTOR('',#4410,1.);
#4410 = DIRECTION('',(1.,0.,0.));
#4411 = ORIENTED_EDGE('',*,*,#4412,.T.);
#4412 = EDGE_CURVE('',#4405,#1507,#4413,.T.);
#4413 = LINE('',#4414,#4415);
#4414 = CARTESIAN_POINT('',(-50.028,38.06,3.));
#4415 = VECTOR('',#4416,1.);
#4416 = DIRECTION('',(0.,1.,0.));
#4417 = FACE_BOUND('',#4418,.T.);
#4418 = EDGE_LOOP('',(#4419,#4429,#4437,#4445));
#4419 = ORIENTED_EDGE('',*,*,#4420,.F.);
#4420 = EDGE_CURVE('',#4421,#4423,#4425,.T.);
#4421 = VERTEX_POINT('',#4422);
#4422 = CARTESIAN_POINT('',(-50.24,-34.56,3.));
#4423 = VERTEX_POINT('',#4424);
#4424 = CARTESIAN_POINT('',(-45.24,-34.56,3.));
#4425 = LINE('',#4426,#4427);
#4426 = CARTESIAN_POINT('',(-50.24,-34.56,3.));
#4427 = VECTOR('',#4428,1.);
#4428 = DIRECTION('',(1.,0.,0.));
#4429 = ORIENTED_EDGE('',*,*,#4430,.T.);
#4430 = EDGE_CURVE('',#4421,#4431,#4433,.T.);
#4431 = VERTEX_POINT('',#4432);
#4432 = CARTESIAN_POINT('',(-50.24,-29.56,3.));
#4433 = LINE('',#4434,#4435);
#4434 = CARTESIAN_POINT('',(-50.24,-34.56,3.));
#4435 = VECTOR('',#4436,1.);
#4436 = DIRECTION('',(0.,1.,0.));
#4437 = ORIENTED_EDGE('',*,*,#4438,.T.);
#4438 = EDGE_CURVE('',#4431,#4439,#4441,.T.);
#4439 = VERTEX_POINT('',#4440);
#4440 = CARTESIAN_POINT('',(-45.24,-29.56,3.));
#4441 = LINE('',#4442,#4443);
#4442 = CARTESIAN_POINT('',(-50.24,-29.56,3.));
#4443 = VECTOR('',#4444,1.);
#4444 = DIRECTION('',(1.,0.,0.));
#4445 = ORIENTED_EDGE('',*,*,#4446,.F.);
#4446 = EDGE_CURVE('',#4423,#4439,#4447,.T.);
#4447 = LINE('',#4448,#4449);
#4448 = CARTESIAN_POINT('',(-45.24,-34.56,3.));
#4449 = VECTOR('',#4450,1.);
#4450 = DIRECTION('',(0.,1.,0.));
#4451 = FACE_BOUND('',#4452,.T.);
#4452 = EDGE_LOOP('',(#4453,#4463,#4471,#4479));
#4453 = ORIENTED_EDGE('',*,*,#4454,.F.);
#4454 = EDGE_CURVE('',#4455,#4457,#4459,.T.);
#4455 = VERTEX_POINT('',#4456);
#4456 = CARTESIAN_POINT('',(-2.74,-34.94,3.));
#4457 = VERTEX_POINT('',#4458);
#4458 = CARTESIAN_POINT('',(2.26,-34.94,3.));
#4459 = LINE('',#4460,#4461);
#4460 = CARTESIAN_POINT('',(-2.74,-34.94,3.));
#4461 = VECTOR('',#4462,1.);
#4462 = DIRECTION('',(1.,0.,0.));
#4463 = ORIENTED_EDGE('',*,*,#4464,.T.);
#4464 = EDGE_CURVE('',#4455,#4465,#4467,.T.);
#4465 = VERTEX_POINT('',#4466);
#4466 = CARTESIAN_POINT('',(-2.74,-29.94,3.));
#4467 = LINE('',#4468,#4469);
#4468 = CARTESIAN_POINT('',(-2.74,-34.94,3.));
#4469 = VECTOR('',#4470,1.);
#4470 = DIRECTION('',(0.,1.,0.));
#4471 = ORIENTED_EDGE('',*,*,#4472,.T.);
#4472 = EDGE_CURVE('',#4465,#4473,#4475,.T.);
#4473 = VERTEX_POINT('',#4474);
#4474 = CARTESIAN_POINT('',(2.26,-29.94,3.));
#4475 = LINE('',#4476,#4477);
#4476 = CARTESIAN_POINT('',(-2.74,-29.94,3.));
#4477 = VECTOR('',#4478,1.);
#4478 = DIRECTION('',(1.,0.,0.));
#4479 = ORIENTED_EDGE('',*,*,#4480,.F.);
#4480 = EDGE_CURVE('',#4457,#4473,#4481,.T.);
#4481 = LINE('',#4482,#4483);
#4482 = CARTESIAN_POINT('',(2.26,-34.94,3.));
#4483 = VECTOR('',#4484,1.);
#4484 = DIRECTION('',(0.,1.,0.));
#4485 = FACE_BOUND('',#4486,.T.);
#4486 = EDGE_LOOP('',(#4487,#4497,#4505,#4513));
#4487 = ORIENTED_EDGE('',*,*,#4488,.F.);
#4488 = EDGE_CURVE('',#4489,#4491,#4493,.T.);
#4489 = VERTEX_POINT('',#4490);
#4490 = CARTESIAN_POINT('',(45.24,-34.56,3.));
#4491 = VERTEX_POINT('',#4492);
#4492 = CARTESIAN_POINT('',(50.24,-34.56,3.));
#4493 = LINE('',#4494,#4495);
#4494 = CARTESIAN_POINT('',(45.24,-34.56,3.));
#4495 = VECTOR('',#4496,1.);
#4496 = DIRECTION('',(1.,0.,0.));
#4497 = ORIENTED_EDGE('',*,*,#4498,.T.);
#4498 = EDGE_CURVE('',#4489,#4499,#4501,.T.);
#4499 = VERTEX_POINT('',#4500);
#4500 = CARTESIAN_POINT('',(45.24,-29.56,3.));
#4501 = LINE('',#4502,#4503);
#4502 = CARTESIAN_POINT('',(45.24,-34.56,3.));
#4503 = VECTOR('',#4504,1.);
#4504 = DIRECTION('',(0.,1.,0.));
#4505 = ORIENTED_EDGE('',*,*,#4506,.T.);
#4506 = EDGE_CURVE('',#4499,#4507,#4509,.T.);
#4507 = VERTEX_POINT('',#4508);
#4508 = CARTESIAN_POINT('',(50.24,-29.56,3.));
#4509 = LINE('',#4510,#4511);
#4510 = CARTESIAN_POINT('',(45.24,-29.56,3.));
#4511 = VECTOR('',#4512,1.);
#4512 = DIRECTION('',(1.,0.,0.));
#4513 = ORIENTED_EDGE('',*,*,#4514,.F.);
#4514 = EDGE_CURVE('',#4491,#4507,#4515,.T.);
#4515 = LINE('',#4516,#4517);
#4516 = CARTESIAN_POINT('',(50.24,-34.56,3.));
#4517 = VECTOR('',#4518,1.);
#4518 = DIRECTION('',(0.,1.,0.));
#4519 = FACE_BOUND('',#4520,.T.);
#4520 = EDGE_LOOP('',(#4521,#4531,#4539,#4547));
#4521 = ORIENTED_EDGE('',*,*,#4522,.F.);
#4522 = EDGE_CURVE('',#4523,#4525,#4527,.T.);
#4523 = VERTEX_POINT('',#4524);
#4524 = CARTESIAN_POINT('',(40.76,-15.94,3.));
#4525 = VERTEX_POINT('',#4526);
#4526 = CARTESIAN_POINT('',(45.76,-15.94,3.));
#4527 = LINE('',#4528,#4529);
#4528 = CARTESIAN_POINT('',(40.76,-15.94,3.));
#4529 = VECTOR('',#4530,1.);
#4530 = DIRECTION('',(1.,0.,0.));
#4531 = ORIENTED_EDGE('',*,*,#4532,.T.);
#4532 = EDGE_CURVE('',#4523,#4533,#4535,.T.);
#4533 = VERTEX_POINT('',#4534);
#4534 = CARTESIAN_POINT('',(40.76,-10.94,3.));
#4535 = LINE('',#4536,#4537);
#4536 = CARTESIAN_POINT('',(40.76,-15.94,3.));
#4537 = VECTOR('',#4538,1.);
#4538 = DIRECTION('',(0.,1.,0.));
#4539 = ORIENTED_EDGE('',*,*,#4540,.T.);
#4540 = EDGE_CURVE('',#4533,#4541,#4543,.T.);
#4541 = VERTEX_POINT('',#4542);
#4542 = CARTESIAN_POINT('',(45.76,-10.94,3.));
#4543 = LINE('',#4544,#4545);
#4544 = CARTESIAN_POINT('',(40.76,-10.94,3.));
#4545 = VECTOR('',#4546,1.);
#4546 = DIRECTION('',(1.,0.,0.));
#4547 = ORIENTED_EDGE('',*,*,#4548,.F.);
#4548 = EDGE_CURVE('',#4525,#4541,#4549,.T.);
#4549 = LINE('',#4550,#4551);
#4550 = CARTESIAN_POINT('',(45.76,-15.94,3.));
#4551 = VECTOR('',#4552,1.);
#4552 = DIRECTION('',(0.,1.,0.));
#4553 = FACE_BOUND('',#4554,.T.);
#4554 = EDGE_LOOP('',(#4555,#4565,#4573,#4581));
#4555 = ORIENTED_EDGE('',*,*,#4556,.F.);
#4556 = EDGE_CURVE('',#4557,#4559,#4561,.T.);
#4557 = VERTEX_POINT('',#4558);
#4558 = CARTESIAN_POINT('',(-13.528,4.808,3.));
#4559 = VERTEX_POINT('',#4560);
#4560 = CARTESIAN_POINT('',(-8.528,4.808,3.));
#4561 = LINE('',#4562,#4563);
#4562 = CARTESIAN_POINT('',(-13.528,4.808,3.));
#4563 = VECTOR('',#4564,1.);
#4564 = DIRECTION('',(1.,0.,0.));
#4565 = ORIENTED_EDGE('',*,*,#4566,.T.);
#4566 = EDGE_CURVE('',#4557,#4567,#4569,.T.);
#4567 = VERTEX_POINT('',#4568);
#4568 = CARTESIAN_POINT('',(-13.528,9.808,3.));
#4569 = LINE('',#4570,#4571);
#4570 = CARTESIAN_POINT('',(-13.528,4.808,3.));
#4571 = VECTOR('',#4572,1.);
#4572 = DIRECTION('',(0.,1.,0.));
#4573 = ORIENTED_EDGE('',*,*,#4574,.T.);
#4574 = EDGE_CURVE('',#4567,#4575,#4577,.T.);
#4575 = VERTEX_POINT('',#4576);
#4576 = CARTESIAN_POINT('',(-8.528,9.808,3.));
#4577 = LINE('',#4578,#4579);
#4578 = CARTESIAN_POINT('',(-13.528,9.808,3.));
#4579 = VECTOR('',#4580,1.);
#4580 = DIRECTION('',(1.,0.,0.));
#4581 = ORIENTED_EDGE('',*,*,#4582,.F.);
#4582 = EDGE_CURVE('',#4559,#4575,#4583,.T.);
#4583 = LINE('',#4584,#4585);
#4584 = CARTESIAN_POINT('',(-8.528,4.808,3.));
#4585 = VECTOR('',#4586,1.);
#4586 = DIRECTION('',(0.,1.,0.));
#4587 = FACE_BOUND('',#4588,.T.);
#4588 = EDGE_LOOP('',(#4589,#4599,#4607,#4615));
#4589 = ORIENTED_EDGE('',*,*,#4590,.F.);
#4590 = EDGE_CURVE('',#4591,#4593,#4595,.T.);
#4591 = VERTEX_POINT('',#4592);
#4592 = CARTESIAN_POINT('',(-50.24,29.56,3.));
#4593 = VERTEX_POINT('',#4594);
#4594 = CARTESIAN_POINT('',(-45.24,29.56,3.));
#4595 = LINE('',#4596,#4597);
#4596 = CARTESIAN_POINT('',(-50.24,29.56,3.));
#4597 = VECTOR('',#4598,1.);
#4598 = DIRECTION('',(1.,0.,0.));
#4599 = ORIENTED_EDGE('',*,*,#4600,.T.);
#4600 = EDGE_CURVE('',#4591,#4601,#4603,.T.);
#4601 = VERTEX_POINT('',#4602);
#4602 = CARTESIAN_POINT('',(-50.24,34.56,3.));
#4603 = LINE('',#4604,#4605);
#4604 = CARTESIAN_POINT('',(-50.24,29.56,3.));
#4605 = VECTOR('',#4606,1.);
#4606 = DIRECTION('',(0.,1.,0.));
#4607 = ORIENTED_EDGE('',*,*,#4608,.T.);
#4608 = EDGE_CURVE('',#4601,#4609,#4611,.T.);
#4609 = VERTEX_POINT('',#4610);
#4610 = CARTESIAN_POINT('',(-45.24,34.56,3.));
#4611 = LINE('',#4612,#4613);
#4612 = CARTESIAN_POINT('',(-50.24,34.56,3.));
#4613 = VECTOR('',#4614,1.);
#4614 = DIRECTION('',(1.,0.,0.));
#4615 = ORIENTED_EDGE('',*,*,#4616,.F.);
#4616 = EDGE_CURVE('',#4593,#4609,#4617,.T.);
#4617 = LINE('',#4618,#4619);
#4618 = CARTESIAN_POINT('',(-45.24,29.56,3.));
#4619 = VECTOR('',#4620,1.);
#4620 = DIRECTION('',(0.,1.,0.));
#4621 = FACE_BOUND('',#4622,.T.);
#4622 = EDGE_LOOP('',(#4623,#4633,#4641,#4649));
#4623 = ORIENTED_EDGE('',*,*,#4624,.F.);
#4624 = EDGE_CURVE('',#4625,#4627,#4629,.T.);
#4625 = VERTEX_POINT('',#4626);
#4626 = CARTESIAN_POINT('',(15.472,4.808,3.));
#4627 = VERTEX_POINT('',#4628);
#4628 = CARTESIAN_POINT('',(20.472,4.808,3.));
#4629 = LINE('',#4630,#4631);
#4630 = CARTESIAN_POINT('',(15.472,4.808,3.));
#4631 = VECTOR('',#4632,1.);
#4632 = DIRECTION('',(1.,0.,0.));
#4633 = ORIENTED_EDGE('',*,*,#4634,.T.);
#4634 = EDGE_CURVE('',#4625,#4635,#4637,.T.);
#4635 = VERTEX_POINT('',#4636);
#4636 = CARTESIAN_POINT('',(15.472,9.808,3.));
#4637 = LINE('',#4638,#4639);
#4638 = CARTESIAN_POINT('',(15.472,4.808,3.));
#4639 = VECTOR('',#4640,1.);
#4640 = DIRECTION('',(0.,1.,0.));
#4641 = ORIENTED_EDGE('',*,*,#4642,.T.);
#4642 = EDGE_CURVE('',#4635,#4643,#4645,.T.);
#4643 = VERTEX_POINT('',#4644);
#4644 = CARTESIAN_POINT('',(20.472,9.808,3.));
#4645 = LINE('',#4646,#4647);
#4646 = CARTESIAN_POINT('',(15.472,9.808,3.));
#4647 = VECTOR('',#4648,1.);
#4648 = DIRECTION('',(1.,0.,0.));
#4649 = ORIENTED_EDGE('',*,*,#4650,.F.);
#4650 = EDGE_CURVE('',#4627,#4643,#4651,.T.);
#4651 = LINE('',#4652,#4653);
#4652 = CARTESIAN_POINT('',(20.472,4.808,3.));
#4653 = VECTOR('',#4654,1.);
#4654 = DIRECTION('',(0.,1.,0.));
#4655 = FACE_BOUND('',#4656,.T.);
#4656 = EDGE_LOOP('',(#4657,#4667,#4675,#4683));
#4657 = ORIENTED_EDGE('',*,*,#4658,.F.);
#4658 = EDGE_CURVE('',#4659,#4661,#4663,.T.);
#4659 = VERTEX_POINT('',#4660);
#4660 = CARTESIAN_POINT('',(45.24,29.56,3.));
#4661 = VERTEX_POINT('',#4662);
#4662 = CARTESIAN_POINT('',(50.24,29.56,3.));
#4663 = LINE('',#4664,#4665);
#4664 = CARTESIAN_POINT('',(45.24,29.56,3.));
#4665 = VECTOR('',#4666,1.);
#4666 = DIRECTION('',(1.,0.,0.));
#4667 = ORIENTED_EDGE('',*,*,#4668,.T.);
#4668 = EDGE_CURVE('',#4659,#4669,#4671,.T.);
#4669 = VERTEX_POINT('',#4670);
#4670 = CARTESIAN_POINT('',(45.24,34.56,3.));
#4671 = LINE('',#4672,#4673);
#4672 = CARTESIAN_POINT('',(45.24,29.56,3.));
#4673 = VECTOR('',#4674,1.);
#4674 = DIRECTION('',(0.,1.,0.));
#4675 = ORIENTED_EDGE('',*,*,#4676,.T.);
#4676 = EDGE_CURVE('',#4669,#4677,#4679,.T.);
#4677 = VERTEX_POINT('',#4678);
#4678 = CARTESIAN_POINT('',(50.24,34.56,3.));
#4679 = LINE('',#4680,#4681);
#4680 = CARTESIAN_POINT('',(45.24,34.56,3.));
#4681 = VECTOR('',#4682,1.);
#4682 = DIRECTION('',(1.,0.,0.));
#4683 = ORIENTED_EDGE('',*,*,#4684,.F.);
#4684 = EDGE_CURVE('',#4661,#4677,#4685,.T.);
#4685 = LINE('',#4686,#4687);
#4686 = CARTESIAN_POINT('',(50.24,29.56,3.));
#4687 = VECTOR('',#4688,1.);
#4688 = DIRECTION('',(0.,1.,0.));
#4689 = PLANE('',#4690);
#4690 = AXIS2_PLACEMENT_3D('',#4691,#4692,#4693);
#4691 = CARTESIAN_POINT('',(-58.74,-43.06,3.));
#4692 = DIRECTION('',(0.,0.,1.));
#4693 = DIRECTION('',(1.,0.,0.));
#4694 = ADVANCED_FACE('',(#4695),#4713,.T.);
#4695 = FACE_BOUND('',#4696,.T.);
#4696 = EDGE_LOOP('',(#4697,#4698,#4699,#4707));
#4697 = ORIENTED_EDGE('',*,*,#1064,.F.);
#4698 = ORIENTED_EDGE('',*,*,#4364,.T.);
#4699 = ORIENTED_EDGE('',*,*,#4700,.T.);
#4700 = EDGE_CURVE('',#4357,#4701,#4703,.T.);
#4701 = VERTEX_POINT('',#4702);
#4702 = CARTESIAN_POINT('',(49.972,-38.06,30.1));
#4703 = LINE('',#4704,#4705);
#4704 = CARTESIAN_POINT('',(49.972,-38.06,3.));
#4705 = VECTOR('',#4706,1.);
#4706 = DIRECTION('',(0.,0.,1.));
#4707 = ORIENTED_EDGE('',*,*,#4708,.F.);
#4708 = EDGE_CURVE('',#1065,#4701,#4709,.T.);
#4709 = LINE('',#4710,#4711);
#4710 = CARTESIAN_POINT('',(49.972,-43.06,30.1));
#4711 = VECTOR('',#4712,1.);
#4712 = DIRECTION('',(0.,1.,0.));
#4713 = PLANE('',#4714);
#4714 = AXIS2_PLACEMENT_3D('',#4715,#4716,#4717);
#4715 = CARTESIAN_POINT('',(49.972,-43.06,3.));
#4716 = DIRECTION('',(1.,0.,0.));
#4717 = DIRECTION('',(0.,0.,1.));
#4718 = ADVANCED_FACE('',(#4719),#4737,.T.);
#4719 = FACE_BOUND('',#4720,.T.);
#4720 = EDGE_LOOP('',(#4721,#4729,#4730,#4731));
#4721 = ORIENTED_EDGE('',*,*,#4722,.F.);
#4722 = EDGE_CURVE('',#1073,#4723,#4725,.T.);
#4723 = VERTEX_POINT('',#4724);
#4724 = CARTESIAN_POINT('',(41.972,-38.06,30.1));
#4725 = LINE('',#4726,#4727);
#4726 = CARTESIAN_POINT('',(41.972,-43.06,30.1));
#4727 = VECTOR('',#4728,1.);
#4728 = DIRECTION('',(0.,1.,0.));
#4729 = ORIENTED_EDGE('',*,*,#1072,.T.);
#4730 = ORIENTED_EDGE('',*,*,#4708,.T.);
#4731 = ORIENTED_EDGE('',*,*,#4732,.F.);
#4732 = EDGE_CURVE('',#4723,#4701,#4733,.T.);
#4733 = LINE('',#4734,#4735);
#4734 = CARTESIAN_POINT('',(41.972,-38.06,30.1));
#4735 = VECTOR('',#4736,1.);
#4736 = DIRECTION('',(1.,0.,0.));
#4737 = PLANE('',#4738);
#4738 = AXIS2_PLACEMENT_3D('',#4739,#4740,#4741);
#4739 = CARTESIAN_POINT('',(41.972,-43.06,30.1));
#4740 = DIRECTION('',(0.,0.,1.));
#4741 = DIRECTION('',(1.,0.,0.));
#4742 = ADVANCED_FACE('',(#4743),#4754,.F.);
#4743 = FACE_BOUND('',#4744,.F.);
#4744 = EDGE_LOOP('',(#4745,#4746,#4747,#4753));
#4745 = ORIENTED_EDGE('',*,*,#1080,.F.);
#4746 = ORIENTED_EDGE('',*,*,#4348,.T.);
#4747 = ORIENTED_EDGE('',*,*,#4748,.T.);
#4748 = EDGE_CURVE('',#4349,#4723,#4749,.T.);
#4749 = LINE('',#4750,#4751);
#4750 = CARTESIAN_POINT('',(41.972,-38.06,3.));
#4751 = VECTOR('',#4752,1.);
#4752 = DIRECTION('',(0.,0.,1.));
#4753 = ORIENTED_EDGE('',*,*,#4722,.F.);
#4754 = PLANE('',#4755);
#4755 = AXIS2_PLACEMENT_3D('',#4756,#4757,#4758);
#4756 = CARTESIAN_POINT('',(41.972,-43.06,3.));
#4757 = DIRECTION('',(1.,0.,0.));
#4758 = DIRECTION('',(0.,0.,1.));
#4759 = ADVANCED_FACE('',(#4760),#4778,.F.);
#4760 = FACE_BOUND('',#4761,.F.);
#4761 = EDGE_LOOP('',(#4762,#4763,#4764,#4772));
#4762 = ORIENTED_EDGE('',*,*,#1112,.F.);
#4763 = ORIENTED_EDGE('',*,*,#4325,.T.);
#4764 = ORIENTED_EDGE('',*,*,#4765,.T.);
#4765 = EDGE_CURVE('',#4326,#4766,#4768,.T.);
#4766 = VERTEX_POINT('',#4767);
#4767 = CARTESIAN_POINT('',(-50.028,-38.06,30.1));
#4768 = LINE('',#4769,#4770);
#4769 = CARTESIAN_POINT('',(-50.028,-38.06,3.));
#4770 = VECTOR('',#4771,1.);
#4771 = DIRECTION('',(0.,0.,1.));
#4772 = ORIENTED_EDGE('',*,*,#4773,.F.);
#4773 = EDGE_CURVE('',#1105,#4766,#4774,.T.);
#4774 = LINE('',#4775,#4776);
#4775 = CARTESIAN_POINT('',(-50.028,-43.06,30.1));
#4776 = VECTOR('',#4777,1.);
#4777 = DIRECTION('',(0.,1.,0.));
#4778 = PLANE('',#4779);
#4779 = AXIS2_PLACEMENT_3D('',#4780,#4781,#4782);
#4780 = CARTESIAN_POINT('',(-50.028,-43.06,3.));
#4781 = DIRECTION('',(1.,0.,0.));
#4782 = DIRECTION('',(0.,0.,1.));
#4783 = ADVANCED_FACE('',(#4784),#4802,.T.);
#4784 = FACE_BOUND('',#4785,.T.);
#4785 = EDGE_LOOP('',(#4786,#4787,#4788,#4796));
#4786 = ORIENTED_EDGE('',*,*,#4773,.F.);
#4787 = ORIENTED_EDGE('',*,*,#1104,.T.);
#4788 = ORIENTED_EDGE('',*,*,#4789,.T.);
#4789 = EDGE_CURVE('',#1097,#4790,#4792,.T.);
#4790 = VERTEX_POINT('',#4791);
#4791 = CARTESIAN_POINT('',(-42.028,-38.06,30.1));
#4792 = LINE('',#4793,#4794);
#4793 = CARTESIAN_POINT('',(-42.028,-43.06,30.1));
#4794 = VECTOR('',#4795,1.);
#4795 = DIRECTION('',(0.,1.,0.));
#4796 = ORIENTED_EDGE('',*,*,#4797,.F.);
#4797 = EDGE_CURVE('',#4766,#4790,#4798,.T.);
#4798 = LINE('',#4799,#4800);
#4799 = CARTESIAN_POINT('',(-50.028,-38.06,30.1));
#4800 = VECTOR('',#4801,1.);
#4801 = DIRECTION('',(1.,0.,0.));
#4802 = PLANE('',#4803);
#4803 = AXIS2_PLACEMENT_3D('',#4804,#4805,#4806);
#4804 = CARTESIAN_POINT('',(-50.028,-43.06,30.1));
#4805 = DIRECTION('',(0.,0.,1.));
#4806 = DIRECTION('',(1.,0.,0.));
#4807 = ADVANCED_FACE('',(#4808),#4819,.T.);
#4808 = FACE_BOUND('',#4809,.T.);
#4809 = EDGE_LOOP('',(#4810,#4811,#4812,#4818));
#4810 = ORIENTED_EDGE('',*,*,#1096,.F.);
#4811 = ORIENTED_EDGE('',*,*,#4341,.T.);
#4812 = ORIENTED_EDGE('',*,*,#4813,.T.);
#4813 = EDGE_CURVE('',#4334,#4790,#4814,.T.);
#4814 = LINE('',#4815,#4816);
#4815 = CARTESIAN_POINT('',(-42.028,-38.06,3.));
#4816 = VECTOR('',#4817,1.);
#4817 = DIRECTION('',(0.,0.,1.));
#4818 = ORIENTED_EDGE('',*,*,#4789,.F.);
#4819 = PLANE('',#4820);
#4820 = AXIS2_PLACEMENT_3D('',#4821,#4822,#4823);
#4821 = CARTESIAN_POINT('',(-42.028,-43.06,3.));
#4822 = DIRECTION('',(1.,0.,0.));
#4823 = DIRECTION('',(0.,0.,1.));
#4824 = ADVANCED_FACE('',(#4825),#4852,.F.);
#4825 = FACE_BOUND('',#4826,.F.);
#4826 = EDGE_LOOP('',(#4827,#4835,#4836,#4837,#4838,#4846));
#4827 = ORIENTED_EDGE('',*,*,#4828,.F.);
#4828 = EDGE_CURVE('',#4405,#4829,#4831,.T.);
#4829 = VERTEX_POINT('',#4830);
#4830 = CARTESIAN_POINT('',(-50.028,38.06,30.1));
#4831 = LINE('',#4832,#4833);
#4832 = CARTESIAN_POINT('',(-50.028,38.06,3.));
#4833 = VECTOR('',#4834,1.);
#4834 = DIRECTION('',(0.,0.,1.));
#4835 = ORIENTED_EDGE('',*,*,#4412,.T.);
#4836 = ORIENTED_EDGE('',*,*,#1506,.T.);
#4837 = ORIENTED_EDGE('',*,*,#1693,.T.);
#4838 = ORIENTED_EDGE('',*,*,#4839,.F.);
#4839 = EDGE_CURVE('',#4840,#1694,#4842,.T.);
#4840 = VERTEX_POINT('',#4841);
#4841 = CARTESIAN_POINT('',(-50.028,42.06,30.1));
#4842 = LINE('',#4843,#4844);
#4843 = CARTESIAN_POINT('',(-50.028,42.06,16.));
#4844 = VECTOR('',#4845,1.);
#4845 = DIRECTION('',(0.,0.,-1.));
#4846 = ORIENTED_EDGE('',*,*,#4847,.F.);
#4847 = EDGE_CURVE('',#4829,#4840,#4848,.T.);
#4848 = LINE('',#4849,#4850);
#4849 = CARTESIAN_POINT('',(-50.028,38.06,30.1));
#4850 = VECTOR('',#4851,1.);
#4851 = DIRECTION('',(0.,1.,0.));
#4852 = PLANE('',#4853);
#4853 = AXIS2_PLACEMENT_3D('',#4854,#4855,#4856);
#4854 = CARTESIAN_POINT('',(-50.028,38.06,3.));
#4855 = DIRECTION('',(1.,0.,0.));
#4856 = DIRECTION('',(0.,0.,1.));
#4857 = ADVANCED_FACE('',(#4858),#4883,.T.);
#4858 = FACE_BOUND('',#4859,.T.);
#4859 = EDGE_LOOP('',(#4860,#4861,#4869,#4875,#4876,#4877));
#4860 = ORIENTED_EDGE('',*,*,#4847,.F.);
#4861 = ORIENTED_EDGE('',*,*,#4862,.T.);
#4862 = EDGE_CURVE('',#4829,#4863,#4865,.T.);
#4863 = VERTEX_POINT('',#4864);
#4864 = CARTESIAN_POINT('',(-42.028,38.06,30.1));
#4865 = LINE('',#4866,#4867);
#4866 = CARTESIAN_POINT('',(-50.028,38.06,30.1));
#4867 = VECTOR('',#4868,1.);
#4868 = DIRECTION('',(1.,0.,0.));
#4869 = ORIENTED_EDGE('',*,*,#4870,.T.);
#4870 = EDGE_CURVE('',#4863,#1459,#4871,.T.);
#4871 = LINE('',#4872,#4873);
#4872 = CARTESIAN_POINT('',(-42.028,38.06,30.1));
#4873 = VECTOR('',#4874,1.);
#4874 = DIRECTION('',(0.,1.,0.));
#4875 = ORIENTED_EDGE('',*,*,#1466,.F.);
#4876 = ORIENTED_EDGE('',*,*,#2285,.T.);
#4877 = ORIENTED_EDGE('',*,*,#4878,.F.);
#4878 = EDGE_CURVE('',#4840,#2278,#4879,.T.);
#4879 = LINE('',#4880,#4881);
#4880 = CARTESIAN_POINT('',(-48.014,42.06,30.1));
#4881 = VECTOR('',#4882,1.);
#4882 = DIRECTION('',(1.,-1.224646799147E-16,0.));
#4883 = PLANE('',#4884);
#4884 = AXIS2_PLACEMENT_3D('',#4885,#4886,#4887);
#4885 = CARTESIAN_POINT('',(-50.028,38.06,30.1));
#4886 = DIRECTION('',(0.,0.,1.));
#4887 = DIRECTION('',(1.,0.,0.));
#4888 = ADVANCED_FACE('',(#4889),#4900,.T.);
#4889 = FACE_BOUND('',#4890,.T.);
#4890 = EDGE_LOOP('',(#4891,#4897,#4898,#4899));
#4891 = ORIENTED_EDGE('',*,*,#4892,.F.);
#4892 = EDGE_CURVE('',#4397,#4863,#4893,.T.);
#4893 = LINE('',#4894,#4895);
#4894 = CARTESIAN_POINT('',(-42.028,38.06,3.));
#4895 = VECTOR('',#4896,1.);
#4896 = DIRECTION('',(0.,0.,1.));
#4897 = ORIENTED_EDGE('',*,*,#4396,.T.);
#4898 = ORIENTED_EDGE('',*,*,#1458,.T.);
#4899 = ORIENTED_EDGE('',*,*,#4870,.F.);
#4900 = PLANE('',#4901);
#4901 = AXIS2_PLACEMENT_3D('',#4902,#4903,#4904);
#4902 = CARTESIAN_POINT('',(-42.028,38.06,3.));
#4903 = DIRECTION('',(1.,0.,0.));
#4904 = DIRECTION('',(0.,0.,1.));
#4905 = ADVANCED_FACE('',(#4906),#4933,.F.);
#4906 = FACE_BOUND('',#4907,.F.);
#4907 = EDGE_LOOP('',(#4908,#4916,#4917,#4918,#4919,#4927));
#4908 = ORIENTED_EDGE('',*,*,#4909,.F.);
#4909 = EDGE_CURVE('',#4382,#4910,#4912,.T.);
#4910 = VERTEX_POINT('',#4911);
#4911 = CARTESIAN_POINT('',(41.972,38.06,30.1));
#4912 = LINE('',#4913,#4914);
#4913 = CARTESIAN_POINT('',(41.972,38.06,3.));
#4914 = VECTOR('',#4915,1.);
#4915 = DIRECTION('',(0.,0.,1.));
#4916 = ORIENTED_EDGE('',*,*,#4389,.T.);
#4917 = ORIENTED_EDGE('',*,*,#1442,.T.);
#4918 = ORIENTED_EDGE('',*,*,#2872,.T.);
#4919 = ORIENTED_EDGE('',*,*,#4920,.F.);
#4920 = EDGE_CURVE('',#4921,#2873,#4923,.T.);
#4921 = VERTEX_POINT('',#4922);
#4922 = CARTESIAN_POINT('',(41.972,42.06,30.1));
#4923 = LINE('',#4924,#4925);
#4924 = CARTESIAN_POINT('',(41.972,42.06,15.5));
#4925 = VECTOR('',#4926,1.);
#4926 = DIRECTION('',(0.,0.,-1.));
#4927 = ORIENTED_EDGE('',*,*,#4928,.F.);
#4928 = EDGE_CURVE('',#4910,#4921,#4929,.T.);
#4929 = LINE('',#4930,#4931);
#4930 = CARTESIAN_POINT('',(41.972,38.06,30.1));
#4931 = VECTOR('',#4932,1.);
#4932 = DIRECTION('',(0.,1.,0.));
#4933 = PLANE('',#4934);
#4934 = AXIS2_PLACEMENT_3D('',#4935,#4936,#4937);
#4935 = CARTESIAN_POINT('',(41.972,38.06,3.));
#4936 = DIRECTION('',(1.,0.,0.));
#4937 = DIRECTION('',(0.,0.,1.));
#4938 = ADVANCED_FACE('',(#4939),#4966,.T.);
#4939 = FACE_BOUND('',#4940,.T.);
#4940 = EDGE_LOOP('',(#4941,#4949,#4950,#4951,#4952,#4960));
#4941 = ORIENTED_EDGE('',*,*,#4942,.F.);
#4942 = EDGE_CURVE('',#4374,#4943,#4945,.T.);
#4943 = VERTEX_POINT('',#4944);
#4944 = CARTESIAN_POINT('',(49.972,38.06,30.1));
#4945 = LINE('',#4946,#4947);
#4946 = CARTESIAN_POINT('',(49.972,38.06,3.));
#4947 = VECTOR('',#4948,1.);
#4948 = DIRECTION('',(0.,0.,1.));
#4949 = ORIENTED_EDGE('',*,*,#4373,.T.);
#4950 = ORIENTED_EDGE('',*,*,#1394,.T.);
#4951 = ORIENTED_EDGE('',*,*,#2888,.T.);
#4952 = ORIENTED_EDGE('',*,*,#4953,.F.);
#4953 = EDGE_CURVE('',#4954,#2881,#4956,.T.);
#4954 = VERTEX_POINT('',#4955);
#4955 = CARTESIAN_POINT('',(49.972,42.06,30.1));
#4956 = LINE('',#4957,#4958);
#4957 = CARTESIAN_POINT('',(49.972,42.06,15.5));
#4958 = VECTOR('',#4959,1.);
#4959 = DIRECTION('',(0.,0.,-1.));
#4960 = ORIENTED_EDGE('',*,*,#4961,.F.);
#4961 = EDGE_CURVE('',#4943,#4954,#4962,.T.);
#4962 = LINE('',#4963,#4964);
#4963 = CARTESIAN_POINT('',(49.972,38.06,30.1));
#4964 = VECTOR('',#4965,1.);
#4965 = DIRECTION('',(0.,1.,0.));
#4966 = PLANE('',#4967);
#4967 = AXIS2_PLACEMENT_3D('',#4968,#4969,#4970);
#4968 = CARTESIAN_POINT('',(49.972,38.06,3.));
#4969 = DIRECTION('',(1.,0.,0.));
#4970 = DIRECTION('',(0.,0.,1.));
#4971 = ADVANCED_FACE('',(#4972),#4997,.F.);
#4972 = FACE_BOUND('',#4973,.F.);
#4973 = EDGE_LOOP('',(#4974,#4982,#4983,#4991));
#4974 = ORIENTED_EDGE('',*,*,#4975,.F.);
#4975 = EDGE_CURVE('',#2219,#4976,#4978,.T.);
#4976 = VERTEX_POINT('',#4977);
#4977 = CARTESIAN_POINT('',(-29.5,106.56,45.1));
#4978 = LINE('',#4979,#4980);
#4979 = CARTESIAN_POINT('',(-24.5,106.56,45.1));
#4980 = VECTOR('',#4981,1.);
#4981 = DIRECTION('',(-1.,1.224646799147E-16,0.));
#4982 = ORIENTED_EDGE('',*,*,#2226,.T.);
#4983 = ORIENTED_EDGE('',*,*,#4984,.T.);
#4984 = EDGE_CURVE('',#2148,#4985,#4987,.T.);
#4985 = VERTEX_POINT('',#4986);
#4986 = CARTESIAN_POINT('',(-29.5,106.56,52.1));
#4987 = LINE('',#4988,#4989);
#4988 = CARTESIAN_POINT('',(-24.5,106.56,52.1));
#4989 = VECTOR('',#4990,1.);
#4990 = DIRECTION('',(-1.,1.224646799147E-16,0.));
#4991 = ORIENTED_EDGE('',*,*,#4992,.F.);
#4992 = EDGE_CURVE('',#4976,#4985,#4993,.T.);
#4993 = LINE('',#4994,#4995);
#4994 = CARTESIAN_POINT('',(-29.5,106.56,45.1));
#4995 = VECTOR('',#4996,1.);
#4996 = DIRECTION('',(0.,0.,1.));
#4997 = PLANE('',#4998);
#4998 = AXIS2_PLACEMENT_3D('',#4999,#5000,#5001);
#4999 = CARTESIAN_POINT('',(-24.5,106.56,45.1));
#5000 = DIRECTION('',(-1.224646799147E-16,-1.,0.));
#5001 = DIRECTION('',(0.,0.,1.));
#5002 = ADVANCED_FACE('',(#5003),#5021,.F.);
#5003 = FACE_BOUND('',#5004,.F.);
#5004 = EDGE_LOOP('',(#5005,#5013,#5014,#5015));
#5005 = ORIENTED_EDGE('',*,*,#5006,.F.);
#5006 = EDGE_CURVE('',#2211,#5007,#5009,.T.);
#5007 = VERTEX_POINT('',#5008);
#5008 = CARTESIAN_POINT('',(-29.5,101.56,45.1));
#5009 = LINE('',#5010,#5011);
#5010 = CARTESIAN_POINT('',(-24.5,101.56,45.1));
#5011 = VECTOR('',#5012,1.);
#5012 = DIRECTION('',(-1.,1.224646799147E-16,0.));
#5013 = ORIENTED_EDGE('',*,*,#2218,.T.);
#5014 = ORIENTED_EDGE('',*,*,#4975,.T.);
#5015 = ORIENTED_EDGE('',*,*,#5016,.T.);
#5016 = EDGE_CURVE('',#4976,#5007,#5017,.T.);
#5017 = LINE('',#5018,#5019);
#5018 = CARTESIAN_POINT('',(-29.5,106.56,45.1));
#5019 = VECTOR('',#5020,1.);
#5020 = DIRECTION('',(-1.224646799147E-16,-1.,0.));
#5021 = PLANE('',#5022);
#5022 = AXIS2_PLACEMENT_3D('',#5023,#5024,#5025);
#5023 = CARTESIAN_POINT('',(-24.5,106.56,45.1));
#5024 = DIRECTION('',(0.,0.,1.));
#5025 = DIRECTION('',(-1.,1.224646799147E-16,0.));
#5026 = ADVANCED_FACE('',(#5027),#5045,.T.);
#5027 = FACE_BOUND('',#5028,.T.);
#5028 = EDGE_LOOP('',(#5029,#5030,#5031,#5039));
#5029 = ORIENTED_EDGE('',*,*,#5006,.F.);
#5030 = ORIENTED_EDGE('',*,*,#2210,.T.);
#5031 = ORIENTED_EDGE('',*,*,#5032,.T.);
#5032 = EDGE_CURVE('',#2203,#5033,#5035,.T.);
#5033 = VERTEX_POINT('',#5034);
#5034 = CARTESIAN_POINT('',(-29.5,101.56,52.1));
#5035 = LINE('',#5036,#5037);
#5036 = CARTESIAN_POINT('',(-24.5,101.56,52.1));
#5037 = VECTOR('',#5038,1.);
#5038 = DIRECTION('',(-1.,1.224646799147E-16,0.));
#5039 = ORIENTED_EDGE('',*,*,#5040,.F.);
#5040 = EDGE_CURVE('',#5007,#5033,#5041,.T.);
#5041 = LINE('',#5042,#5043);
#5042 = CARTESIAN_POINT('',(-29.5,101.56,45.1));
#5043 = VECTOR('',#5044,1.);
#5044 = DIRECTION('',(0.,0.,1.));
#5045 = PLANE('',#5046);
#5046 = AXIS2_PLACEMENT_3D('',#5047,#5048,#5049);
#5047 = CARTESIAN_POINT('',(-24.5,101.56,45.1));
#5048 = DIRECTION('',(-1.224646799147E-16,-1.,0.));
#5049 = DIRECTION('',(0.,0.,1.));
#5050 = ADVANCED_FACE('',(#5051),#5076,.F.);
#5051 = FACE_BOUND('',#5052,.F.);
#5052 = EDGE_LOOP('',(#5053,#5061,#5062,#5070));
#5053 = ORIENTED_EDGE('',*,*,#5054,.F.);
#5054 = EDGE_CURVE('',#2187,#5055,#5057,.T.);
#5055 = VERTEX_POINT('',#5056);
#5056 = CARTESIAN_POINT('',(-29.5,55.56,45.1));
#5057 = LINE('',#5058,#5059);
#5058 = CARTESIAN_POINT('',(-24.5,55.56,45.1));
#5059 = VECTOR('',#5060,1.);
#5060 = DIRECTION('',(-1.,1.224646799147E-16,0.));
#5061 = ORIENTED_EDGE('',*,*,#2194,.T.);
#5062 = ORIENTED_EDGE('',*,*,#5063,.T.);
#5063 = EDGE_CURVE('',#2195,#5064,#5066,.T.);
#5064 = VERTEX_POINT('',#5065);
#5065 = CARTESIAN_POINT('',(-29.5,55.56,52.1));
#5066 = LINE('',#5067,#5068);
#5067 = CARTESIAN_POINT('',(-24.5,55.56,52.1));
#5068 = VECTOR('',#5069,1.);
#5069 = DIRECTION('',(-1.,1.224646799147E-16,0.));
#5070 = ORIENTED_EDGE('',*,*,#5071,.F.);
#5071 = EDGE_CURVE('',#5055,#5064,#5072,.T.);
#5072 = LINE('',#5073,#5074);
#5073 = CARTESIAN_POINT('',(-29.5,55.56,45.1));
#5074 = VECTOR('',#5075,1.);
#5075 = DIRECTION('',(0.,0.,1.));
#5076 = PLANE('',#5077);
#5077 = AXIS2_PLACEMENT_3D('',#5078,#5079,#5080);
#5078 = CARTESIAN_POINT('',(-24.5,55.56,45.1));
#5079 = DIRECTION('',(-1.224646799147E-16,-1.,0.));
#5080 = DIRECTION('',(0.,0.,1.));
#5081 = ADVANCED_FACE('',(#5082),#5100,.F.);
#5082 = FACE_BOUND('',#5083,.F.);
#5083 = EDGE_LOOP('',(#5084,#5092,#5093,#5094));
#5084 = ORIENTED_EDGE('',*,*,#5085,.F.);
#5085 = EDGE_CURVE('',#2179,#5086,#5088,.T.);
#5086 = VERTEX_POINT('',#5087);
#5087 = CARTESIAN_POINT('',(-29.5,50.56,45.1));
#5088 = LINE('',#5089,#5090);
#5089 = CARTESIAN_POINT('',(-24.5,50.56,45.1));
#5090 = VECTOR('',#5091,1.);
#5091 = DIRECTION('',(-1.,1.224646799147E-16,0.));
#5092 = ORIENTED_EDGE('',*,*,#2186,.T.);
#5093 = ORIENTED_EDGE('',*,*,#5054,.T.);
#5094 = ORIENTED_EDGE('',*,*,#5095,.T.);
#5095 = EDGE_CURVE('',#5055,#5086,#5096,.T.);
#5096 = LINE('',#5097,#5098);
#5097 = CARTESIAN_POINT('',(-29.5,55.56,45.1));
#5098 = VECTOR('',#5099,1.);
#5099 = DIRECTION('',(-1.224646799147E-16,-1.,0.));
#5100 = PLANE('',#5101);
#5101 = AXIS2_PLACEMENT_3D('',#5102,#5103,#5104);
#5102 = CARTESIAN_POINT('',(-24.5,55.56,45.1));
#5103 = DIRECTION('',(0.,0.,1.));
#5104 = DIRECTION('',(-1.,1.224646799147E-16,0.));
#5105 = ADVANCED_FACE('',(#5106),#5124,.T.);
#5106 = FACE_BOUND('',#5107,.T.);
#5107 = EDGE_LOOP('',(#5108,#5109,#5110,#5118));
#5108 = ORIENTED_EDGE('',*,*,#5085,.F.);
#5109 = ORIENTED_EDGE('',*,*,#2178,.T.);
#5110 = ORIENTED_EDGE('',*,*,#5111,.T.);
#5111 = EDGE_CURVE('',#2171,#5112,#5114,.T.);
#5112 = VERTEX_POINT('',#5113);
#5113 = CARTESIAN_POINT('',(-29.5,50.56,52.1));
#5114 = LINE('',#5115,#5116);
#5115 = CARTESIAN_POINT('',(-24.5,50.56,52.1));
#5116 = VECTOR('',#5117,1.);
#5117 = DIRECTION('',(-1.,1.224646799147E-16,0.));
#5118 = ORIENTED_EDGE('',*,*,#5119,.F.);
#5119 = EDGE_CURVE('',#5086,#5112,#5120,.T.);
#5120 = LINE('',#5121,#5122);
#5121 = CARTESIAN_POINT('',(-29.5,50.56,45.1));
#5122 = VECTOR('',#5123,1.);
#5123 = DIRECTION('',(0.,0.,1.));
#5124 = PLANE('',#5125);
#5125 = AXIS2_PLACEMENT_3D('',#5126,#5127,#5128);
#5126 = CARTESIAN_POINT('',(-24.5,50.56,45.1));
#5127 = DIRECTION('',(-1.224646799147E-16,-1.,0.));
#5128 = DIRECTION('',(0.,0.,1.));
#5129 = ADVANCED_FACE('',(#5130),#5136,.F.);
#5130 = FACE_BOUND('',#5131,.F.);
#5131 = EDGE_LOOP('',(#5132,#5133,#5134,#5135));
#5132 = ORIENTED_EDGE('',*,*,#1701,.F.);
#5133 = ORIENTED_EDGE('',*,*,#2277,.T.);
#5134 = ORIENTED_EDGE('',*,*,#4878,.F.);
#5135 = ORIENTED_EDGE('',*,*,#4839,.T.);
#5136 = PLANE('',#5137);
#5137 = AXIS2_PLACEMENT_3D('',#5138,#5139,#5140);
#5138 = CARTESIAN_POINT('',(-46.,42.06,29.));
#5139 = DIRECTION('',(-1.224646799147E-16,-1.,0.));
#5140 = DIRECTION('',(0.,0.,1.));
#5141 = ADVANCED_FACE('',(#5142),#5167,.F.);
#5142 = FACE_BOUND('',#5143,.F.);
#5143 = EDGE_LOOP('',(#5144,#5152,#5153,#5161));
#5144 = ORIENTED_EDGE('',*,*,#5145,.F.);
#5145 = EDGE_CURVE('',#1025,#5146,#5148,.T.);
#5146 = VERTEX_POINT('',#5147);
#5147 = CARTESIAN_POINT('',(-132.24,-51.5,45.1));
#5148 = LINE('',#5149,#5150);
#5149 = CARTESIAN_POINT('',(-132.24,-46.5,45.1));
#5150 = VECTOR('',#5151,1.);
#5151 = DIRECTION('',(1.110223024625E-16,-1.,0.));
#5152 = ORIENTED_EDGE('',*,*,#1032,.T.);
#5153 = ORIENTED_EDGE('',*,*,#5154,.T.);
#5154 = EDGE_CURVE('',#954,#5155,#5157,.T.);
#5155 = VERTEX_POINT('',#5156);
#5156 = CARTESIAN_POINT('',(-132.24,-51.5,52.1));
#5157 = LINE('',#5158,#5159);
#5158 = CARTESIAN_POINT('',(-132.24,-46.5,52.1));
#5159 = VECTOR('',#5160,1.);
#5160 = DIRECTION('',(1.110223024625E-16,-1.,0.));
#5161 = ORIENTED_EDGE('',*,*,#5162,.F.);
#5162 = EDGE_CURVE('',#5146,#5155,#5163,.T.);
#5163 = LINE('',#5164,#5165);
#5164 = CARTESIAN_POINT('',(-132.24,-51.5,45.1));
#5165 = VECTOR('',#5166,1.);
#5166 = DIRECTION('',(0.,0.,1.));
#5167 = PLANE('',#5168);
#5168 = AXIS2_PLACEMENT_3D('',#5169,#5170,#5171);
#5169 = CARTESIAN_POINT('',(-132.24,-46.5,45.1));
#5170 = DIRECTION('',(1.,1.110223024625E-16,0.));
#5171 = DIRECTION('',(0.,0.,1.));
#5172 = ADVANCED_FACE('',(#5173),#5191,.F.);
#5173 = FACE_BOUND('',#5174,.F.);
#5174 = EDGE_LOOP('',(#5175,#5183,#5184,#5185));
#5175 = ORIENTED_EDGE('',*,*,#5176,.F.);
#5176 = EDGE_CURVE('',#1017,#5177,#5179,.T.);
#5177 = VERTEX_POINT('',#5178);
#5178 = CARTESIAN_POINT('',(-127.24,-51.5,45.1));
#5179 = LINE('',#5180,#5181);
#5180 = CARTESIAN_POINT('',(-127.24,-46.5,45.1));
#5181 = VECTOR('',#5182,1.);
#5182 = DIRECTION('',(1.110223024625E-16,-1.,0.));
#5183 = ORIENTED_EDGE('',*,*,#1024,.T.);
#5184 = ORIENTED_EDGE('',*,*,#5145,.T.);
#5185 = ORIENTED_EDGE('',*,*,#5186,.T.);
#5186 = EDGE_CURVE('',#5146,#5177,#5187,.T.);
#5187 = LINE('',#5188,#5189);
#5188 = CARTESIAN_POINT('',(-132.24,-51.5,45.1));
#5189 = VECTOR('',#5190,1.);
#5190 = DIRECTION('',(1.,1.110223024625E-16,0.));
#5191 = PLANE('',#5192);
#5192 = AXIS2_PLACEMENT_3D('',#5193,#5194,#5195);
#5193 = CARTESIAN_POINT('',(-132.24,-46.5,45.1));
#5194 = DIRECTION('',(0.,0.,1.));
#5195 = DIRECTION('',(1.110223024625E-16,-1.,0.));
#5196 = ADVANCED_FACE('',(#5197),#5215,.T.);
#5197 = FACE_BOUND('',#5198,.T.);
#5198 = EDGE_LOOP('',(#5199,#5200,#5201,#5209));
#5199 = ORIENTED_EDGE('',*,*,#5176,.F.);
#5200 = ORIENTED_EDGE('',*,*,#1016,.T.);
#5201 = ORIENTED_EDGE('',*,*,#5202,.T.);
#5202 = EDGE_CURVE('',#1009,#5203,#5205,.T.);
#5203 = VERTEX_POINT('',#5204);
#5204 = CARTESIAN_POINT('',(-127.24,-51.5,52.1));
#5205 = LINE('',#5206,#5207);
#5206 = CARTESIAN_POINT('',(-127.24,-46.5,52.1));
#5207 = VECTOR('',#5208,1.);
#5208 = DIRECTION('',(1.110223024625E-16,-1.,0.));
#5209 = ORIENTED_EDGE('',*,*,#5210,.F.);
#5210 = EDGE_CURVE('',#5177,#5203,#5211,.T.);
#5211 = LINE('',#5212,#5213);
#5212 = CARTESIAN_POINT('',(-127.24,-51.5,45.1));
#5213 = VECTOR('',#5214,1.);
#5214 = DIRECTION('',(0.,0.,1.));
#5215 = PLANE('',#5216);
#5216 = AXIS2_PLACEMENT_3D('',#5217,#5218,#5219);
#5217 = CARTESIAN_POINT('',(-127.24,-46.5,45.1));
#5218 = DIRECTION('',(1.,1.110223024625E-16,0.));
#5219 = DIRECTION('',(0.,0.,1.));
#5220 = ADVANCED_FACE('',(#5221),#5246,.F.);
#5221 = FACE_BOUND('',#5222,.F.);
#5222 = EDGE_LOOP('',(#5223,#5231,#5232,#5240));
#5223 = ORIENTED_EDGE('',*,*,#5224,.F.);
#5224 = EDGE_CURVE('',#993,#5225,#5227,.T.);
#5225 = VERTEX_POINT('',#5226);
#5226 = CARTESIAN_POINT('',(-71.24,-51.5,45.1));
#5227 = LINE('',#5228,#5229);
#5228 = CARTESIAN_POINT('',(-71.24,-46.5,45.1));
#5229 = VECTOR('',#5230,1.);
#5230 = DIRECTION('',(1.110223024625E-16,-1.,0.));
#5231 = ORIENTED_EDGE('',*,*,#1000,.T.);
#5232 = ORIENTED_EDGE('',*,*,#5233,.T.);
#5233 = EDGE_CURVE('',#1001,#5234,#5236,.T.);
#5234 = VERTEX_POINT('',#5235);
#5235 = CARTESIAN_POINT('',(-71.24,-51.5,52.1));
#5236 = LINE('',#5237,#5238);
#5237 = CARTESIAN_POINT('',(-71.24,-46.5,52.1));
#5238 = VECTOR('',#5239,1.);
#5239 = DIRECTION('',(1.110223024625E-16,-1.,0.));
#5240 = ORIENTED_EDGE('',*,*,#5241,.F.);
#5241 = EDGE_CURVE('',#5225,#5234,#5242,.T.);
#5242 = LINE('',#5243,#5244);
#5243 = CARTESIAN_POINT('',(-71.24,-51.5,45.1));
#5244 = VECTOR('',#5245,1.);
#5245 = DIRECTION('',(0.,0.,1.));
#5246 = PLANE('',#5247);
#5247 = AXIS2_PLACEMENT_3D('',#5248,#5249,#5250);
#5248 = CARTESIAN_POINT('',(-71.24,-46.5,45.1));
#5249 = DIRECTION('',(1.,1.110223024625E-16,0.));
#5250 = DIRECTION('',(0.,0.,1.));
#5251 = ADVANCED_FACE('',(#5252),#5270,.F.);
#5252 = FACE_BOUND('',#5253,.F.);
#5253 = EDGE_LOOP('',(#5254,#5262,#5263,#5264));
#5254 = ORIENTED_EDGE('',*,*,#5255,.F.);
#5255 = EDGE_CURVE('',#985,#5256,#5258,.T.);
#5256 = VERTEX_POINT('',#5257);
#5257 = CARTESIAN_POINT('',(-66.24,-51.5,45.1));
#5258 = LINE('',#5259,#5260);
#5259 = CARTESIAN_POINT('',(-66.24,-46.5,45.1));
#5260 = VECTOR('',#5261,1.);
#5261 = DIRECTION('',(1.110223024625E-16,-1.,0.));
#5262 = ORIENTED_EDGE('',*,*,#992,.T.);
#5263 = ORIENTED_EDGE('',*,*,#5224,.T.);
#5264 = ORIENTED_EDGE('',*,*,#5265,.T.);
#5265 = EDGE_CURVE('',#5225,#5256,#5266,.T.);
#5266 = LINE('',#5267,#5268);
#5267 = CARTESIAN_POINT('',(-71.24,-51.5,45.1));
#5268 = VECTOR('',#5269,1.);
#5269 = DIRECTION('',(1.,1.110223024625E-16,0.));
#5270 = PLANE('',#5271);
#5271 = AXIS2_PLACEMENT_3D('',#5272,#5273,#5274);
#5272 = CARTESIAN_POINT('',(-71.24,-46.5,45.1));
#5273 = DIRECTION('',(0.,0.,1.));
#5274 = DIRECTION('',(1.110223024625E-16,-1.,0.));
#5275 = ADVANCED_FACE('',(#5276),#5294,.T.);
#5276 = FACE_BOUND('',#5277,.T.);
#5277 = EDGE_LOOP('',(#5278,#5279,#5280,#5288));
#5278 = ORIENTED_EDGE('',*,*,#5255,.F.);
#5279 = ORIENTED_EDGE('',*,*,#984,.T.);
#5280 = ORIENTED_EDGE('',*,*,#5281,.T.);
#5281 = EDGE_CURVE('',#977,#5282,#5284,.T.);
#5282 = VERTEX_POINT('',#5283);
#5283 = CARTESIAN_POINT('',(-66.24,-51.5,52.1));
#5284 = LINE('',#5285,#5286);
#5285 = CARTESIAN_POINT('',(-66.24,-46.5,52.1));
#5286 = VECTOR('',#5287,1.);
#5287 = DIRECTION('',(1.110223024625E-16,-1.,0.));
#5288 = ORIENTED_EDGE('',*,*,#5289,.F.);
#5289 = EDGE_CURVE('',#5256,#5282,#5290,.T.);
#5290 = LINE('',#5291,#5292);
#5291 = CARTESIAN_POINT('',(-66.24,-51.5,45.1));
#5292 = VECTOR('',#5293,1.);
#5293 = DIRECTION('',(0.,0.,1.));
#5294 = PLANE('',#5295);
#5295 = AXIS2_PLACEMENT_3D('',#5296,#5297,#5298);
#5296 = CARTESIAN_POINT('',(-66.24,-46.5,45.1));
#5297 = DIRECTION('',(1.,1.110223024625E-16,0.));
#5298 = DIRECTION('',(0.,0.,1.));
#5299 = ADVANCED_FACE('',(#5300),#5316,.F.);
#5300 = FACE_BOUND('',#5301,.F.);
#5301 = EDGE_LOOP('',(#5302,#5303,#5309,#5310));
#5302 = ORIENTED_EDGE('',*,*,#2650,.F.);
#5303 = ORIENTED_EDGE('',*,*,#5304,.F.);
#5304 = EDGE_CURVE('',#2545,#2651,#5305,.T.);
#5305 = LINE('',#5306,#5307);
#5306 = CARTESIAN_POINT('',(-1.6,112.06,37.034604659887));
#5307 = VECTOR('',#5308,1.);
#5308 = DIRECTION('',(-1.224646799147E-16,-1.,0.));
#5309 = ORIENTED_EDGE('',*,*,#2544,.T.);
#5310 = ORIENTED_EDGE('',*,*,#5311,.T.);
#5311 = EDGE_CURVE('',#2547,#2653,#5312,.T.);
#5312 = LINE('',#5313,#5314);
#5313 = CARTESIAN_POINT('',(1.6,112.06,37.034604659887));
#5314 = VECTOR('',#5315,1.);
#5315 = DIRECTION('',(-1.224646799147E-16,-1.,0.));
#5316 = CYLINDRICAL_SURFACE('',#5317,11.15);
#5317 = AXIS2_PLACEMENT_3D('',#5318,#5319,#5320);
#5318 = CARTESIAN_POINT('',(1.372339203125E-14,112.06,26.));
#5319 = DIRECTION('',(-1.224646799147E-16,-1.,0.));
#5320 = DIRECTION('',(0.,0.,1.));
#5321 = ADVANCED_FACE('',(#5322),#5333,.T.);
#5322 = FACE_BOUND('',#5323,.T.);
#5323 = EDGE_LOOP('',(#5324,#5330,#5331,#5332));
#5324 = ORIENTED_EDGE('',*,*,#5325,.F.);
#5325 = EDGE_CURVE('',#2564,#2670,#5326,.T.);
#5326 = LINE('',#5327,#5328);
#5327 = CARTESIAN_POINT('',(1.6,112.06,38.55));
#5328 = VECTOR('',#5329,1.);
#5329 = DIRECTION('',(-1.224646799147E-16,-1.,0.));
#5330 = ORIENTED_EDGE('',*,*,#2571,.T.);
#5331 = ORIENTED_EDGE('',*,*,#5311,.T.);
#5332 = ORIENTED_EDGE('',*,*,#2677,.F.);
#5333 = PLANE('',#5334);
#5334 = AXIS2_PLACEMENT_3D('',#5335,#5336,#5337);
#5335 = CARTESIAN_POINT('',(1.6,112.06,36.95));
#5336 = DIRECTION('',(-1.,1.224646799147E-16,0.));
#5337 = DIRECTION('',(0.,0.,1.));
#5338 = ADVANCED_FACE('',(#5339),#5350,.F.);
#5339 = FACE_BOUND('',#5340,.F.);
#5340 = EDGE_LOOP('',(#5341,#5342,#5343,#5349));
#5341 = ORIENTED_EDGE('',*,*,#5325,.F.);
#5342 = ORIENTED_EDGE('',*,*,#2563,.T.);
#5343 = ORIENTED_EDGE('',*,*,#5344,.T.);
#5344 = EDGE_CURVE('',#2556,#2662,#5345,.T.);
#5345 = LINE('',#5346,#5347);
#5346 = CARTESIAN_POINT('',(-1.6,112.06,38.55));
#5347 = VECTOR('',#5348,1.);
#5348 = DIRECTION('',(-1.224646799147E-16,-1.,0.));
#5349 = ORIENTED_EDGE('',*,*,#2669,.F.);
#5350 = PLANE('',#5351);
#5351 = AXIS2_PLACEMENT_3D('',#5352,#5353,#5354);
#5352 = CARTESIAN_POINT('',(1.6,112.06,38.55));
#5353 = DIRECTION('',(0.,0.,1.));
#5354 = DIRECTION('',(-1.,1.224646799147E-16,0.));
#5355 = ADVANCED_FACE('',(#5356),#5362,.F.);
#5356 = FACE_BOUND('',#5357,.F.);
#5357 = EDGE_LOOP('',(#5358,#5359,#5360,#5361));
#5358 = ORIENTED_EDGE('',*,*,#5344,.F.);
#5359 = ORIENTED_EDGE('',*,*,#2555,.T.);
#5360 = ORIENTED_EDGE('',*,*,#5304,.T.);
#5361 = ORIENTED_EDGE('',*,*,#2661,.F.);
#5362 = PLANE('',#5363);
#5363 = AXIS2_PLACEMENT_3D('',#5364,#5365,#5366);
#5364 = CARTESIAN_POINT('',(-1.6,112.06,36.95));
#5365 = DIRECTION('',(-1.,1.224646799147E-16,0.));
#5366 = DIRECTION('',(0.,0.,1.));
#5367 = ADVANCED_FACE('',(#5368),#5393,.F.);
#5368 = FACE_BOUND('',#5369,.F.);
#5369 = EDGE_LOOP('',(#5370,#5378,#5386,#5392));
#5370 = ORIENTED_EDGE('',*,*,#5371,.F.);
#5371 = EDGE_CURVE('',#5372,#634,#5374,.T.);
#5372 = VERTEX_POINT('',#5373);
#5373 = CARTESIAN_POINT('',(29.5,106.56,45.1));
#5374 = LINE('',#5375,#5376);
#5375 = CARTESIAN_POINT('',(29.5,106.56,45.1));
#5376 = VECTOR('',#5377,1.);
#5377 = DIRECTION('',(-1.,1.224646799147E-16,0.));
#5378 = ORIENTED_EDGE('',*,*,#5379,.T.);
#5379 = EDGE_CURVE('',#5372,#5380,#5382,.T.);
#5380 = VERTEX_POINT('',#5381);
#5381 = CARTESIAN_POINT('',(29.5,106.56,52.1));
#5382 = LINE('',#5383,#5384);
#5383 = CARTESIAN_POINT('',(29.5,106.56,45.1));
#5384 = VECTOR('',#5385,1.);
#5385 = DIRECTION('',(0.,0.,1.));
#5386 = ORIENTED_EDGE('',*,*,#5387,.T.);
#5387 = EDGE_CURVE('',#5380,#563,#5388,.T.);
#5388 = LINE('',#5389,#5390);
#5389 = CARTESIAN_POINT('',(29.5,106.56,52.1));
#5390 = VECTOR('',#5391,1.);
#5391 = DIRECTION('',(-1.,1.224646799147E-16,0.));
#5392 = ORIENTED_EDGE('',*,*,#641,.F.);
#5393 = PLANE('',#5394);
#5394 = AXIS2_PLACEMENT_3D('',#5395,#5396,#5397);
#5395 = CARTESIAN_POINT('',(29.5,106.56,45.1));
#5396 = DIRECTION('',(-1.224646799147E-16,-1.,0.));
#5397 = DIRECTION('',(0.,0.,1.));
#5398 = ADVANCED_FACE('',(#5399),#5417,.F.);
#5399 = FACE_BOUND('',#5400,.F.);
#5400 = EDGE_LOOP('',(#5401,#5409,#5415,#5416));
#5401 = ORIENTED_EDGE('',*,*,#5402,.F.);
#5402 = EDGE_CURVE('',#5403,#626,#5405,.T.);
#5403 = VERTEX_POINT('',#5404);
#5404 = CARTESIAN_POINT('',(29.5,101.56,45.1));
#5405 = LINE('',#5406,#5407);
#5406 = CARTESIAN_POINT('',(29.5,101.56,45.1));
#5407 = VECTOR('',#5408,1.);
#5408 = DIRECTION('',(-1.,1.224646799147E-16,0.));
#5409 = ORIENTED_EDGE('',*,*,#5410,.F.);
#5410 = EDGE_CURVE('',#5372,#5403,#5411,.T.);
#5411 = LINE('',#5412,#5413);
#5412 = CARTESIAN_POINT('',(29.5,106.56,45.1));
#5413 = VECTOR('',#5414,1.);
#5414 = DIRECTION('',(-1.224646799147E-16,-1.,0.));
#5415 = ORIENTED_EDGE('',*,*,#5371,.T.);
#5416 = ORIENTED_EDGE('',*,*,#633,.F.);
#5417 = PLANE('',#5418);
#5418 = AXIS2_PLACEMENT_3D('',#5419,#5420,#5421);
#5419 = CARTESIAN_POINT('',(29.5,106.56,45.1));
#5420 = DIRECTION('',(0.,0.,1.));
#5421 = DIRECTION('',(-1.,1.224646799147E-16,0.));
#5422 = ADVANCED_FACE('',(#5423),#5441,.T.);
#5423 = FACE_BOUND('',#5424,.T.);
#5424 = EDGE_LOOP('',(#5425,#5426,#5434,#5440));
#5425 = ORIENTED_EDGE('',*,*,#5402,.F.);
#5426 = ORIENTED_EDGE('',*,*,#5427,.T.);
#5427 = EDGE_CURVE('',#5403,#5428,#5430,.T.);
#5428 = VERTEX_POINT('',#5429);
#5429 = CARTESIAN_POINT('',(29.5,101.56,52.1));
#5430 = LINE('',#5431,#5432);
#5431 = CARTESIAN_POINT('',(29.5,101.56,45.1));
#5432 = VECTOR('',#5433,1.);
#5433 = DIRECTION('',(0.,0.,1.));
#5434 = ORIENTED_EDGE('',*,*,#5435,.T.);
#5435 = EDGE_CURVE('',#5428,#618,#5436,.T.);
#5436 = LINE('',#5437,#5438);
#5437 = CARTESIAN_POINT('',(29.5,101.56,52.1));
#5438 = VECTOR('',#5439,1.);
#5439 = DIRECTION('',(-1.,1.224646799147E-16,0.));
#5440 = ORIENTED_EDGE('',*,*,#625,.F.);
#5441 = PLANE('',#5442);
#5442 = AXIS2_PLACEMENT_3D('',#5443,#5444,#5445);
#5443 = CARTESIAN_POINT('',(29.5,101.56,45.1));
#5444 = DIRECTION('',(-1.224646799147E-16,-1.,0.));
#5445 = DIRECTION('',(0.,0.,1.));
#5446 = ADVANCED_FACE('',(#5447),#5472,.F.);
#5447 = FACE_BOUND('',#5448,.F.);
#5448 = EDGE_LOOP('',(#5449,#5457,#5465,#5471));
#5449 = ORIENTED_EDGE('',*,*,#5450,.F.);
#5450 = EDGE_CURVE('',#5451,#602,#5453,.T.);
#5451 = VERTEX_POINT('',#5452);
#5452 = CARTESIAN_POINT('',(29.5,55.56,45.1));
#5453 = LINE('',#5454,#5455);
#5454 = CARTESIAN_POINT('',(29.5,55.56,45.1));
#5455 = VECTOR('',#5456,1.);
#5456 = DIRECTION('',(-1.,1.224646799147E-16,0.));
#5457 = ORIENTED_EDGE('',*,*,#5458,.T.);
#5458 = EDGE_CURVE('',#5451,#5459,#5461,.T.);
#5459 = VERTEX_POINT('',#5460);
#5460 = CARTESIAN_POINT('',(29.5,55.56,52.1));
#5461 = LINE('',#5462,#5463);
#5462 = CARTESIAN_POINT('',(29.5,55.56,45.1));
#5463 = VECTOR('',#5464,1.);
#5464 = DIRECTION('',(0.,0.,1.));
#5465 = ORIENTED_EDGE('',*,*,#5466,.T.);
#5466 = EDGE_CURVE('',#5459,#610,#5467,.T.);
#5467 = LINE('',#5468,#5469);
#5468 = CARTESIAN_POINT('',(29.5,55.56,52.1));
#5469 = VECTOR('',#5470,1.);
#5470 = DIRECTION('',(-1.,1.224646799147E-16,0.));
#5471 = ORIENTED_EDGE('',*,*,#609,.F.);
#5472 = PLANE('',#5473);
#5473 = AXIS2_PLACEMENT_3D('',#5474,#5475,#5476);
#5474 = CARTESIAN_POINT('',(29.5,55.56,45.1));
#5475 = DIRECTION('',(-1.224646799147E-16,-1.,0.));
#5476 = DIRECTION('',(0.,0.,1.));
#5477 = ADVANCED_FACE('',(#5478),#5496,.F.);
#5478 = FACE_BOUND('',#5479,.F.);
#5479 = EDGE_LOOP('',(#5480,#5488,#5494,#5495));
#5480 = ORIENTED_EDGE('',*,*,#5481,.F.);
#5481 = EDGE_CURVE('',#5482,#594,#5484,.T.);
#5482 = VERTEX_POINT('',#5483);
#5483 = CARTESIAN_POINT('',(29.5,50.56,45.1));
#5484 = LINE('',#5485,#5486);
#5485 = CARTESIAN_POINT('',(29.5,50.56,45.1));
#5486 = VECTOR('',#5487,1.);
#5487 = DIRECTION('',(-1.,1.224646799147E-16,0.));
#5488 = ORIENTED_EDGE('',*,*,#5489,.F.);
#5489 = EDGE_CURVE('',#5451,#5482,#5490,.T.);
#5490 = LINE('',#5491,#5492);
#5491 = CARTESIAN_POINT('',(29.5,55.56,45.1));
#5492 = VECTOR('',#5493,1.);
#5493 = DIRECTION('',(-1.224646799147E-16,-1.,0.));
#5494 = ORIENTED_EDGE('',*,*,#5450,.T.);
#5495 = ORIENTED_EDGE('',*,*,#601,.F.);
#5496 = PLANE('',#5497);
#5497 = AXIS2_PLACEMENT_3D('',#5498,#5499,#5500);
#5498 = CARTESIAN_POINT('',(29.5,55.56,45.1));
#5499 = DIRECTION('',(0.,0.,1.));
#5500 = DIRECTION('',(-1.,1.224646799147E-16,0.));
#5501 = ADVANCED_FACE('',(#5502),#5520,.T.);
#5502 = FACE_BOUND('',#5503,.T.);
#5503 = EDGE_LOOP('',(#5504,#5505,#5513,#5519));
#5504 = ORIENTED_EDGE('',*,*,#5481,.F.);
#5505 = ORIENTED_EDGE('',*,*,#5506,.T.);
#5506 = EDGE_CURVE('',#5482,#5507,#5509,.T.);
#5507 = VERTEX_POINT('',#5508);
#5508 = CARTESIAN_POINT('',(29.5,50.56,52.1));
#5509 = LINE('',#5510,#5511);
#5510 = CARTESIAN_POINT('',(29.5,50.56,45.1));
#5511 = VECTOR('',#5512,1.);
#5512 = DIRECTION('',(0.,0.,1.));
#5513 = ORIENTED_EDGE('',*,*,#5514,.T.);
#5514 = EDGE_CURVE('',#5507,#586,#5515,.T.);
#5515 = LINE('',#5516,#5517);
#5516 = CARTESIAN_POINT('',(29.5,50.56,52.1));
#5517 = VECTOR('',#5518,1.);
#5518 = DIRECTION('',(-1.,1.224646799147E-16,0.));
#5519 = ORIENTED_EDGE('',*,*,#593,.F.);
#5520 = PLANE('',#5521);
#5521 = AXIS2_PLACEMENT_3D('',#5522,#5523,#5524);
#5522 = CARTESIAN_POINT('',(29.5,50.56,45.1));
#5523 = DIRECTION('',(-1.224646799147E-16,-1.,0.));
#5524 = DIRECTION('',(0.,0.,1.));
#5525 = ADVANCED_FACE('',(#5526),#5537,.F.);
#5526 = FACE_BOUND('',#5527,.F.);
#5527 = EDGE_LOOP('',(#5528,#5529,#5530,#5536));
#5528 = ORIENTED_EDGE('',*,*,#2880,.F.);
#5529 = ORIENTED_EDGE('',*,*,#4953,.F.);
#5530 = ORIENTED_EDGE('',*,*,#5531,.F.);
#5531 = EDGE_CURVE('',#4921,#4954,#5532,.T.);
#5532 = LINE('',#5533,#5534);
#5533 = CARTESIAN_POINT('',(46.986,42.06,30.1));
#5534 = VECTOR('',#5535,1.);
#5535 = DIRECTION('',(1.,-1.224646799147E-16,0.));
#5536 = ORIENTED_EDGE('',*,*,#4920,.T.);
#5537 = PLANE('',#5538);
#5538 = AXIS2_PLACEMENT_3D('',#5539,#5540,#5541);
#5539 = CARTESIAN_POINT('',(52.,42.06,28.));
#5540 = DIRECTION('',(-1.224646799147E-16,-1.,0.));
#5541 = DIRECTION('',(0.,0.,1.));
#5542 = ADVANCED_FACE('',(#5543),#5568,.F.);
#5543 = FACE_BOUND('',#5544,.F.);
#5544 = EDGE_LOOP('',(#5545,#5553,#5561,#5567));
#5545 = ORIENTED_EDGE('',*,*,#5546,.F.);
#5546 = EDGE_CURVE('',#5547,#3014,#5549,.T.);
#5547 = VERTEX_POINT('',#5548);
#5548 = CARTESIAN_POINT('',(-60.5,-106.56,45.1));
#5549 = LINE('',#5550,#5551);
#5550 = CARTESIAN_POINT('',(-60.5,-106.56,45.1));
#5551 = VECTOR('',#5552,1.);
#5552 = DIRECTION('',(1.,0.,0.));
#5553 = ORIENTED_EDGE('',*,*,#5554,.T.);
#5554 = EDGE_CURVE('',#5547,#5555,#5557,.T.);
#5555 = VERTEX_POINT('',#5556);
#5556 = CARTESIAN_POINT('',(-60.5,-106.56,52.1));
#5557 = LINE('',#5558,#5559);
#5558 = CARTESIAN_POINT('',(-60.5,-106.56,45.1));
#5559 = VECTOR('',#5560,1.);
#5560 = DIRECTION('',(0.,0.,1.));
#5561 = ORIENTED_EDGE('',*,*,#5562,.T.);
#5562 = EDGE_CURVE('',#5555,#2950,#5563,.T.);
#5563 = LINE('',#5564,#5565);
#5564 = CARTESIAN_POINT('',(-60.5,-106.56,52.1));
#5565 = VECTOR('',#5566,1.);
#5566 = DIRECTION('',(1.,0.,0.));
#5567 = ORIENTED_EDGE('',*,*,#3021,.F.);
#5568 = PLANE('',#5569);
#5569 = AXIS2_PLACEMENT_3D('',#5570,#5571,#5572);
#5570 = CARTESIAN_POINT('',(-60.5,-106.56,45.1));
#5571 = DIRECTION('',(0.,1.,0.));
#5572 = DIRECTION('',(0.,0.,1.));
#5573 = ADVANCED_FACE('',(#5574),#5592,.F.);
#5574 = FACE_BOUND('',#5575,.F.);
#5575 = EDGE_LOOP('',(#5576,#5584,#5590,#5591));
#5576 = ORIENTED_EDGE('',*,*,#5577,.F.);
#5577 = EDGE_CURVE('',#5578,#3006,#5580,.T.);
#5578 = VERTEX_POINT('',#5579);
#5579 = CARTESIAN_POINT('',(-60.5,-101.56,45.1));
#5580 = LINE('',#5581,#5582);
#5581 = CARTESIAN_POINT('',(-60.5,-101.56,45.1));
#5582 = VECTOR('',#5583,1.);
#5583 = DIRECTION('',(1.,0.,0.));
#5584 = ORIENTED_EDGE('',*,*,#5585,.F.);
#5585 = EDGE_CURVE('',#5547,#5578,#5586,.T.);
#5586 = LINE('',#5587,#5588);
#5587 = CARTESIAN_POINT('',(-60.5,-106.56,45.1));
#5588 = VECTOR('',#5589,1.);
#5589 = DIRECTION('',(0.,1.,0.));
#5590 = ORIENTED_EDGE('',*,*,#5546,.T.);
#5591 = ORIENTED_EDGE('',*,*,#3013,.F.);
#5592 = PLANE('',#5593);
#5593 = AXIS2_PLACEMENT_3D('',#5594,#5595,#5596);
#5594 = CARTESIAN_POINT('',(-60.5,-106.56,45.1));
#5595 = DIRECTION('',(0.,0.,1.));
#5596 = DIRECTION('',(1.,0.,0.));
#5597 = ADVANCED_FACE('',(#5598),#5616,.T.);
#5598 = FACE_BOUND('',#5599,.T.);
#5599 = EDGE_LOOP('',(#5600,#5601,#5609,#5615));
#5600 = ORIENTED_EDGE('',*,*,#5577,.F.);
#5601 = ORIENTED_EDGE('',*,*,#5602,.T.);
#5602 = EDGE_CURVE('',#5578,#5603,#5605,.T.);
#5603 = VERTEX_POINT('',#5604);
#5604 = CARTESIAN_POINT('',(-60.5,-101.56,52.1));
#5605 = LINE('',#5606,#5607);
#5606 = CARTESIAN_POINT('',(-60.5,-101.56,45.1));
#5607 = VECTOR('',#5608,1.);
#5608 = DIRECTION('',(0.,0.,1.));
#5609 = ORIENTED_EDGE('',*,*,#5610,.T.);
#5610 = EDGE_CURVE('',#5603,#2998,#5611,.T.);
#5611 = LINE('',#5612,#5613);
#5612 = CARTESIAN_POINT('',(-60.5,-101.56,52.1));
#5613 = VECTOR('',#5614,1.);
#5614 = DIRECTION('',(1.,0.,0.));
#5615 = ORIENTED_EDGE('',*,*,#3005,.F.);
#5616 = PLANE('',#5617);
#5617 = AXIS2_PLACEMENT_3D('',#5618,#5619,#5620);
#5618 = CARTESIAN_POINT('',(-60.5,-101.56,45.1));
#5619 = DIRECTION('',(0.,1.,0.));
#5620 = DIRECTION('',(0.,0.,1.));
#5621 = ADVANCED_FACE('',(#5622),#5647,.F.);
#5622 = FACE_BOUND('',#5623,.F.);
#5623 = EDGE_LOOP('',(#5624,#5632,#5640,#5646));
#5624 = ORIENTED_EDGE('',*,*,#5625,.F.);
#5625 = EDGE_CURVE('',#5626,#2982,#5628,.T.);
#5626 = VERTEX_POINT('',#5627);
#5627 = CARTESIAN_POINT('',(-60.5,-55.56,45.1));
#5628 = LINE('',#5629,#5630);
#5629 = CARTESIAN_POINT('',(-60.5,-55.56,45.1));
#5630 = VECTOR('',#5631,1.);
#5631 = DIRECTION('',(1.,0.,0.));
#5632 = ORIENTED_EDGE('',*,*,#5633,.T.);
#5633 = EDGE_CURVE('',#5626,#5634,#5636,.T.);
#5634 = VERTEX_POINT('',#5635);
#5635 = CARTESIAN_POINT('',(-60.5,-55.56,52.1));
#5636 = LINE('',#5637,#5638);
#5637 = CARTESIAN_POINT('',(-60.5,-55.56,45.1));
#5638 = VECTOR('',#5639,1.);
#5639 = DIRECTION('',(0.,0.,1.));
#5640 = ORIENTED_EDGE('',*,*,#5641,.T.);
#5641 = EDGE_CURVE('',#5634,#2990,#5642,.T.);
#5642 = LINE('',#5643,#5644);
#5643 = CARTESIAN_POINT('',(-60.5,-55.56,52.1));
#5644 = VECTOR('',#5645,1.);
#5645 = DIRECTION('',(1.,0.,0.));
#5646 = ORIENTED_EDGE('',*,*,#2989,.F.);
#5647 = PLANE('',#5648);
#5648 = AXIS2_PLACEMENT_3D('',#5649,#5650,#5651);
#5649 = CARTESIAN_POINT('',(-60.5,-55.56,45.1));
#5650 = DIRECTION('',(0.,1.,0.));
#5651 = DIRECTION('',(0.,0.,1.));
#5652 = ADVANCED_FACE('',(#5653),#5671,.F.);
#5653 = FACE_BOUND('',#5654,.F.);
#5654 = EDGE_LOOP('',(#5655,#5663,#5669,#5670));
#5655 = ORIENTED_EDGE('',*,*,#5656,.F.);
#5656 = EDGE_CURVE('',#5657,#2974,#5659,.T.);
#5657 = VERTEX_POINT('',#5658);
#5658 = CARTESIAN_POINT('',(-60.5,-50.56,45.1));
#5659 = LINE('',#5660,#5661);
#5660 = CARTESIAN_POINT('',(-60.5,-50.56,45.1));
#5661 = VECTOR('',#5662,1.);
#5662 = DIRECTION('',(1.,0.,0.));
#5663 = ORIENTED_EDGE('',*,*,#5664,.F.);
#5664 = EDGE_CURVE('',#5626,#5657,#5665,.T.);
#5665 = LINE('',#5666,#5667);
#5666 = CARTESIAN_POINT('',(-60.5,-55.56,45.1));
#5667 = VECTOR('',#5668,1.);
#5668 = DIRECTION('',(0.,1.,0.));
#5669 = ORIENTED_EDGE('',*,*,#5625,.T.);
#5670 = ORIENTED_EDGE('',*,*,#2981,.F.);
#5671 = PLANE('',#5672);
#5672 = AXIS2_PLACEMENT_3D('',#5673,#5674,#5675);
#5673 = CARTESIAN_POINT('',(-60.5,-55.56,45.1));
#5674 = DIRECTION('',(0.,0.,1.));
#5675 = DIRECTION('',(1.,0.,0.));
#5676 = ADVANCED_FACE('',(#5677),#5695,.T.);
#5677 = FACE_BOUND('',#5678,.T.);
#5678 = EDGE_LOOP('',(#5679,#5680,#5688,#5694));
#5679 = ORIENTED_EDGE('',*,*,#5656,.F.);
#5680 = ORIENTED_EDGE('',*,*,#5681,.T.);
#5681 = EDGE_CURVE('',#5657,#5682,#5684,.T.);
#5682 = VERTEX_POINT('',#5683);
#5683 = CARTESIAN_POINT('',(-60.5,-50.56,52.1));
#5684 = LINE('',#5685,#5686);
#5685 = CARTESIAN_POINT('',(-60.5,-50.56,45.1));
#5686 = VECTOR('',#5687,1.);
#5687 = DIRECTION('',(0.,0.,1.));
#5688 = ORIENTED_EDGE('',*,*,#5689,.T.);
#5689 = EDGE_CURVE('',#5682,#2966,#5690,.T.);
#5690 = LINE('',#5691,#5692);
#5691 = CARTESIAN_POINT('',(-60.5,-50.56,52.1));
#5692 = VECTOR('',#5693,1.);
#5693 = DIRECTION('',(1.,0.,0.));
#5694 = ORIENTED_EDGE('',*,*,#2973,.F.);
#5695 = PLANE('',#5696);
#5696 = AXIS2_PLACEMENT_3D('',#5697,#5698,#5699);
#5697 = CARTESIAN_POINT('',(-60.5,-50.56,45.1));
#5698 = DIRECTION('',(0.,1.,0.));
#5699 = DIRECTION('',(0.,0.,1.));
#5700 = ADVANCED_FACE('',(#5701),#5717,.F.);
#5701 = FACE_BOUND('',#5702,.F.);
#5702 = EDGE_LOOP('',(#5703,#5704,#5710,#5711));
#5703 = ORIENTED_EDGE('',*,*,#3187,.F.);
#5704 = ORIENTED_EDGE('',*,*,#5705,.F.);
#5705 = EDGE_CURVE('',#182,#3188,#5706,.T.);
#5706 = LINE('',#5707,#5708);
#5707 = CARTESIAN_POINT('',(-29.4,-112.06,37.034604659887));
#5708 = VECTOR('',#5709,1.);
#5709 = DIRECTION('',(0.,1.,0.));
#5710 = ORIENTED_EDGE('',*,*,#181,.T.);
#5711 = ORIENTED_EDGE('',*,*,#5712,.T.);
#5712 = EDGE_CURVE('',#184,#3190,#5713,.T.);
#5713 = LINE('',#5714,#5715);
#5714 = CARTESIAN_POINT('',(-32.6,-112.06,37.034604659887));
#5715 = VECTOR('',#5716,1.);
#5716 = DIRECTION('',(0.,1.,0.));
#5717 = CYLINDRICAL_SURFACE('',#5718,11.15);
#5718 = AXIS2_PLACEMENT_3D('',#5719,#5720,#5721);
#5719 = CARTESIAN_POINT('',(-31.,-112.06,26.));
#5720 = DIRECTION('',(0.,1.,0.));
#5721 = DIRECTION('',(0.,0.,1.));
#5722 = ADVANCED_FACE('',(#5723),#5734,.T.);
#5723 = FACE_BOUND('',#5724,.T.);
#5724 = EDGE_LOOP('',(#5725,#5731,#5732,#5733));
#5725 = ORIENTED_EDGE('',*,*,#5726,.F.);
#5726 = EDGE_CURVE('',#201,#3207,#5727,.T.);
#5727 = LINE('',#5728,#5729);
#5728 = CARTESIAN_POINT('',(-32.6,-112.06,38.55));
#5729 = VECTOR('',#5730,1.);
#5730 = DIRECTION('',(0.,1.,0.));
#5731 = ORIENTED_EDGE('',*,*,#208,.T.);
#5732 = ORIENTED_EDGE('',*,*,#5712,.T.);
#5733 = ORIENTED_EDGE('',*,*,#3214,.F.);
#5734 = PLANE('',#5735);
#5735 = AXIS2_PLACEMENT_3D('',#5736,#5737,#5738);
#5736 = CARTESIAN_POINT('',(-32.6,-112.06,36.95));
#5737 = DIRECTION('',(1.,0.,0.));
#5738 = DIRECTION('',(0.,0.,1.));
#5739 = ADVANCED_FACE('',(#5740),#5751,.F.);
#5740 = FACE_BOUND('',#5741,.F.);
#5741 = EDGE_LOOP('',(#5742,#5743,#5744,#5750));
#5742 = ORIENTED_EDGE('',*,*,#5726,.F.);
#5743 = ORIENTED_EDGE('',*,*,#200,.T.);
#5744 = ORIENTED_EDGE('',*,*,#5745,.T.);
#5745 = EDGE_CURVE('',#193,#3199,#5746,.T.);
#5746 = LINE('',#5747,#5748);
#5747 = CARTESIAN_POINT('',(-29.4,-112.06,38.55));
#5748 = VECTOR('',#5749,1.);
#5749 = DIRECTION('',(0.,1.,0.));
#5750 = ORIENTED_EDGE('',*,*,#3206,.F.);
#5751 = PLANE('',#5752);
#5752 = AXIS2_PLACEMENT_3D('',#5753,#5754,#5755);
#5753 = CARTESIAN_POINT('',(-32.6,-112.06,38.55));
#5754 = DIRECTION('',(0.,0.,1.));
#5755 = DIRECTION('',(1.,0.,0.));
#5756 = ADVANCED_FACE('',(#5757),#5763,.F.);
#5757 = FACE_BOUND('',#5758,.F.);
#5758 = EDGE_LOOP('',(#5759,#5760,#5761,#5762));
#5759 = ORIENTED_EDGE('',*,*,#5745,.F.);
#5760 = ORIENTED_EDGE('',*,*,#192,.T.);
#5761 = ORIENTED_EDGE('',*,*,#5705,.T.);
#5762 = ORIENTED_EDGE('',*,*,#3198,.F.);
#5763 = PLANE('',#5764);
#5764 = AXIS2_PLACEMENT_3D('',#5765,#5766,#5767);
#5765 = CARTESIAN_POINT('',(-29.4,-112.06,36.95));
#5766 = DIRECTION('',(1.,0.,0.));
#5767 = DIRECTION('',(0.,0.,1.));
#5768 = ADVANCED_FACE('',(#5769),#5794,.F.);
#5769 = FACE_BOUND('',#5770,.F.);
#5770 = EDGE_LOOP('',(#5771,#5779,#5780,#5788));
#5771 = ORIENTED_EDGE('',*,*,#5772,.F.);
#5772 = EDGE_CURVE('',#135,#5773,#5775,.T.);
#5773 = VERTEX_POINT('',#5774);
#5774 = CARTESIAN_POINT('',(-1.5,-106.56,45.1));
#5775 = LINE('',#5776,#5777);
#5776 = CARTESIAN_POINT('',(-6.5,-106.56,45.1));
#5777 = VECTOR('',#5778,1.);
#5778 = DIRECTION('',(1.,0.,0.));
#5779 = ORIENTED_EDGE('',*,*,#142,.T.);
#5780 = ORIENTED_EDGE('',*,*,#5781,.T.);
#5781 = EDGE_CURVE('',#64,#5782,#5784,.T.);
#5782 = VERTEX_POINT('',#5783);
#5783 = CARTESIAN_POINT('',(-1.5,-106.56,52.1));
#5784 = LINE('',#5785,#5786);
#5785 = CARTESIAN_POINT('',(-6.5,-106.56,52.1));
#5786 = VECTOR('',#5787,1.);
#5787 = DIRECTION('',(1.,0.,0.));
#5788 = ORIENTED_EDGE('',*,*,#5789,.F.);
#5789 = EDGE_CURVE('',#5773,#5782,#5790,.T.);
#5790 = LINE('',#5791,#5792);
#5791 = CARTESIAN_POINT('',(-1.5,-106.56,45.1));
#5792 = VECTOR('',#5793,1.);
#5793 = DIRECTION('',(0.,0.,1.));
#5794 = PLANE('',#5795);
#5795 = AXIS2_PLACEMENT_3D('',#5796,#5797,#5798);
#5796 = CARTESIAN_POINT('',(-6.5,-106.56,45.1));
#5797 = DIRECTION('',(0.,1.,0.));
#5798 = DIRECTION('',(0.,0.,1.));
#5799 = ADVANCED_FACE('',(#5800),#5818,.F.);
#5800 = FACE_BOUND('',#5801,.F.);
#5801 = EDGE_LOOP('',(#5802,#5810,#5811,#5812));
#5802 = ORIENTED_EDGE('',*,*,#5803,.F.);
#5803 = EDGE_CURVE('',#127,#5804,#5806,.T.);
#5804 = VERTEX_POINT('',#5805);
#5805 = CARTESIAN_POINT('',(-1.5,-101.56,45.1));
#5806 = LINE('',#5807,#5808);
#5807 = CARTESIAN_POINT('',(-6.5,-101.56,45.1));
#5808 = VECTOR('',#5809,1.);
#5809 = DIRECTION('',(1.,0.,0.));
#5810 = ORIENTED_EDGE('',*,*,#134,.T.);
#5811 = ORIENTED_EDGE('',*,*,#5772,.T.);
#5812 = ORIENTED_EDGE('',*,*,#5813,.T.);
#5813 = EDGE_CURVE('',#5773,#5804,#5814,.T.);
#5814 = LINE('',#5815,#5816);
#5815 = CARTESIAN_POINT('',(-1.5,-106.56,45.1));
#5816 = VECTOR('',#5817,1.);
#5817 = DIRECTION('',(0.,1.,0.));
#5818 = PLANE('',#5819);
#5819 = AXIS2_PLACEMENT_3D('',#5820,#5821,#5822);
#5820 = CARTESIAN_POINT('',(-6.5,-106.56,45.1));
#5821 = DIRECTION('',(0.,0.,1.));
#5822 = DIRECTION('',(1.,0.,0.));
#5823 = ADVANCED_FACE('',(#5824),#5842,.T.);
#5824 = FACE_BOUND('',#5825,.T.);
#5825 = EDGE_LOOP('',(#5826,#5827,#5828,#5836));
#5826 = ORIENTED_EDGE('',*,*,#5803,.F.);
#5827 = ORIENTED_EDGE('',*,*,#126,.T.);
#5828 = ORIENTED_EDGE('',*,*,#5829,.T.);
#5829 = EDGE_CURVE('',#119,#5830,#5832,.T.);
#5830 = VERTEX_POINT('',#5831);
#5831 = CARTESIAN_POINT('',(-1.5,-101.56,52.1));
#5832 = LINE('',#5833,#5834);
#5833 = CARTESIAN_POINT('',(-6.5,-101.56,52.1));
#5834 = VECTOR('',#5835,1.);
#5835 = DIRECTION('',(1.,0.,0.));
#5836 = ORIENTED_EDGE('',*,*,#5837,.F.);
#5837 = EDGE_CURVE('',#5804,#5830,#5838,.T.);
#5838 = LINE('',#5839,#5840);
#5839 = CARTESIAN_POINT('',(-1.5,-101.56,45.1));
#5840 = VECTOR('',#5841,1.);
#5841 = DIRECTION('',(0.,0.,1.));
#5842 = PLANE('',#5843);
#5843 = AXIS2_PLACEMENT_3D('',#5844,#5845,#5846);
#5844 = CARTESIAN_POINT('',(-6.5,-101.56,45.1));
#5845 = DIRECTION('',(0.,1.,0.));
#5846 = DIRECTION('',(0.,0.,1.));
#5847 = ADVANCED_FACE('',(#5848),#5873,.F.);
#5848 = FACE_BOUND('',#5849,.F.);
#5849 = EDGE_LOOP('',(#5850,#5858,#5859,#5867));
#5850 = ORIENTED_EDGE('',*,*,#5851,.F.);
#5851 = EDGE_CURVE('',#103,#5852,#5854,.T.);
#5852 = VERTEX_POINT('',#5853);
#5853 = CARTESIAN_POINT('',(-1.5,-55.56,45.1));
#5854 = LINE('',#5855,#5856);
#5855 = CARTESIAN_POINT('',(-6.5,-55.56,45.1));
#5856 = VECTOR('',#5857,1.);
#5857 = DIRECTION('',(1.,0.,0.));
#5858 = ORIENTED_EDGE('',*,*,#110,.T.);
#5859 = ORIENTED_EDGE('',*,*,#5860,.T.);
#5860 = EDGE_CURVE('',#111,#5861,#5863,.T.);
#5861 = VERTEX_POINT('',#5862);
#5862 = CARTESIAN_POINT('',(-1.5,-55.56,52.1));
#5863 = LINE('',#5864,#5865);
#5864 = CARTESIAN_POINT('',(-6.5,-55.56,52.1));
#5865 = VECTOR('',#5866,1.);
#5866 = DIRECTION('',(1.,0.,0.));
#5867 = ORIENTED_EDGE('',*,*,#5868,.F.);
#5868 = EDGE_CURVE('',#5852,#5861,#5869,.T.);
#5869 = LINE('',#5870,#5871);
#5870 = CARTESIAN_POINT('',(-1.5,-55.56,45.1));
#5871 = VECTOR('',#5872,1.);
#5872 = DIRECTION('',(0.,0.,1.));
#5873 = PLANE('',#5874);
#5874 = AXIS2_PLACEMENT_3D('',#5875,#5876,#5877);
#5875 = CARTESIAN_POINT('',(-6.5,-55.56,45.1));
#5876 = DIRECTION('',(0.,1.,0.));
#5877 = DIRECTION('',(0.,0.,1.));
#5878 = ADVANCED_FACE('',(#5879),#5897,.F.);
#5879 = FACE_BOUND('',#5880,.F.);
#5880 = EDGE_LOOP('',(#5881,#5889,#5890,#5891));
#5881 = ORIENTED_EDGE('',*,*,#5882,.F.);
#5882 = EDGE_CURVE('',#95,#5883,#5885,.T.);
#5883 = VERTEX_POINT('',#5884);
#5884 = CARTESIAN_POINT('',(-1.5,-50.56,45.1));
#5885 = LINE('',#5886,#5887);
#5886 = CARTESIAN_POINT('',(-6.5,-50.56,45.1));
#5887 = VECTOR('',#5888,1.);
#5888 = DIRECTION('',(1.,0.,0.));
#5889 = ORIENTED_EDGE('',*,*,#102,.T.);
#5890 = ORIENTED_EDGE('',*,*,#5851,.T.);
#5891 = ORIENTED_EDGE('',*,*,#5892,.T.);
#5892 = EDGE_CURVE('',#5852,#5883,#5893,.T.);
#5893 = LINE('',#5894,#5895);
#5894 = CARTESIAN_POINT('',(-1.5,-55.56,45.1));
#5895 = VECTOR('',#5896,1.);
#5896 = DIRECTION('',(0.,1.,0.));
#5897 = PLANE('',#5898);
#5898 = AXIS2_PLACEMENT_3D('',#5899,#5900,#5901);
#5899 = CARTESIAN_POINT('',(-6.5,-55.56,45.1));
#5900 = DIRECTION('',(0.,0.,1.));
#5901 = DIRECTION('',(1.,0.,0.));
#5902 = ADVANCED_FACE('',(#5903),#5921,.T.);
#5903 = FACE_BOUND('',#5904,.T.);
#5904 = EDGE_LOOP('',(#5905,#5906,#5907,#5915));
#5905 = ORIENTED_EDGE('',*,*,#5882,.F.);
#5906 = ORIENTED_EDGE('',*,*,#94,.T.);
#5907 = ORIENTED_EDGE('',*,*,#5908,.T.);
#5908 = EDGE_CURVE('',#87,#5909,#5911,.T.);
#5909 = VERTEX_POINT('',#5910);
#5910 = CARTESIAN_POINT('',(-1.5,-50.56,52.1));
#5911 = LINE('',#5912,#5913);
#5912 = CARTESIAN_POINT('',(-6.5,-50.56,52.1));
#5913 = VECTOR('',#5914,1.);
#5914 = DIRECTION('',(1.,0.,0.));
#5915 = ORIENTED_EDGE('',*,*,#5916,.F.);
#5916 = EDGE_CURVE('',#5883,#5909,#5917,.T.);
#5917 = LINE('',#5918,#5919);
#5918 = CARTESIAN_POINT('',(-1.5,-50.56,45.1));
#5919 = VECTOR('',#5920,1.);
#5920 = DIRECTION('',(0.,0.,1.));
#5921 = PLANE('',#5922);
#5922 = AXIS2_PLACEMENT_3D('',#5923,#5924,#5925);
#5923 = CARTESIAN_POINT('',(-6.5,-50.56,45.1));
#5924 = DIRECTION('',(0.,1.,0.));
#5925 = DIRECTION('',(0.,0.,1.));
#5926 = ADVANCED_FACE('',(#5927),#5952,.F.);
#5927 = FACE_BOUND('',#5928,.F.);
#5928 = EDGE_LOOP('',(#5929,#5937,#5945,#5951));
#5929 = ORIENTED_EDGE('',*,*,#5930,.F.);
#5930 = EDGE_CURVE('',#5931,#3382,#5933,.T.);
#5931 = VERTEX_POINT('',#5932);
#5932 = CARTESIAN_POINT('',(1.5,-106.56,45.1));
#5933 = LINE('',#5934,#5935);
#5934 = CARTESIAN_POINT('',(1.5,-106.56,45.1));
#5935 = VECTOR('',#5936,1.);
#5936 = DIRECTION('',(1.,0.,0.));
#5937 = ORIENTED_EDGE('',*,*,#5938,.T.);
#5938 = EDGE_CURVE('',#5931,#5939,#5941,.T.);
#5939 = VERTEX_POINT('',#5940);
#5940 = CARTESIAN_POINT('',(1.5,-106.56,52.1));
#5941 = LINE('',#5942,#5943);
#5942 = CARTESIAN_POINT('',(1.5,-106.56,45.1));
#5943 = VECTOR('',#5944,1.);
#5944 = DIRECTION('',(0.,0.,1.));
#5945 = ORIENTED_EDGE('',*,*,#5946,.T.);
#5946 = EDGE_CURVE('',#5939,#3311,#5947,.T.);
#5947 = LINE('',#5948,#5949);
#5948 = CARTESIAN_POINT('',(1.5,-106.56,52.1));
#5949 = VECTOR('',#5950,1.);
#5950 = DIRECTION('',(1.,0.,0.));
#5951 = ORIENTED_EDGE('',*,*,#3389,.F.);
#5952 = PLANE('',#5953);
#5953 = AXIS2_PLACEMENT_3D('',#5954,#5955,#5956);
#5954 = CARTESIAN_POINT('',(1.5,-106.56,45.1));
#5955 = DIRECTION('',(0.,1.,0.));
#5956 = DIRECTION('',(0.,0.,1.));
#5957 = ADVANCED_FACE('',(#5958),#5976,.F.);
#5958 = FACE_BOUND('',#5959,.F.);
#5959 = EDGE_LOOP('',(#5960,#5968,#5974,#5975));
#5960 = ORIENTED_EDGE('',*,*,#5961,.F.);
#5961 = EDGE_CURVE('',#5962,#3374,#5964,.T.);
#5962 = VERTEX_POINT('',#5963);
#5963 = CARTESIAN_POINT('',(1.5,-101.56,45.1));
#5964 = LINE('',#5965,#5966);
#5965 = CARTESIAN_POINT('',(1.5,-101.56,45.1));
#5966 = VECTOR('',#5967,1.);
#5967 = DIRECTION('',(1.,0.,0.));
#5968 = ORIENTED_EDGE('',*,*,#5969,.F.);
#5969 = EDGE_CURVE('',#5931,#5962,#5970,.T.);
#5970 = LINE('',#5971,#5972);
#5971 = CARTESIAN_POINT('',(1.5,-106.56,45.1));
#5972 = VECTOR('',#5973,1.);
#5973 = DIRECTION('',(0.,1.,0.));
#5974 = ORIENTED_EDGE('',*,*,#5930,.T.);
#5975 = ORIENTED_EDGE('',*,*,#3381,.F.);
#5976 = PLANE('',#5977);
#5977 = AXIS2_PLACEMENT_3D('',#5978,#5979,#5980);
#5978 = CARTESIAN_POINT('',(1.5,-106.56,45.1));
#5979 = DIRECTION('',(0.,0.,1.));
#5980 = DIRECTION('',(1.,0.,0.));
#5981 = ADVANCED_FACE('',(#5982),#6000,.T.);
#5982 = FACE_BOUND('',#5983,.T.);
#5983 = EDGE_LOOP('',(#5984,#5985,#5993,#5999));
#5984 = ORIENTED_EDGE('',*,*,#5961,.F.);
#5985 = ORIENTED_EDGE('',*,*,#5986,.T.);
#5986 = EDGE_CURVE('',#5962,#5987,#5989,.T.);
#5987 = VERTEX_POINT('',#5988);
#5988 = CARTESIAN_POINT('',(1.5,-101.56,52.1));
#5989 = LINE('',#5990,#5991);
#5990 = CARTESIAN_POINT('',(1.5,-101.56,45.1));
#5991 = VECTOR('',#5992,1.);
#5992 = DIRECTION('',(0.,0.,1.));
#5993 = ORIENTED_EDGE('',*,*,#5994,.T.);
#5994 = EDGE_CURVE('',#5987,#3366,#5995,.T.);
#5995 = LINE('',#5996,#5997);
#5996 = CARTESIAN_POINT('',(1.5,-101.56,52.1));
#5997 = VECTOR('',#5998,1.);
#5998 = DIRECTION('',(1.,0.,0.));
#5999 = ORIENTED_EDGE('',*,*,#3373,.F.);
#6000 = PLANE('',#6001);
#6001 = AXIS2_PLACEMENT_3D('',#6002,#6003,#6004);
#6002 = CARTESIAN_POINT('',(1.5,-101.56,45.1));
#6003 = DIRECTION('',(0.,1.,0.));
#6004 = DIRECTION('',(0.,0.,1.));
#6005 = ADVANCED_FACE('',(#6006),#6031,.F.);
#6006 = FACE_BOUND('',#6007,.F.);
#6007 = EDGE_LOOP('',(#6008,#6016,#6024,#6030));
#6008 = ORIENTED_EDGE('',*,*,#6009,.F.);
#6009 = EDGE_CURVE('',#6010,#3350,#6012,.T.);
#6010 = VERTEX_POINT('',#6011);
#6011 = CARTESIAN_POINT('',(1.5,-55.56,45.1));
#6012 = LINE('',#6013,#6014);
#6013 = CARTESIAN_POINT('',(1.5,-55.56,45.1));
#6014 = VECTOR('',#6015,1.);
#6015 = DIRECTION('',(1.,0.,0.));
#6016 = ORIENTED_EDGE('',*,*,#6017,.T.);
#6017 = EDGE_CURVE('',#6010,#6018,#6020,.T.);
#6018 = VERTEX_POINT('',#6019);
#6019 = CARTESIAN_POINT('',(1.5,-55.56,52.1));
#6020 = LINE('',#6021,#6022);
#6021 = CARTESIAN_POINT('',(1.5,-55.56,45.1));
#6022 = VECTOR('',#6023,1.);
#6023 = DIRECTION('',(0.,0.,1.));
#6024 = ORIENTED_EDGE('',*,*,#6025,.T.);
#6025 = EDGE_CURVE('',#6018,#3358,#6026,.T.);
#6026 = LINE('',#6027,#6028);
#6027 = CARTESIAN_POINT('',(1.5,-55.56,52.1));
#6028 = VECTOR('',#6029,1.);
#6029 = DIRECTION('',(1.,0.,0.));
#6030 = ORIENTED_EDGE('',*,*,#3357,.F.);
#6031 = PLANE('',#6032);
#6032 = AXIS2_PLACEMENT_3D('',#6033,#6034,#6035);
#6033 = CARTESIAN_POINT('',(1.5,-55.56,45.1));
#6034 = DIRECTION('',(0.,1.,0.));
#6035 = DIRECTION('',(0.,0.,1.));
#6036 = ADVANCED_FACE('',(#6037),#6055,.F.);
#6037 = FACE_BOUND('',#6038,.F.);
#6038 = EDGE_LOOP('',(#6039,#6047,#6053,#6054));
#6039 = ORIENTED_EDGE('',*,*,#6040,.F.);
#6040 = EDGE_CURVE('',#6041,#3342,#6043,.T.);
#6041 = VERTEX_POINT('',#6042);
#6042 = CARTESIAN_POINT('',(1.5,-50.56,45.1));
#6043 = LINE('',#6044,#6045);
#6044 = CARTESIAN_POINT('',(1.5,-50.56,45.1));
#6045 = VECTOR('',#6046,1.);
#6046 = DIRECTION('',(1.,0.,0.));
#6047 = ORIENTED_EDGE('',*,*,#6048,.F.);
#6048 = EDGE_CURVE('',#6010,#6041,#6049,.T.);
#6049 = LINE('',#6050,#6051);
#6050 = CARTESIAN_POINT('',(1.5,-55.56,45.1));
#6051 = VECTOR('',#6052,1.);
#6052 = DIRECTION('',(0.,1.,0.));
#6053 = ORIENTED_EDGE('',*,*,#6009,.T.);
#6054 = ORIENTED_EDGE('',*,*,#3349,.F.);
#6055 = PLANE('',#6056);
#6056 = AXIS2_PLACEMENT_3D('',#6057,#6058,#6059);
#6057 = CARTESIAN_POINT('',(1.5,-55.56,45.1));
#6058 = DIRECTION('',(0.,0.,1.));
#6059 = DIRECTION('',(1.,0.,0.));
#6060 = ADVANCED_FACE('',(#6061),#6079,.T.);
#6061 = FACE_BOUND('',#6062,.T.);
#6062 = EDGE_LOOP('',(#6063,#6064,#6072,#6078));
#6063 = ORIENTED_EDGE('',*,*,#6040,.F.);
#6064 = ORIENTED_EDGE('',*,*,#6065,.T.);
#6065 = EDGE_CURVE('',#6041,#6066,#6068,.T.);
#6066 = VERTEX_POINT('',#6067);
#6067 = CARTESIAN_POINT('',(1.5,-50.56,52.1));
#6068 = LINE('',#6069,#6070);
#6069 = CARTESIAN_POINT('',(1.5,-50.56,45.1));
#6070 = VECTOR('',#6071,1.);
#6071 = DIRECTION('',(0.,0.,1.));
#6072 = ORIENTED_EDGE('',*,*,#6073,.T.);
#6073 = EDGE_CURVE('',#6066,#3334,#6074,.T.);
#6074 = LINE('',#6075,#6076);
#6075 = CARTESIAN_POINT('',(1.5,-50.56,52.1));
#6076 = VECTOR('',#6077,1.);
#6077 = DIRECTION('',(1.,0.,0.));
#6078 = ORIENTED_EDGE('',*,*,#3341,.F.);
#6079 = PLANE('',#6080);
#6080 = AXIS2_PLACEMENT_3D('',#6081,#6082,#6083);
#6081 = CARTESIAN_POINT('',(1.5,-50.56,45.1));
#6082 = DIRECTION('',(0.,1.,0.));
#6083 = DIRECTION('',(0.,0.,1.));
#6084 = ADVANCED_FACE('',(#6085),#6101,.F.);
#6085 = FACE_BOUND('',#6086,.F.);
#6086 = EDGE_LOOP('',(#6087,#6088,#6094,#6095));
#6087 = ORIENTED_EDGE('',*,*,#3707,.F.);
#6088 = ORIENTED_EDGE('',*,*,#6089,.F.);
#6089 = EDGE_CURVE('',#3515,#3708,#6090,.T.);
#6090 = LINE('',#6091,#6092);
#6091 = CARTESIAN_POINT('',(32.6,-112.06,37.034604659887));
#6092 = VECTOR('',#6093,1.);
#6093 = DIRECTION('',(0.,1.,0.));
#6094 = ORIENTED_EDGE('',*,*,#3514,.T.);
#6095 = ORIENTED_EDGE('',*,*,#6096,.T.);
#6096 = EDGE_CURVE('',#3517,#3710,#6097,.T.);
#6097 = LINE('',#6098,#6099);
#6098 = CARTESIAN_POINT('',(29.4,-112.06,37.034604659887));
#6099 = VECTOR('',#6100,1.);
#6100 = DIRECTION('',(0.,1.,0.));
#6101 = CYLINDRICAL_SURFACE('',#6102,11.15);
#6102 = AXIS2_PLACEMENT_3D('',#6103,#6104,#6105);
#6103 = CARTESIAN_POINT('',(31.,-112.06,26.));
#6104 = DIRECTION('',(0.,1.,0.));
#6105 = DIRECTION('',(0.,0.,1.));
#6106 = ADVANCED_FACE('',(#6107),#6118,.T.);
#6107 = FACE_BOUND('',#6108,.T.);
#6108 = EDGE_LOOP('',(#6109,#6115,#6116,#6117));
#6109 = ORIENTED_EDGE('',*,*,#6110,.F.);
#6110 = EDGE_CURVE('',#3534,#3727,#6111,.T.);
#6111 = LINE('',#6112,#6113);
#6112 = CARTESIAN_POINT('',(29.4,-112.06,38.55));
#6113 = VECTOR('',#6114,1.);
#6114 = DIRECTION('',(0.,1.,0.));
#6115 = ORIENTED_EDGE('',*,*,#3541,.T.);
#6116 = ORIENTED_EDGE('',*,*,#6096,.T.);
#6117 = ORIENTED_EDGE('',*,*,#3734,.F.);
#6118 = PLANE('',#6119);
#6119 = AXIS2_PLACEMENT_3D('',#6120,#6121,#6122);
#6120 = CARTESIAN_POINT('',(29.4,-112.06,36.95));
#6121 = DIRECTION('',(1.,0.,0.));
#6122 = DIRECTION('',(0.,0.,1.));
#6123 = ADVANCED_FACE('',(#6124),#6135,.F.);
#6124 = FACE_BOUND('',#6125,.F.);
#6125 = EDGE_LOOP('',(#6126,#6127,#6128,#6134));
#6126 = ORIENTED_EDGE('',*,*,#6110,.F.);
#6127 = ORIENTED_EDGE('',*,*,#3533,.T.);
#6128 = ORIENTED_EDGE('',*,*,#6129,.T.);
#6129 = EDGE_CURVE('',#3526,#3719,#6130,.T.);
#6130 = LINE('',#6131,#6132);
#6131 = CARTESIAN_POINT('',(32.6,-112.06,38.55));
#6132 = VECTOR('',#6133,1.);
#6133 = DIRECTION('',(0.,1.,0.));
#6134 = ORIENTED_EDGE('',*,*,#3726,.F.);
#6135 = PLANE('',#6136);
#6136 = AXIS2_PLACEMENT_3D('',#6137,#6138,#6139);
#6137 = CARTESIAN_POINT('',(29.4,-112.06,38.55));
#6138 = DIRECTION('',(0.,0.,1.));
#6139 = DIRECTION('',(1.,0.,0.));
#6140 = ADVANCED_FACE('',(#6141),#6147,.F.);
#6141 = FACE_BOUND('',#6142,.F.);
#6142 = EDGE_LOOP('',(#6143,#6144,#6145,#6146));
#6143 = ORIENTED_EDGE('',*,*,#6129,.F.);
#6144 = ORIENTED_EDGE('',*,*,#3525,.T.);
#6145 = ORIENTED_EDGE('',*,*,#6089,.T.);
#6146 = ORIENTED_EDGE('',*,*,#3718,.F.);
#6147 = PLANE('',#6148);
#6148 = AXIS2_PLACEMENT_3D('',#6149,#6150,#6151);
#6149 = CARTESIAN_POINT('',(32.6,-112.06,36.95));
#6150 = DIRECTION('',(1.,0.,0.));
#6151 = DIRECTION('',(0.,0.,1.));
#6152 = ADVANCED_FACE('',(#6153),#6178,.F.);
#6153 = FACE_BOUND('',#6154,.F.);
#6154 = EDGE_LOOP('',(#6155,#6163,#6164,#6172));
#6155 = ORIENTED_EDGE('',*,*,#6156,.F.);
#6156 = EDGE_CURVE('',#3477,#6157,#6159,.T.);
#6157 = VERTEX_POINT('',#6158);
#6158 = CARTESIAN_POINT('',(60.5,-106.56,45.1));
#6159 = LINE('',#6160,#6161);
#6160 = CARTESIAN_POINT('',(55.5,-106.56,45.1));
#6161 = VECTOR('',#6162,1.);
#6162 = DIRECTION('',(1.,0.,0.));
#6163 = ORIENTED_EDGE('',*,*,#3484,.T.);
#6164 = ORIENTED_EDGE('',*,*,#6165,.T.);
#6165 = EDGE_CURVE('',#3406,#6166,#6168,.T.);
#6166 = VERTEX_POINT('',#6167);
#6167 = CARTESIAN_POINT('',(60.5,-106.56,52.1));
#6168 = LINE('',#6169,#6170);
#6169 = CARTESIAN_POINT('',(55.5,-106.56,52.1));
#6170 = VECTOR('',#6171,1.);
#6171 = DIRECTION('',(1.,0.,0.));
#6172 = ORIENTED_EDGE('',*,*,#6173,.F.);
#6173 = EDGE_CURVE('',#6157,#6166,#6174,.T.);
#6174 = LINE('',#6175,#6176);
#6175 = CARTESIAN_POINT('',(60.5,-106.56,45.1));
#6176 = VECTOR('',#6177,1.);
#6177 = DIRECTION('',(0.,0.,1.));
#6178 = PLANE('',#6179);
#6179 = AXIS2_PLACEMENT_3D('',#6180,#6181,#6182);
#6180 = CARTESIAN_POINT('',(55.5,-106.56,45.1));
#6181 = DIRECTION('',(0.,1.,0.));
#6182 = DIRECTION('',(0.,0.,1.));
#6183 = ADVANCED_FACE('',(#6184),#6202,.F.);
#6184 = FACE_BOUND('',#6185,.F.);
#6185 = EDGE_LOOP('',(#6186,#6194,#6195,#6196));
#6186 = ORIENTED_EDGE('',*,*,#6187,.F.);
#6187 = EDGE_CURVE('',#3469,#6188,#6190,.T.);
#6188 = VERTEX_POINT('',#6189);
#6189 = CARTESIAN_POINT('',(60.5,-101.56,45.1));
#6190 = LINE('',#6191,#6192);
#6191 = CARTESIAN_POINT('',(55.5,-101.56,45.1));
#6192 = VECTOR('',#6193,1.);
#6193 = DIRECTION('',(1.,0.,0.));
#6194 = ORIENTED_EDGE('',*,*,#3476,.T.);
#6195 = ORIENTED_EDGE('',*,*,#6156,.T.);
#6196 = ORIENTED_EDGE('',*,*,#6197,.T.);
#6197 = EDGE_CURVE('',#6157,#6188,#6198,.T.);
#6198 = LINE('',#6199,#6200);
#6199 = CARTESIAN_POINT('',(60.5,-106.56,45.1));
#6200 = VECTOR('',#6201,1.);
#6201 = DIRECTION('',(0.,1.,0.));
#6202 = PLANE('',#6203);
#6203 = AXIS2_PLACEMENT_3D('',#6204,#6205,#6206);
#6204 = CARTESIAN_POINT('',(55.5,-106.56,45.1));
#6205 = DIRECTION('',(0.,0.,1.));
#6206 = DIRECTION('',(1.,0.,0.));
#6207 = ADVANCED_FACE('',(#6208),#6226,.T.);
#6208 = FACE_BOUND('',#6209,.T.);
#6209 = EDGE_LOOP('',(#6210,#6211,#6212,#6220));
#6210 = ORIENTED_EDGE('',*,*,#6187,.F.);
#6211 = ORIENTED_EDGE('',*,*,#3468,.T.);
#6212 = ORIENTED_EDGE('',*,*,#6213,.T.);
#6213 = EDGE_CURVE('',#3461,#6214,#6216,.T.);
#6214 = VERTEX_POINT('',#6215);
#6215 = CARTESIAN_POINT('',(60.5,-101.56,52.1));
#6216 = LINE('',#6217,#6218);
#6217 = CARTESIAN_POINT('',(55.5,-101.56,52.1));
#6218 = VECTOR('',#6219,1.);
#6219 = DIRECTION('',(1.,0.,0.));
#6220 = ORIENTED_EDGE('',*,*,#6221,.F.);
#6221 = EDGE_CURVE('',#6188,#6214,#6222,.T.);
#6222 = LINE('',#6223,#6224);
#6223 = CARTESIAN_POINT('',(60.5,-101.56,45.1));
#6224 = VECTOR('',#6225,1.);
#6225 = DIRECTION('',(0.,0.,1.));
#6226 = PLANE('',#6227);
#6227 = AXIS2_PLACEMENT_3D('',#6228,#6229,#6230);
#6228 = CARTESIAN_POINT('',(55.5,-101.56,45.1));
#6229 = DIRECTION('',(0.,1.,0.));
#6230 = DIRECTION('',(0.,0.,1.));
#6231 = ADVANCED_FACE('',(#6232),#6257,.F.);
#6232 = FACE_BOUND('',#6233,.F.);
#6233 = EDGE_LOOP('',(#6234,#6242,#6243,#6251));
#6234 = ORIENTED_EDGE('',*,*,#6235,.F.);
#6235 = EDGE_CURVE('',#3445,#6236,#6238,.T.);
#6236 = VERTEX_POINT('',#6237);
#6237 = CARTESIAN_POINT('',(60.5,-55.56,45.1));
#6238 = LINE('',#6239,#6240);
#6239 = CARTESIAN_POINT('',(55.5,-55.56,45.1));
#6240 = VECTOR('',#6241,1.);
#6241 = DIRECTION('',(1.,0.,0.));
#6242 = ORIENTED_EDGE('',*,*,#3452,.T.);
#6243 = ORIENTED_EDGE('',*,*,#6244,.T.);
#6244 = EDGE_CURVE('',#3453,#6245,#6247,.T.);
#6245 = VERTEX_POINT('',#6246);
#6246 = CARTESIAN_POINT('',(60.5,-55.56,52.1));
#6247 = LINE('',#6248,#6249);
#6248 = CARTESIAN_POINT('',(55.5,-55.56,52.1));
#6249 = VECTOR('',#6250,1.);
#6250 = DIRECTION('',(1.,0.,0.));
#6251 = ORIENTED_EDGE('',*,*,#6252,.F.);
#6252 = EDGE_CURVE('',#6236,#6245,#6253,.T.);
#6253 = LINE('',#6254,#6255);
#6254 = CARTESIAN_POINT('',(60.5,-55.56,45.1));
#6255 = VECTOR('',#6256,1.);
#6256 = DIRECTION('',(0.,0.,1.));
#6257 = PLANE('',#6258);
#6258 = AXIS2_PLACEMENT_3D('',#6259,#6260,#6261);
#6259 = CARTESIAN_POINT('',(55.5,-55.56,45.1));
#6260 = DIRECTION('',(0.,1.,0.));
#6261 = DIRECTION('',(0.,0.,1.));
#6262 = ADVANCED_FACE('',(#6263),#6281,.F.);
#6263 = FACE_BOUND('',#6264,.F.);
#6264 = EDGE_LOOP('',(#6265,#6273,#6274,#6275));
#6265 = ORIENTED_EDGE('',*,*,#6266,.F.);
#6266 = EDGE_CURVE('',#3437,#6267,#6269,.T.);
#6267 = VERTEX_POINT('',#6268);
#6268 = CARTESIAN_POINT('',(60.5,-50.56,45.1));
#6269 = LINE('',#6270,#6271);
#6270 = CARTESIAN_POINT('',(55.5,-50.56,45.1));
#6271 = VECTOR('',#6272,1.);
#6272 = DIRECTION('',(1.,0.,0.));
#6273 = ORIENTED_EDGE('',*,*,#3444,.T.);
#6274 = ORIENTED_EDGE('',*,*,#6235,.T.);
#6275 = ORIENTED_EDGE('',*,*,#6276,.T.);
#6276 = EDGE_CURVE('',#6236,#6267,#6277,.T.);
#6277 = LINE('',#6278,#6279);
#6278 = CARTESIAN_POINT('',(60.5,-55.56,45.1));
#6279 = VECTOR('',#6280,1.);
#6280 = DIRECTION('',(0.,1.,0.));
#6281 = PLANE('',#6282);
#6282 = AXIS2_PLACEMENT_3D('',#6283,#6284,#6285);
#6283 = CARTESIAN_POINT('',(55.5,-55.56,45.1));
#6284 = DIRECTION('',(0.,0.,1.));
#6285 = DIRECTION('',(1.,0.,0.));
#6286 = ADVANCED_FACE('',(#6287),#6305,.T.);
#6287 = FACE_BOUND('',#6288,.T.);
#6288 = EDGE_LOOP('',(#6289,#6290,#6291,#6299));
#6289 = ORIENTED_EDGE('',*,*,#6266,.F.);
#6290 = ORIENTED_EDGE('',*,*,#3436,.T.);
#6291 = ORIENTED_EDGE('',*,*,#6292,.T.);
#6292 = EDGE_CURVE('',#3429,#6293,#6295,.T.);
#6293 = VERTEX_POINT('',#6294);
#6294 = CARTESIAN_POINT('',(60.5,-50.56,52.1));
#6295 = LINE('',#6296,#6297);
#6296 = CARTESIAN_POINT('',(55.5,-50.56,52.1));
#6297 = VECTOR('',#6298,1.);
#6298 = DIRECTION('',(1.,0.,0.));
#6299 = ORIENTED_EDGE('',*,*,#6300,.F.);
#6300 = EDGE_CURVE('',#6267,#6293,#6301,.T.);
#6301 = LINE('',#6302,#6303);
#6302 = CARTESIAN_POINT('',(60.5,-50.56,45.1));
#6303 = VECTOR('',#6304,1.);
#6304 = DIRECTION('',(0.,0.,1.));
#6305 = PLANE('',#6306);
#6306 = AXIS2_PLACEMENT_3D('',#6307,#6308,#6309);
#6307 = CARTESIAN_POINT('',(55.5,-50.56,45.1));
#6308 = DIRECTION('',(0.,1.,0.));
#6309 = DIRECTION('',(0.,0.,1.));
#6310 = ADVANCED_FACE('',(#6311,#6322),#6333,.F.);
#6311 = FACE_BOUND('',#6312,.F.);
#6312 = EDGE_LOOP('',(#6313,#6314,#6315,#6321));
#6313 = ORIENTED_EDGE('',*,*,#3904,.F.);
#6314 = ORIENTED_EDGE('',*,*,#3937,.T.);
#6315 = ORIENTED_EDGE('',*,*,#6316,.T.);
#6316 = EDGE_CURVE('',#3928,#3984,#6317,.T.);
#6317 = LINE('',#6318,#6319);
#6318 = CARTESIAN_POINT('',(101.74,-16.,43.));
#6319 = VECTOR('',#6320,1.);
#6320 = DIRECTION('',(1.110223024625E-16,1.,0.));
#6321 = ORIENTED_EDGE('',*,*,#3993,.F.);
#6322 = FACE_BOUND('',#6323,.F.);
#6323 = EDGE_LOOP('',(#6324));
#6324 = ORIENTED_EDGE('',*,*,#6325,.F.);
#6325 = EDGE_CURVE('',#6326,#6326,#6328,.T.);
#6326 = VERTEX_POINT('',#6327);
#6327 = CARTESIAN_POINT('',(101.74,-1.27894781475E-14,32.1));
#6328 = CIRCLE('',#6329,6.1);
#6329 = AXIS2_PLACEMENT_3D('',#6330,#6331,#6332);
#6330 = CARTESIAN_POINT('',(101.74,-1.129540905254E-14,26.));
#6331 = DIRECTION('',(-1.,1.110223024625E-16,0.));
#6332 = DIRECTION('',(0.,0.,1.));
#6333 = PLANE('',#6334);
#6334 = AXIS2_PLACEMENT_3D('',#6335,#6336,#6337);
#6335 = CARTESIAN_POINT('',(101.74,-16.,9.));
#6336 = DIRECTION('',(-1.,1.110223024625E-16,0.));
#6337 = DIRECTION('',(0.,0.,1.));
#6338 = ADVANCED_FACE('',(#6339),#6364,.F.);
#6339 = FACE_BOUND('',#6340,.F.);
#6340 = EDGE_LOOP('',(#6341,#6349,#6357,#6363));
#6341 = ORIENTED_EDGE('',*,*,#6342,.F.);
#6342 = EDGE_CURVE('',#6343,#3962,#6345,.T.);
#6343 = VERTEX_POINT('',#6344);
#6344 = CARTESIAN_POINT('',(84.24,-19.5,36.));
#6345 = LINE('',#6346,#6347);
#6346 = CARTESIAN_POINT('',(84.24,-19.5,36.));
#6347 = VECTOR('',#6348,1.);
#6348 = DIRECTION('',(1.110223024625E-16,1.,0.));
#6349 = ORIENTED_EDGE('',*,*,#6350,.T.);
#6350 = EDGE_CURVE('',#6343,#6351,#6353,.T.);
#6351 = VERTEX_POINT('',#6352);
#6352 = CARTESIAN_POINT('',(84.24,-19.5,43.));
#6353 = LINE('',#6354,#6355);
#6354 = CARTESIAN_POINT('',(84.24,-19.5,36.));
#6355 = VECTOR('',#6356,1.);
#6356 = DIRECTION('',(0.,0.,1.));
#6357 = ORIENTED_EDGE('',*,*,#6358,.T.);
#6358 = EDGE_CURVE('',#6351,#3930,#6359,.T.);
#6359 = LINE('',#6360,#6361);
#6360 = CARTESIAN_POINT('',(84.24,-19.5,43.));
#6361 = VECTOR('',#6362,1.);
#6362 = DIRECTION('',(1.110223024625E-16,1.,0.));
#6363 = ORIENTED_EDGE('',*,*,#3969,.F.);
#6364 = PLANE('',#6365);
#6365 = AXIS2_PLACEMENT_3D('',#6366,#6367,#6368);
#6366 = CARTESIAN_POINT('',(84.24,-19.5,36.));
#6367 = DIRECTION('',(-1.,1.110223024625E-16,0.));
#6368 = DIRECTION('',(0.,0.,1.));
#6369 = ADVANCED_FACE('',(#6370),#6388,.F.);
#6370 = FACE_BOUND('',#6371,.F.);
#6371 = EDGE_LOOP('',(#6372,#6380,#6386,#6387));
#6372 = ORIENTED_EDGE('',*,*,#6373,.F.);
#6373 = EDGE_CURVE('',#6374,#3954,#6376,.T.);
#6374 = VERTEX_POINT('',#6375);
#6375 = CARTESIAN_POINT('',(79.24,-19.5,36.));
#6376 = LINE('',#6377,#6378);
#6377 = CARTESIAN_POINT('',(79.24,-19.5,36.));
#6378 = VECTOR('',#6379,1.);
#6379 = DIRECTION('',(1.110223024625E-16,1.,0.));
#6380 = ORIENTED_EDGE('',*,*,#6381,.F.);
#6381 = EDGE_CURVE('',#6343,#6374,#6382,.T.);
#6382 = LINE('',#6383,#6384);
#6383 = CARTESIAN_POINT('',(84.24,-19.5,36.));
#6384 = VECTOR('',#6385,1.);
#6385 = DIRECTION('',(-1.,1.110223024625E-16,0.));
#6386 = ORIENTED_EDGE('',*,*,#6342,.T.);
#6387 = ORIENTED_EDGE('',*,*,#3961,.F.);
#6388 = PLANE('',#6389);
#6389 = AXIS2_PLACEMENT_3D('',#6390,#6391,#6392);
#6390 = CARTESIAN_POINT('',(84.24,-19.5,36.));
#6391 = DIRECTION('',(0.,0.,1.));
#6392 = DIRECTION('',(1.110223024625E-16,1.,0.));
#6393 = ADVANCED_FACE('',(#6394),#6412,.T.);
#6394 = FACE_BOUND('',#6395,.T.);
#6395 = EDGE_LOOP('',(#6396,#6397,#6405,#6411));
#6396 = ORIENTED_EDGE('',*,*,#6373,.F.);
#6397 = ORIENTED_EDGE('',*,*,#6398,.T.);
#6398 = EDGE_CURVE('',#6374,#6399,#6401,.T.);
#6399 = VERTEX_POINT('',#6400);
#6400 = CARTESIAN_POINT('',(79.24,-19.5,43.));
#6401 = LINE('',#6402,#6403);
#6402 = CARTESIAN_POINT('',(79.24,-19.5,36.));
#6403 = VECTOR('',#6404,1.);
#6404 = DIRECTION('',(0.,0.,1.));
#6405 = ORIENTED_EDGE('',*,*,#6406,.T.);
#6406 = EDGE_CURVE('',#6399,#3946,#6407,.T.);
#6407 = LINE('',#6408,#6409);
#6408 = CARTESIAN_POINT('',(79.24,-19.5,43.));
#6409 = VECTOR('',#6410,1.);
#6410 = DIRECTION('',(1.110223024625E-16,1.,0.));
#6411 = ORIENTED_EDGE('',*,*,#3953,.F.);
#6412 = PLANE('',#6413);
#6413 = AXIS2_PLACEMENT_3D('',#6414,#6415,#6416);
#6414 = CARTESIAN_POINT('',(79.24,-19.5,36.));
#6415 = DIRECTION('',(-1.,1.110223024625E-16,0.));
#6416 = DIRECTION('',(0.,0.,1.));
#6417 = ADVANCED_FACE('',(#6418),#6443,.F.);
#6418 = FACE_BOUND('',#6419,.F.);
#6419 = EDGE_LOOP('',(#6420,#6428,#6429,#6437));
#6420 = ORIENTED_EDGE('',*,*,#6421,.F.);
#6421 = EDGE_CURVE('',#4018,#6422,#6424,.T.);
#6422 = VERTEX_POINT('',#6423);
#6423 = CARTESIAN_POINT('',(84.24,19.5,36.));
#6424 = LINE('',#6425,#6426);
#6425 = CARTESIAN_POINT('',(84.24,14.5,36.));
#6426 = VECTOR('',#6427,1.);
#6427 = DIRECTION('',(1.110223024625E-16,1.,0.));
#6428 = ORIENTED_EDGE('',*,*,#4025,.T.);
#6429 = ORIENTED_EDGE('',*,*,#6430,.T.);
#6430 = EDGE_CURVE('',#3986,#6431,#6433,.T.);
#6431 = VERTEX_POINT('',#6432);
#6432 = CARTESIAN_POINT('',(84.24,19.5,43.));
#6433 = LINE('',#6434,#6435);
#6434 = CARTESIAN_POINT('',(84.24,14.5,43.));
#6435 = VECTOR('',#6436,1.);
#6436 = DIRECTION('',(1.110223024625E-16,1.,0.));
#6437 = ORIENTED_EDGE('',*,*,#6438,.F.);
#6438 = EDGE_CURVE('',#6422,#6431,#6439,.T.);
#6439 = LINE('',#6440,#6441);
#6440 = CARTESIAN_POINT('',(84.24,19.5,36.));
#6441 = VECTOR('',#6442,1.);
#6442 = DIRECTION('',(0.,0.,1.));
#6443 = PLANE('',#6444);
#6444 = AXIS2_PLACEMENT_3D('',#6445,#6446,#6447);
#6445 = CARTESIAN_POINT('',(84.24,14.5,36.));
#6446 = DIRECTION('',(-1.,1.110223024625E-16,0.));
#6447 = DIRECTION('',(0.,0.,1.));
#6448 = ADVANCED_FACE('',(#6449),#6467,.F.);
#6449 = FACE_BOUND('',#6450,.F.);
#6450 = EDGE_LOOP('',(#6451,#6459,#6460,#6461));
#6451 = ORIENTED_EDGE('',*,*,#6452,.F.);
#6452 = EDGE_CURVE('',#4010,#6453,#6455,.T.);
#6453 = VERTEX_POINT('',#6454);
#6454 = CARTESIAN_POINT('',(79.24,19.5,36.));
#6455 = LINE('',#6456,#6457);
#6456 = CARTESIAN_POINT('',(79.24,14.5,36.));
#6457 = VECTOR('',#6458,1.);
#6458 = DIRECTION('',(1.110223024625E-16,1.,0.));
#6459 = ORIENTED_EDGE('',*,*,#4017,.T.);
#6460 = ORIENTED_EDGE('',*,*,#6421,.T.);
#6461 = ORIENTED_EDGE('',*,*,#6462,.T.);
#6462 = EDGE_CURVE('',#6422,#6453,#6463,.T.);
#6463 = LINE('',#6464,#6465);
#6464 = CARTESIAN_POINT('',(84.24,19.5,36.));
#6465 = VECTOR('',#6466,1.);
#6466 = DIRECTION('',(-1.,1.110223024625E-16,0.));
#6467 = PLANE('',#6468);
#6468 = AXIS2_PLACEMENT_3D('',#6469,#6470,#6471);
#6469 = CARTESIAN_POINT('',(84.24,14.5,36.));
#6470 = DIRECTION('',(0.,0.,1.));
#6471 = DIRECTION('',(1.110223024625E-16,1.,0.));
#6472 = ADVANCED_FACE('',(#6473),#6491,.T.);
#6473 = FACE_BOUND('',#6474,.T.);
#6474 = EDGE_LOOP('',(#6475,#6476,#6477,#6485));
#6475 = ORIENTED_EDGE('',*,*,#6452,.F.);
#6476 = ORIENTED_EDGE('',*,*,#4009,.T.);
#6477 = ORIENTED_EDGE('',*,*,#6478,.T.);
#6478 = EDGE_CURVE('',#4002,#6479,#6481,.T.);
#6479 = VERTEX_POINT('',#6480);
#6480 = CARTESIAN_POINT('',(79.24,19.5,43.));
#6481 = LINE('',#6482,#6483);
#6482 = CARTESIAN_POINT('',(79.24,14.5,43.));
#6483 = VECTOR('',#6484,1.);
#6484 = DIRECTION('',(1.110223024625E-16,1.,0.));
#6485 = ORIENTED_EDGE('',*,*,#6486,.F.);
#6486 = EDGE_CURVE('',#6453,#6479,#6487,.T.);
#6487 = LINE('',#6488,#6489);
#6488 = CARTESIAN_POINT('',(79.24,19.5,36.));
#6489 = VECTOR('',#6490,1.);
#6490 = DIRECTION('',(0.,0.,1.));
#6491 = PLANE('',#6492);
#6492 = AXIS2_PLACEMENT_3D('',#6493,#6494,#6495);
#6493 = CARTESIAN_POINT('',(79.24,14.5,36.));
#6494 = DIRECTION('',(-1.,1.110223024625E-16,0.));
#6495 = DIRECTION('',(0.,0.,1.));
#6496 = ADVANCED_FACE('',(#6497,#6508),#6519,.T.);
#6497 = FACE_BOUND('',#6498,.T.);
#6498 = EDGE_LOOP('',(#6499,#6500,#6501,#6507));
#6499 = ORIENTED_EDGE('',*,*,#4102,.F.);
#6500 = ORIENTED_EDGE('',*,*,#4039,.T.);
#6501 = ORIENTED_EDGE('',*,*,#6502,.T.);
#6502 = EDGE_CURVE('',#4042,#4073,#6503,.T.);
#6503 = LINE('',#6504,#6505);
#6504 = CARTESIAN_POINT('',(98.54,-13.,43.));
#6505 = VECTOR('',#6506,1.);
#6506 = DIRECTION('',(1.110223024625E-16,1.,0.));
#6507 = ORIENTED_EDGE('',*,*,#4070,.F.);
#6508 = FACE_BOUND('',#6509,.T.);
#6509 = EDGE_LOOP('',(#6510));
#6510 = ORIENTED_EDGE('',*,*,#6511,.F.);
#6511 = EDGE_CURVE('',#6512,#6512,#6514,.T.);
#6512 = VERTEX_POINT('',#6513);
#6513 = CARTESIAN_POINT('',(98.54,-1.243420677962E-14,32.1));
#6514 = CIRCLE('',#6515,6.1);
#6515 = AXIS2_PLACEMENT_3D('',#6516,#6517,#6518);
#6516 = CARTESIAN_POINT('',(98.54,-1.094013768466E-14,26.));
#6517 = DIRECTION('',(-1.,1.110223024625E-16,0.));
#6518 = DIRECTION('',(0.,0.,1.));
#6519 = PLANE('',#6520);
#6520 = AXIS2_PLACEMENT_3D('',#6521,#6522,#6523);
#6521 = CARTESIAN_POINT('',(98.54,-13.,12.));
#6522 = DIRECTION('',(-1.,1.110223024625E-16,0.));
#6523 = DIRECTION('',(0.,0.,1.));
#6524 = ADVANCED_FACE('',(#6525),#6531,.F.);
#6525 = FACE_BOUND('',#6526,.F.);
#6526 = EDGE_LOOP('',(#6527,#6528,#6529,#6530));
#6527 = ORIENTED_EDGE('',*,*,#4404,.F.);
#6528 = ORIENTED_EDGE('',*,*,#4828,.T.);
#6529 = ORIENTED_EDGE('',*,*,#4862,.T.);
#6530 = ORIENTED_EDGE('',*,*,#4892,.F.);
#6531 = PLANE('',#6532);
#6532 = AXIS2_PLACEMENT_3D('',#6533,#6534,#6535);
#6533 = CARTESIAN_POINT('',(-50.028,38.06,3.));
#6534 = DIRECTION('',(0.,1.,0.));
#6535 = DIRECTION('',(0.,0.,1.));
#6536 = ADVANCED_FACE('',(#6537),#6548,.F.);
#6537 = FACE_BOUND('',#6538,.F.);
#6538 = EDGE_LOOP('',(#6539,#6540,#6541,#6547));
#6539 = ORIENTED_EDGE('',*,*,#4381,.F.);
#6540 = ORIENTED_EDGE('',*,*,#4909,.T.);
#6541 = ORIENTED_EDGE('',*,*,#6542,.T.);
#6542 = EDGE_CURVE('',#4910,#4943,#6543,.T.);
#6543 = LINE('',#6544,#6545);
#6544 = CARTESIAN_POINT('',(41.972,38.06,30.1));
#6545 = VECTOR('',#6546,1.);
#6546 = DIRECTION('',(1.,0.,0.));
#6547 = ORIENTED_EDGE('',*,*,#4942,.F.);
#6548 = PLANE('',#6549);
#6549 = AXIS2_PLACEMENT_3D('',#6550,#6551,#6552);
#6550 = CARTESIAN_POINT('',(41.972,38.06,3.));
#6551 = DIRECTION('',(0.,1.,0.));
#6552 = DIRECTION('',(0.,0.,1.));
#6553 = ADVANCED_FACE('',(#6554),#6560,.T.);
#6554 = FACE_BOUND('',#6555,.T.);
#6555 = EDGE_LOOP('',(#6556,#6557,#6558,#6559));
#6556 = ORIENTED_EDGE('',*,*,#4356,.F.);
#6557 = ORIENTED_EDGE('',*,*,#4748,.T.);
#6558 = ORIENTED_EDGE('',*,*,#4732,.T.);
#6559 = ORIENTED_EDGE('',*,*,#4700,.F.);
#6560 = PLANE('',#6561);
#6561 = AXIS2_PLACEMENT_3D('',#6562,#6563,#6564);
#6562 = CARTESIAN_POINT('',(41.972,-38.06,3.));
#6563 = DIRECTION('',(0.,1.,0.));
#6564 = DIRECTION('',(0.,0.,1.));
#6565 = ADVANCED_FACE('',(#6566),#6572,.T.);
#6566 = FACE_BOUND('',#6567,.T.);
#6567 = EDGE_LOOP('',(#6568,#6569,#6570,#6571));
#6568 = ORIENTED_EDGE('',*,*,#4333,.F.);
#6569 = ORIENTED_EDGE('',*,*,#4765,.T.);
#6570 = ORIENTED_EDGE('',*,*,#4797,.T.);
#6571 = ORIENTED_EDGE('',*,*,#4813,.F.);
#6572 = PLANE('',#6573);
#6573 = AXIS2_PLACEMENT_3D('',#6574,#6575,#6576);
#6574 = CARTESIAN_POINT('',(-50.028,-38.06,3.));
#6575 = DIRECTION('',(0.,1.,0.));
#6576 = DIRECTION('',(0.,0.,1.));
#6577 = ADVANCED_FACE('',(#6578),#6603,.F.);
#6578 = FACE_BOUND('',#6579,.F.);
#6579 = EDGE_LOOP('',(#6580,#6581,#6589,#6597));
#6580 = ORIENTED_EDGE('',*,*,#4420,.F.);
#6581 = ORIENTED_EDGE('',*,*,#6582,.T.);
#6582 = EDGE_CURVE('',#4421,#6583,#6585,.T.);
#6583 = VERTEX_POINT('',#6584);
#6584 = CARTESIAN_POINT('',(-50.24,-34.56,18.));
#6585 = LINE('',#6586,#6587);
#6586 = CARTESIAN_POINT('',(-50.24,-34.56,3.));
#6587 = VECTOR('',#6588,1.);
#6588 = DIRECTION('',(0.,0.,1.));
#6589 = ORIENTED_EDGE('',*,*,#6590,.T.);
#6590 = EDGE_CURVE('',#6583,#6591,#6593,.T.);
#6591 = VERTEX_POINT('',#6592);
#6592 = CARTESIAN_POINT('',(-45.24,-34.56,18.));
#6593 = LINE('',#6594,#6595);
#6594 = CARTESIAN_POINT('',(-50.24,-34.56,18.));
#6595 = VECTOR('',#6596,1.);
#6596 = DIRECTION('',(1.,0.,0.));
#6597 = ORIENTED_EDGE('',*,*,#6598,.F.);
#6598 = EDGE_CURVE('',#4423,#6591,#6599,.T.);
#6599 = LINE('',#6600,#6601);
#6600 = CARTESIAN_POINT('',(-45.24,-34.56,3.));
#6601 = VECTOR('',#6602,1.);
#6602 = DIRECTION('',(0.,0.,1.));
#6603 = PLANE('',#6604);
#6604 = AXIS2_PLACEMENT_3D('',#6605,#6606,#6607);
#6605 = CARTESIAN_POINT('',(-50.24,-34.56,3.));
#6606 = DIRECTION('',(0.,1.,0.));
#6607 = DIRECTION('',(0.,0.,1.));
#6608 = ADVANCED_FACE('',(#6609),#6627,.F.);
#6609 = FACE_BOUND('',#6610,.F.);
#6610 = EDGE_LOOP('',(#6611,#6612,#6613,#6621));
#6611 = ORIENTED_EDGE('',*,*,#6582,.F.);
#6612 = ORIENTED_EDGE('',*,*,#4430,.T.);
#6613 = ORIENTED_EDGE('',*,*,#6614,.T.);
#6614 = EDGE_CURVE('',#4431,#6615,#6617,.T.);
#6615 = VERTEX_POINT('',#6616);
#6616 = CARTESIAN_POINT('',(-50.24,-29.56,18.));
#6617 = LINE('',#6618,#6619);
#6618 = CARTESIAN_POINT('',(-50.24,-29.56,3.));
#6619 = VECTOR('',#6620,1.);
#6620 = DIRECTION('',(0.,0.,1.));
#6621 = ORIENTED_EDGE('',*,*,#6622,.F.);
#6622 = EDGE_CURVE('',#6583,#6615,#6623,.T.);
#6623 = LINE('',#6624,#6625);
#6624 = CARTESIAN_POINT('',(-50.24,-34.56,18.));
#6625 = VECTOR('',#6626,1.);
#6626 = DIRECTION('',(0.,1.,0.));
#6627 = PLANE('',#6628);
#6628 = AXIS2_PLACEMENT_3D('',#6629,#6630,#6631);
#6629 = CARTESIAN_POINT('',(-50.24,-34.56,3.));
#6630 = DIRECTION('',(1.,0.,0.));
#6631 = DIRECTION('',(0.,0.,1.));
#6632 = ADVANCED_FACE('',(#6633),#6651,.T.);
#6633 = FACE_BOUND('',#6634,.T.);
#6634 = EDGE_LOOP('',(#6635,#6636,#6637,#6645));
#6635 = ORIENTED_EDGE('',*,*,#6598,.F.);
#6636 = ORIENTED_EDGE('',*,*,#4446,.T.);
#6637 = ORIENTED_EDGE('',*,*,#6638,.T.);
#6638 = EDGE_CURVE('',#4439,#6639,#6641,.T.);
#6639 = VERTEX_POINT('',#6640);
#6640 = CARTESIAN_POINT('',(-45.24,-29.56,18.));
#6641 = LINE('',#6642,#6643);
#6642 = CARTESIAN_POINT('',(-45.24,-29.56,3.));
#6643 = VECTOR('',#6644,1.);
#6644 = DIRECTION('',(0.,0.,1.));
#6645 = ORIENTED_EDGE('',*,*,#6646,.F.);
#6646 = EDGE_CURVE('',#6591,#6639,#6647,.T.);
#6647 = LINE('',#6648,#6649);
#6648 = CARTESIAN_POINT('',(-45.24,-34.56,18.));
#6649 = VECTOR('',#6650,1.);
#6650 = DIRECTION('',(0.,1.,0.));
#6651 = PLANE('',#6652);
#6652 = AXIS2_PLACEMENT_3D('',#6653,#6654,#6655);
#6653 = CARTESIAN_POINT('',(-45.24,-34.56,3.));
#6654 = DIRECTION('',(1.,0.,0.));
#6655 = DIRECTION('',(0.,0.,1.));
#6656 = ADVANCED_FACE('',(#6657),#6668,.T.);
#6657 = FACE_BOUND('',#6658,.T.);
#6658 = EDGE_LOOP('',(#6659,#6660,#6661,#6667));
#6659 = ORIENTED_EDGE('',*,*,#4438,.F.);
#6660 = ORIENTED_EDGE('',*,*,#6614,.T.);
#6661 = ORIENTED_EDGE('',*,*,#6662,.T.);
#6662 = EDGE_CURVE('',#6615,#6639,#6663,.T.);
#6663 = LINE('',#6664,#6665);
#6664 = CARTESIAN_POINT('',(-50.24,-29.56,18.));
#6665 = VECTOR('',#6666,1.);
#6666 = DIRECTION('',(1.,0.,0.));
#6667 = ORIENTED_EDGE('',*,*,#6638,.F.);
#6668 = PLANE('',#6669);
#6669 = AXIS2_PLACEMENT_3D('',#6670,#6671,#6672);
#6670 = CARTESIAN_POINT('',(-50.24,-29.56,3.));
#6671 = DIRECTION('',(0.,1.,0.));
#6672 = DIRECTION('',(0.,0.,1.));
#6673 = ADVANCED_FACE('',(#6674),#6699,.F.);
#6674 = FACE_BOUND('',#6675,.F.);
#6675 = EDGE_LOOP('',(#6676,#6677,#6685,#6693));
#6676 = ORIENTED_EDGE('',*,*,#4454,.F.);
#6677 = ORIENTED_EDGE('',*,*,#6678,.T.);
#6678 = EDGE_CURVE('',#4455,#6679,#6681,.T.);
#6679 = VERTEX_POINT('',#6680);
#6680 = CARTESIAN_POINT('',(-2.74,-34.94,18.));
#6681 = LINE('',#6682,#6683);
#6682 = CARTESIAN_POINT('',(-2.74,-34.94,3.));
#6683 = VECTOR('',#6684,1.);
#6684 = DIRECTION('',(0.,0.,1.));
#6685 = ORIENTED_EDGE('',*,*,#6686,.T.);
#6686 = EDGE_CURVE('',#6679,#6687,#6689,.T.);
#6687 = VERTEX_POINT('',#6688);
#6688 = CARTESIAN_POINT('',(2.26,-34.94,18.));
#6689 = LINE('',#6690,#6691);
#6690 = CARTESIAN_POINT('',(-2.74,-34.94,18.));
#6691 = VECTOR('',#6692,1.);
#6692 = DIRECTION('',(1.,0.,0.));
#6693 = ORIENTED_EDGE('',*,*,#6694,.F.);
#6694 = EDGE_CURVE('',#4457,#6687,#6695,.T.);
#6695 = LINE('',#6696,#6697);
#6696 = CARTESIAN_POINT('',(2.26,-34.94,3.));
#6697 = VECTOR('',#6698,1.);
#6698 = DIRECTION('',(0.,0.,1.));
#6699 = PLANE('',#6700);
#6700 = AXIS2_PLACEMENT_3D('',#6701,#6702,#6703);
#6701 = CARTESIAN_POINT('',(-2.74,-34.94,3.));
#6702 = DIRECTION('',(0.,1.,0.));
#6703 = DIRECTION('',(0.,0.,1.));
#6704 = ADVANCED_FACE('',(#6705),#6723,.F.);
#6705 = FACE_BOUND('',#6706,.F.);
#6706 = EDGE_LOOP('',(#6707,#6708,#6709,#6717));
#6707 = ORIENTED_EDGE('',*,*,#6678,.F.);
#6708 = ORIENTED_EDGE('',*,*,#4464,.T.);
#6709 = ORIENTED_EDGE('',*,*,#6710,.T.);
#6710 = EDGE_CURVE('',#4465,#6711,#6713,.T.);
#6711 = VERTEX_POINT('',#6712);
#6712 = CARTESIAN_POINT('',(-2.74,-29.94,18.));
#6713 = LINE('',#6714,#6715);
#6714 = CARTESIAN_POINT('',(-2.74,-29.94,3.));
#6715 = VECTOR('',#6716,1.);
#6716 = DIRECTION('',(0.,0.,1.));
#6717 = ORIENTED_EDGE('',*,*,#6718,.F.);
#6718 = EDGE_CURVE('',#6679,#6711,#6719,.T.);
#6719 = LINE('',#6720,#6721);
#6720 = CARTESIAN_POINT('',(-2.74,-34.94,18.));
#6721 = VECTOR('',#6722,1.);
#6722 = DIRECTION('',(0.,1.,0.));
#6723 = PLANE('',#6724);
#6724 = AXIS2_PLACEMENT_3D('',#6725,#6726,#6727);
#6725 = CARTESIAN_POINT('',(-2.74,-34.94,3.));
#6726 = DIRECTION('',(1.,0.,0.));
#6727 = DIRECTION('',(0.,0.,1.));
#6728 = ADVANCED_FACE('',(#6729),#6747,.T.);
#6729 = FACE_BOUND('',#6730,.T.);
#6730 = EDGE_LOOP('',(#6731,#6732,#6733,#6741));
#6731 = ORIENTED_EDGE('',*,*,#6694,.F.);
#6732 = ORIENTED_EDGE('',*,*,#4480,.T.);
#6733 = ORIENTED_EDGE('',*,*,#6734,.T.);
#6734 = EDGE_CURVE('',#4473,#6735,#6737,.T.);
#6735 = VERTEX_POINT('',#6736);
#6736 = CARTESIAN_POINT('',(2.26,-29.94,18.));
#6737 = LINE('',#6738,#6739);
#6738 = CARTESIAN_POINT('',(2.26,-29.94,3.));
#6739 = VECTOR('',#6740,1.);
#6740 = DIRECTION('',(0.,0.,1.));
#6741 = ORIENTED_EDGE('',*,*,#6742,.F.);
#6742 = EDGE_CURVE('',#6687,#6735,#6743,.T.);
#6743 = LINE('',#6744,#6745);
#6744 = CARTESIAN_POINT('',(2.26,-34.94,18.));
#6745 = VECTOR('',#6746,1.);
#6746 = DIRECTION('',(0.,1.,0.));
#6747 = PLANE('',#6748);
#6748 = AXIS2_PLACEMENT_3D('',#6749,#6750,#6751);
#6749 = CARTESIAN_POINT('',(2.26,-34.94,3.));
#6750 = DIRECTION('',(1.,0.,0.));
#6751 = DIRECTION('',(0.,0.,1.));
#6752 = ADVANCED_FACE('',(#6753),#6764,.T.);
#6753 = FACE_BOUND('',#6754,.T.);
#6754 = EDGE_LOOP('',(#6755,#6756,#6757,#6763));
#6755 = ORIENTED_EDGE('',*,*,#4472,.F.);
#6756 = ORIENTED_EDGE('',*,*,#6710,.T.);
#6757 = ORIENTED_EDGE('',*,*,#6758,.T.);
#6758 = EDGE_CURVE('',#6711,#6735,#6759,.T.);
#6759 = LINE('',#6760,#6761);
#6760 = CARTESIAN_POINT('',(-2.74,-29.94,18.));
#6761 = VECTOR('',#6762,1.);
#6762 = DIRECTION('',(1.,0.,0.));
#6763 = ORIENTED_EDGE('',*,*,#6734,.F.);
#6764 = PLANE('',#6765);
#6765 = AXIS2_PLACEMENT_3D('',#6766,#6767,#6768);
#6766 = CARTESIAN_POINT('',(-2.74,-29.94,3.));
#6767 = DIRECTION('',(0.,1.,0.));
#6768 = DIRECTION('',(0.,0.,1.));
#6769 = ADVANCED_FACE('',(#6770),#6795,.F.);
#6770 = FACE_BOUND('',#6771,.F.);
#6771 = EDGE_LOOP('',(#6772,#6773,#6781,#6789));
#6772 = ORIENTED_EDGE('',*,*,#4488,.F.);
#6773 = ORIENTED_EDGE('',*,*,#6774,.T.);
#6774 = EDGE_CURVE('',#4489,#6775,#6777,.T.);
#6775 = VERTEX_POINT('',#6776);
#6776 = CARTESIAN_POINT('',(45.24,-34.56,18.));
#6777 = LINE('',#6778,#6779);
#6778 = CARTESIAN_POINT('',(45.24,-34.56,3.));
#6779 = VECTOR('',#6780,1.);
#6780 = DIRECTION('',(0.,0.,1.));
#6781 = ORIENTED_EDGE('',*,*,#6782,.T.);
#6782 = EDGE_CURVE('',#6775,#6783,#6785,.T.);
#6783 = VERTEX_POINT('',#6784);
#6784 = CARTESIAN_POINT('',(50.24,-34.56,18.));
#6785 = LINE('',#6786,#6787);
#6786 = CARTESIAN_POINT('',(45.24,-34.56,18.));
#6787 = VECTOR('',#6788,1.);
#6788 = DIRECTION('',(1.,0.,0.));
#6789 = ORIENTED_EDGE('',*,*,#6790,.F.);
#6790 = EDGE_CURVE('',#4491,#6783,#6791,.T.);
#6791 = LINE('',#6792,#6793);
#6792 = CARTESIAN_POINT('',(50.24,-34.56,3.));
#6793 = VECTOR('',#6794,1.);
#6794 = DIRECTION('',(0.,0.,1.));
#6795 = PLANE('',#6796);
#6796 = AXIS2_PLACEMENT_3D('',#6797,#6798,#6799);
#6797 = CARTESIAN_POINT('',(45.24,-34.56,3.));
#6798 = DIRECTION('',(0.,1.,0.));
#6799 = DIRECTION('',(0.,0.,1.));
#6800 = ADVANCED_FACE('',(#6801),#6819,.F.);
#6801 = FACE_BOUND('',#6802,.F.);
#6802 = EDGE_LOOP('',(#6803,#6804,#6805,#6813));
#6803 = ORIENTED_EDGE('',*,*,#6774,.F.);
#6804 = ORIENTED_EDGE('',*,*,#4498,.T.);
#6805 = ORIENTED_EDGE('',*,*,#6806,.T.);
#6806 = EDGE_CURVE('',#4499,#6807,#6809,.T.);
#6807 = VERTEX_POINT('',#6808);
#6808 = CARTESIAN_POINT('',(45.24,-29.56,18.));
#6809 = LINE('',#6810,#6811);
#6810 = CARTESIAN_POINT('',(45.24,-29.56,3.));
#6811 = VECTOR('',#6812,1.);
#6812 = DIRECTION('',(0.,0.,1.));
#6813 = ORIENTED_EDGE('',*,*,#6814,.F.);
#6814 = EDGE_CURVE('',#6775,#6807,#6815,.T.);
#6815 = LINE('',#6816,#6817);
#6816 = CARTESIAN_POINT('',(45.24,-34.56,18.));
#6817 = VECTOR('',#6818,1.);
#6818 = DIRECTION('',(0.,1.,0.));
#6819 = PLANE('',#6820);
#6820 = AXIS2_PLACEMENT_3D('',#6821,#6822,#6823);
#6821 = CARTESIAN_POINT('',(45.24,-34.56,3.));
#6822 = DIRECTION('',(1.,0.,0.));
#6823 = DIRECTION('',(0.,0.,1.));
#6824 = ADVANCED_FACE('',(#6825),#6843,.T.);
#6825 = FACE_BOUND('',#6826,.T.);
#6826 = EDGE_LOOP('',(#6827,#6828,#6829,#6837));
#6827 = ORIENTED_EDGE('',*,*,#6790,.F.);
#6828 = ORIENTED_EDGE('',*,*,#4514,.T.);
#6829 = ORIENTED_EDGE('',*,*,#6830,.T.);
#6830 = EDGE_CURVE('',#4507,#6831,#6833,.T.);
#6831 = VERTEX_POINT('',#6832);
#6832 = CARTESIAN_POINT('',(50.24,-29.56,18.));
#6833 = LINE('',#6834,#6835);
#6834 = CARTESIAN_POINT('',(50.24,-29.56,3.));
#6835 = VECTOR('',#6836,1.);
#6836 = DIRECTION('',(0.,0.,1.));
#6837 = ORIENTED_EDGE('',*,*,#6838,.F.);
#6838 = EDGE_CURVE('',#6783,#6831,#6839,.T.);
#6839 = LINE('',#6840,#6841);
#6840 = CARTESIAN_POINT('',(50.24,-34.56,18.));
#6841 = VECTOR('',#6842,1.);
#6842 = DIRECTION('',(0.,1.,0.));
#6843 = PLANE('',#6844);
#6844 = AXIS2_PLACEMENT_3D('',#6845,#6846,#6847);
#6845 = CARTESIAN_POINT('',(50.24,-34.56,3.));
#6846 = DIRECTION('',(1.,0.,0.));
#6847 = DIRECTION('',(0.,0.,1.));
#6848 = ADVANCED_FACE('',(#6849),#6860,.T.);
#6849 = FACE_BOUND('',#6850,.T.);
#6850 = EDGE_LOOP('',(#6851,#6852,#6853,#6859));
#6851 = ORIENTED_EDGE('',*,*,#4506,.F.);
#6852 = ORIENTED_EDGE('',*,*,#6806,.T.);
#6853 = ORIENTED_EDGE('',*,*,#6854,.T.);
#6854 = EDGE_CURVE('',#6807,#6831,#6855,.T.);
#6855 = LINE('',#6856,#6857);
#6856 = CARTESIAN_POINT('',(45.24,-29.56,18.));
#6857 = VECTOR('',#6858,1.);
#6858 = DIRECTION('',(1.,0.,0.));
#6859 = ORIENTED_EDGE('',*,*,#6830,.F.);
#6860 = PLANE('',#6861);
#6861 = AXIS2_PLACEMENT_3D('',#6862,#6863,#6864);
#6862 = CARTESIAN_POINT('',(45.24,-29.56,3.));
#6863 = DIRECTION('',(0.,1.,0.));
#6864 = DIRECTION('',(0.,0.,1.));
#6865 = ADVANCED_FACE('',(#6866),#6891,.F.);
#6866 = FACE_BOUND('',#6867,.F.);
#6867 = EDGE_LOOP('',(#6868,#6869,#6877,#6885));
#6868 = ORIENTED_EDGE('',*,*,#4522,.F.);
#6869 = ORIENTED_EDGE('',*,*,#6870,.T.);
#6870 = EDGE_CURVE('',#4523,#6871,#6873,.T.);
#6871 = VERTEX_POINT('',#6872);
#6872 = CARTESIAN_POINT('',(40.76,-15.94,18.));
#6873 = LINE('',#6874,#6875);
#6874 = CARTESIAN_POINT('',(40.76,-15.94,3.));
#6875 = VECTOR('',#6876,1.);
#6876 = DIRECTION('',(0.,0.,1.));
#6877 = ORIENTED_EDGE('',*,*,#6878,.T.);
#6878 = EDGE_CURVE('',#6871,#6879,#6881,.T.);
#6879 = VERTEX_POINT('',#6880);
#6880 = CARTESIAN_POINT('',(45.76,-15.94,18.));
#6881 = LINE('',#6882,#6883);
#6882 = CARTESIAN_POINT('',(40.76,-15.94,18.));
#6883 = VECTOR('',#6884,1.);
#6884 = DIRECTION('',(1.,0.,0.));
#6885 = ORIENTED_EDGE('',*,*,#6886,.F.);
#6886 = EDGE_CURVE('',#4525,#6879,#6887,.T.);
#6887 = LINE('',#6888,#6889);
#6888 = CARTESIAN_POINT('',(45.76,-15.94,3.));
#6889 = VECTOR('',#6890,1.);
#6890 = DIRECTION('',(0.,0.,1.));
#6891 = PLANE('',#6892);
#6892 = AXIS2_PLACEMENT_3D('',#6893,#6894,#6895);
#6893 = CARTESIAN_POINT('',(40.76,-15.94,3.));
#6894 = DIRECTION('',(0.,1.,0.));
#6895 = DIRECTION('',(0.,0.,1.));
#6896 = ADVANCED_FACE('',(#6897),#6915,.F.);
#6897 = FACE_BOUND('',#6898,.F.);
#6898 = EDGE_LOOP('',(#6899,#6900,#6901,#6909));
#6899 = ORIENTED_EDGE('',*,*,#6870,.F.);
#6900 = ORIENTED_EDGE('',*,*,#4532,.T.);
#6901 = ORIENTED_EDGE('',*,*,#6902,.T.);
#6902 = EDGE_CURVE('',#4533,#6903,#6905,.T.);
#6903 = VERTEX_POINT('',#6904);
#6904 = CARTESIAN_POINT('',(40.76,-10.94,18.));
#6905 = LINE('',#6906,#6907);
#6906 = CARTESIAN_POINT('',(40.76,-10.94,3.));
#6907 = VECTOR('',#6908,1.);
#6908 = DIRECTION('',(0.,0.,1.));
#6909 = ORIENTED_EDGE('',*,*,#6910,.F.);
#6910 = EDGE_CURVE('',#6871,#6903,#6911,.T.);
#6911 = LINE('',#6912,#6913);
#6912 = CARTESIAN_POINT('',(40.76,-15.94,18.));
#6913 = VECTOR('',#6914,1.);
#6914 = DIRECTION('',(0.,1.,0.));
#6915 = PLANE('',#6916);
#6916 = AXIS2_PLACEMENT_3D('',#6917,#6918,#6919);
#6917 = CARTESIAN_POINT('',(40.76,-15.94,3.));
#6918 = DIRECTION('',(1.,0.,0.));
#6919 = DIRECTION('',(0.,0.,1.));
#6920 = ADVANCED_FACE('',(#6921),#6939,.T.);
#6921 = FACE_BOUND('',#6922,.T.);
#6922 = EDGE_LOOP('',(#6923,#6924,#6925,#6933));
#6923 = ORIENTED_EDGE('',*,*,#6886,.F.);
#6924 = ORIENTED_EDGE('',*,*,#4548,.T.);
#6925 = ORIENTED_EDGE('',*,*,#6926,.T.);
#6926 = EDGE_CURVE('',#4541,#6927,#6929,.T.);
#6927 = VERTEX_POINT('',#6928);
#6928 = CARTESIAN_POINT('',(45.76,-10.94,18.));
#6929 = LINE('',#6930,#6931);
#6930 = CARTESIAN_POINT('',(45.76,-10.94,3.));
#6931 = VECTOR('',#6932,1.);
#6932 = DIRECTION('',(0.,0.,1.));
#6933 = ORIENTED_EDGE('',*,*,#6934,.F.);
#6934 = EDGE_CURVE('',#6879,#6927,#6935,.T.);
#6935 = LINE('',#6936,#6937);
#6936 = CARTESIAN_POINT('',(45.76,-15.94,18.));
#6937 = VECTOR('',#6938,1.);
#6938 = DIRECTION('',(0.,1.,0.));
#6939 = PLANE('',#6940);
#6940 = AXIS2_PLACEMENT_3D('',#6941,#6942,#6943);
#6941 = CARTESIAN_POINT('',(45.76,-15.94,3.));
#6942 = DIRECTION('',(1.,0.,0.));
#6943 = DIRECTION('',(0.,0.,1.));
#6944 = ADVANCED_FACE('',(#6945),#6956,.T.);
#6945 = FACE_BOUND('',#6946,.T.);
#6946 = EDGE_LOOP('',(#6947,#6948,#6949,#6955));
#6947 = ORIENTED_EDGE('',*,*,#4540,.F.);
#6948 = ORIENTED_EDGE('',*,*,#6902,.T.);
#6949 = ORIENTED_EDGE('',*,*,#6950,.T.);
#6950 = EDGE_CURVE('',#6903,#6927,#6951,.T.);
#6951 = LINE('',#6952,#6953);
#6952 = CARTESIAN_POINT('',(40.76,-10.94,18.));
#6953 = VECTOR('',#6954,1.);
#6954 = DIRECTION('',(1.,0.,0.));
#6955 = ORIENTED_EDGE('',*,*,#6926,.F.);
#6956 = PLANE('',#6957);
#6957 = AXIS2_PLACEMENT_3D('',#6958,#6959,#6960);
#6958 = CARTESIAN_POINT('',(40.76,-10.94,3.));
#6959 = DIRECTION('',(0.,1.,0.));
#6960 = DIRECTION('',(0.,0.,1.));
#6961 = ADVANCED_FACE('',(#6962),#6987,.F.);
#6962 = FACE_BOUND('',#6963,.F.);
#6963 = EDGE_LOOP('',(#6964,#6965,#6973,#6981));
#6964 = ORIENTED_EDGE('',*,*,#4556,.F.);
#6965 = ORIENTED_EDGE('',*,*,#6966,.T.);
#6966 = EDGE_CURVE('',#4557,#6967,#6969,.T.);
#6967 = VERTEX_POINT('',#6968);
#6968 = CARTESIAN_POINT('',(-13.528,4.808,18.));
#6969 = LINE('',#6970,#6971);
#6970 = CARTESIAN_POINT('',(-13.528,4.808,3.));
#6971 = VECTOR('',#6972,1.);
#6972 = DIRECTION('',(0.,0.,1.));
#6973 = ORIENTED_EDGE('',*,*,#6974,.T.);
#6974 = EDGE_CURVE('',#6967,#6975,#6977,.T.);
#6975 = VERTEX_POINT('',#6976);
#6976 = CARTESIAN_POINT('',(-8.528,4.808,18.));
#6977 = LINE('',#6978,#6979);
#6978 = CARTESIAN_POINT('',(-13.528,4.808,18.));
#6979 = VECTOR('',#6980,1.);
#6980 = DIRECTION('',(1.,0.,0.));
#6981 = ORIENTED_EDGE('',*,*,#6982,.F.);
#6982 = EDGE_CURVE('',#4559,#6975,#6983,.T.);
#6983 = LINE('',#6984,#6985);
#6984 = CARTESIAN_POINT('',(-8.528,4.808,3.));
#6985 = VECTOR('',#6986,1.);
#6986 = DIRECTION('',(0.,0.,1.));
#6987 = PLANE('',#6988);
#6988 = AXIS2_PLACEMENT_3D('',#6989,#6990,#6991);
#6989 = CARTESIAN_POINT('',(-13.528,4.808,3.));
#6990 = DIRECTION('',(0.,1.,0.));
#6991 = DIRECTION('',(0.,0.,1.));
#6992 = ADVANCED_FACE('',(#6993),#7011,.F.);
#6993 = FACE_BOUND('',#6994,.F.);
#6994 = EDGE_LOOP('',(#6995,#6996,#6997,#7005));
#6995 = ORIENTED_EDGE('',*,*,#6966,.F.);
#6996 = ORIENTED_EDGE('',*,*,#4566,.T.);
#6997 = ORIENTED_EDGE('',*,*,#6998,.T.);
#6998 = EDGE_CURVE('',#4567,#6999,#7001,.T.);
#6999 = VERTEX_POINT('',#7000);
#7000 = CARTESIAN_POINT('',(-13.528,9.808,18.));
#7001 = LINE('',#7002,#7003);
#7002 = CARTESIAN_POINT('',(-13.528,9.808,3.));
#7003 = VECTOR('',#7004,1.);
#7004 = DIRECTION('',(0.,0.,1.));
#7005 = ORIENTED_EDGE('',*,*,#7006,.F.);
#7006 = EDGE_CURVE('',#6967,#6999,#7007,.T.);
#7007 = LINE('',#7008,#7009);
#7008 = CARTESIAN_POINT('',(-13.528,4.808,18.));
#7009 = VECTOR('',#7010,1.);
#7010 = DIRECTION('',(0.,1.,0.));
#7011 = PLANE('',#7012);
#7012 = AXIS2_PLACEMENT_3D('',#7013,#7014,#7015);
#7013 = CARTESIAN_POINT('',(-13.528,4.808,3.));
#7014 = DIRECTION('',(1.,0.,0.));
#7015 = DIRECTION('',(0.,0.,1.));
#7016 = ADVANCED_FACE('',(#7017),#7035,.T.);
#7017 = FACE_BOUND('',#7018,.T.);
#7018 = EDGE_LOOP('',(#7019,#7020,#7021,#7029));
#7019 = ORIENTED_EDGE('',*,*,#6982,.F.);
#7020 = ORIENTED_EDGE('',*,*,#4582,.T.);
#7021 = ORIENTED_EDGE('',*,*,#7022,.T.);
#7022 = EDGE_CURVE('',#4575,#7023,#7025,.T.);
#7023 = VERTEX_POINT('',#7024);
#7024 = CARTESIAN_POINT('',(-8.528,9.808,18.));
#7025 = LINE('',#7026,#7027);
#7026 = CARTESIAN_POINT('',(-8.528,9.808,3.));
#7027 = VECTOR('',#7028,1.);
#7028 = DIRECTION('',(0.,0.,1.));
#7029 = ORIENTED_EDGE('',*,*,#7030,.F.);
#7030 = EDGE_CURVE('',#6975,#7023,#7031,.T.);
#7031 = LINE('',#7032,#7033);
#7032 = CARTESIAN_POINT('',(-8.528,4.808,18.));
#7033 = VECTOR('',#7034,1.);
#7034 = DIRECTION('',(0.,1.,0.));
#7035 = PLANE('',#7036);
#7036 = AXIS2_PLACEMENT_3D('',#7037,#7038,#7039);
#7037 = CARTESIAN_POINT('',(-8.528,4.808,3.));
#7038 = DIRECTION('',(1.,0.,0.));
#7039 = DIRECTION('',(0.,0.,1.));
#7040 = ADVANCED_FACE('',(#7041),#7052,.T.);
#7041 = FACE_BOUND('',#7042,.T.);
#7042 = EDGE_LOOP('',(#7043,#7044,#7045,#7051));
#7043 = ORIENTED_EDGE('',*,*,#4574,.F.);
#7044 = ORIENTED_EDGE('',*,*,#6998,.T.);
#7045 = ORIENTED_EDGE('',*,*,#7046,.T.);
#7046 = EDGE_CURVE('',#6999,#7023,#7047,.T.);
#7047 = LINE('',#7048,#7049);
#7048 = CARTESIAN_POINT('',(-13.528,9.808,18.));
#7049 = VECTOR('',#7050,1.);
#7050 = DIRECTION('',(1.,0.,0.));
#7051 = ORIENTED_EDGE('',*,*,#7022,.F.);
#7052 = PLANE('',#7053);
#7053 = AXIS2_PLACEMENT_3D('',#7054,#7055,#7056);
#7054 = CARTESIAN_POINT('',(-13.528,9.808,3.));
#7055 = DIRECTION('',(0.,1.,0.));
#7056 = DIRECTION('',(0.,0.,1.));
#7057 = ADVANCED_FACE('',(#7058),#7083,.F.);
#7058 = FACE_BOUND('',#7059,.F.);
#7059 = EDGE_LOOP('',(#7060,#7061,#7069,#7077));
#7060 = ORIENTED_EDGE('',*,*,#4590,.F.);
#7061 = ORIENTED_EDGE('',*,*,#7062,.T.);
#7062 = EDGE_CURVE('',#4591,#7063,#7065,.T.);
#7063 = VERTEX_POINT('',#7064);
#7064 = CARTESIAN_POINT('',(-50.24,29.56,18.));
#7065 = LINE('',#7066,#7067);
#7066 = CARTESIAN_POINT('',(-50.24,29.56,3.));
#7067 = VECTOR('',#7068,1.);
#7068 = DIRECTION('',(0.,0.,1.));
#7069 = ORIENTED_EDGE('',*,*,#7070,.T.);
#7070 = EDGE_CURVE('',#7063,#7071,#7073,.T.);
#7071 = VERTEX_POINT('',#7072);
#7072 = CARTESIAN_POINT('',(-45.24,29.56,18.));
#7073 = LINE('',#7074,#7075);
#7074 = CARTESIAN_POINT('',(-50.24,29.56,18.));
#7075 = VECTOR('',#7076,1.);
#7076 = DIRECTION('',(1.,0.,0.));
#7077 = ORIENTED_EDGE('',*,*,#7078,.F.);
#7078 = EDGE_CURVE('',#4593,#7071,#7079,.T.);
#7079 = LINE('',#7080,#7081);
#7080 = CARTESIAN_POINT('',(-45.24,29.56,3.));
#7081 = VECTOR('',#7082,1.);
#7082 = DIRECTION('',(0.,0.,1.));
#7083 = PLANE('',#7084);
#7084 = AXIS2_PLACEMENT_3D('',#7085,#7086,#7087);
#7085 = CARTESIAN_POINT('',(-50.24,29.56,3.));
#7086 = DIRECTION('',(0.,1.,0.));
#7087 = DIRECTION('',(0.,0.,1.));
#7088 = ADVANCED_FACE('',(#7089),#7107,.F.);
#7089 = FACE_BOUND('',#7090,.F.);
#7090 = EDGE_LOOP('',(#7091,#7092,#7093,#7101));
#7091 = ORIENTED_EDGE('',*,*,#7062,.F.);
#7092 = ORIENTED_EDGE('',*,*,#4600,.T.);
#7093 = ORIENTED_EDGE('',*,*,#7094,.T.);
#7094 = EDGE_CURVE('',#4601,#7095,#7097,.T.);
#7095 = VERTEX_POINT('',#7096);
#7096 = CARTESIAN_POINT('',(-50.24,34.56,18.));
#7097 = LINE('',#7098,#7099);
#7098 = CARTESIAN_POINT('',(-50.24,34.56,3.));
#7099 = VECTOR('',#7100,1.);
#7100 = DIRECTION('',(0.,0.,1.));
#7101 = ORIENTED_EDGE('',*,*,#7102,.F.);
#7102 = EDGE_CURVE('',#7063,#7095,#7103,.T.);
#7103 = LINE('',#7104,#7105);
#7104 = CARTESIAN_POINT('',(-50.24,29.56,18.));
#7105 = VECTOR('',#7106,1.);
#7106 = DIRECTION('',(0.,1.,0.));
#7107 = PLANE('',#7108);
#7108 = AXIS2_PLACEMENT_3D('',#7109,#7110,#7111);
#7109 = CARTESIAN_POINT('',(-50.24,29.56,3.));
#7110 = DIRECTION('',(1.,0.,0.));
#7111 = DIRECTION('',(0.,0.,1.));
#7112 = ADVANCED_FACE('',(#7113),#7131,.T.);
#7113 = FACE_BOUND('',#7114,.T.);
#7114 = EDGE_LOOP('',(#7115,#7116,#7117,#7125));
#7115 = ORIENTED_EDGE('',*,*,#7078,.F.);
#7116 = ORIENTED_EDGE('',*,*,#4616,.T.);
#7117 = ORIENTED_EDGE('',*,*,#7118,.T.);
#7118 = EDGE_CURVE('',#4609,#7119,#7121,.T.);
#7119 = VERTEX_POINT('',#7120);
#7120 = CARTESIAN_POINT('',(-45.24,34.56,18.));
#7121 = LINE('',#7122,#7123);
#7122 = CARTESIAN_POINT('',(-45.24,34.56,3.));
#7123 = VECTOR('',#7124,1.);
#7124 = DIRECTION('',(0.,0.,1.));
#7125 = ORIENTED_EDGE('',*,*,#7126,.F.);
#7126 = EDGE_CURVE('',#7071,#7119,#7127,.T.);
#7127 = LINE('',#7128,#7129);
#7128 = CARTESIAN_POINT('',(-45.24,29.56,18.));
#7129 = VECTOR('',#7130,1.);
#7130 = DIRECTION('',(0.,1.,0.));
#7131 = PLANE('',#7132);
#7132 = AXIS2_PLACEMENT_3D('',#7133,#7134,#7135);
#7133 = CARTESIAN_POINT('',(-45.24,29.56,3.));
#7134 = DIRECTION('',(1.,0.,0.));
#7135 = DIRECTION('',(0.,0.,1.));
#7136 = ADVANCED_FACE('',(#7137),#7148,.T.);
#7137 = FACE_BOUND('',#7138,.T.);
#7138 = EDGE_LOOP('',(#7139,#7140,#7141,#7147));
#7139 = ORIENTED_EDGE('',*,*,#4608,.F.);
#7140 = ORIENTED_EDGE('',*,*,#7094,.T.);
#7141 = ORIENTED_EDGE('',*,*,#7142,.T.);
#7142 = EDGE_CURVE('',#7095,#7119,#7143,.T.);
#7143 = LINE('',#7144,#7145);
#7144 = CARTESIAN_POINT('',(-50.24,34.56,18.));
#7145 = VECTOR('',#7146,1.);
#7146 = DIRECTION('',(1.,0.,0.));
#7147 = ORIENTED_EDGE('',*,*,#7118,.F.);
#7148 = PLANE('',#7149);
#7149 = AXIS2_PLACEMENT_3D('',#7150,#7151,#7152);
#7150 = CARTESIAN_POINT('',(-50.24,34.56,3.));
#7151 = DIRECTION('',(0.,1.,0.));
#7152 = DIRECTION('',(0.,0.,1.));
#7153 = ADVANCED_FACE('',(#7154),#7179,.F.);
#7154 = FACE_BOUND('',#7155,.F.);
#7155 = EDGE_LOOP('',(#7156,#7157,#7165,#7173));
#7156 = ORIENTED_EDGE('',*,*,#4624,.F.);
#7157 = ORIENTED_EDGE('',*,*,#7158,.T.);
#7158 = EDGE_CURVE('',#4625,#7159,#7161,.T.);
#7159 = VERTEX_POINT('',#7160);
#7160 = CARTESIAN_POINT('',(15.472,4.808,18.));
#7161 = LINE('',#7162,#7163);
#7162 = CARTESIAN_POINT('',(15.472,4.808,3.));
#7163 = VECTOR('',#7164,1.);
#7164 = DIRECTION('',(0.,0.,1.));
#7165 = ORIENTED_EDGE('',*,*,#7166,.T.);
#7166 = EDGE_CURVE('',#7159,#7167,#7169,.T.);
#7167 = VERTEX_POINT('',#7168);
#7168 = CARTESIAN_POINT('',(20.472,4.808,18.));
#7169 = LINE('',#7170,#7171);
#7170 = CARTESIAN_POINT('',(15.472,4.808,18.));
#7171 = VECTOR('',#7172,1.);
#7172 = DIRECTION('',(1.,0.,0.));
#7173 = ORIENTED_EDGE('',*,*,#7174,.F.);
#7174 = EDGE_CURVE('',#4627,#7167,#7175,.T.);
#7175 = LINE('',#7176,#7177);
#7176 = CARTESIAN_POINT('',(20.472,4.808,3.));
#7177 = VECTOR('',#7178,1.);
#7178 = DIRECTION('',(0.,0.,1.));
#7179 = PLANE('',#7180);
#7180 = AXIS2_PLACEMENT_3D('',#7181,#7182,#7183);
#7181 = CARTESIAN_POINT('',(15.472,4.808,3.));
#7182 = DIRECTION('',(0.,1.,0.));
#7183 = DIRECTION('',(0.,0.,1.));
#7184 = ADVANCED_FACE('',(#7185),#7203,.F.);
#7185 = FACE_BOUND('',#7186,.F.);
#7186 = EDGE_LOOP('',(#7187,#7188,#7189,#7197));
#7187 = ORIENTED_EDGE('',*,*,#7158,.F.);
#7188 = ORIENTED_EDGE('',*,*,#4634,.T.);
#7189 = ORIENTED_EDGE('',*,*,#7190,.T.);
#7190 = EDGE_CURVE('',#4635,#7191,#7193,.T.);
#7191 = VERTEX_POINT('',#7192);
#7192 = CARTESIAN_POINT('',(15.472,9.808,18.));
#7193 = LINE('',#7194,#7195);
#7194 = CARTESIAN_POINT('',(15.472,9.808,3.));
#7195 = VECTOR('',#7196,1.);
#7196 = DIRECTION('',(0.,0.,1.));
#7197 = ORIENTED_EDGE('',*,*,#7198,.F.);
#7198 = EDGE_CURVE('',#7159,#7191,#7199,.T.);
#7199 = LINE('',#7200,#7201);
#7200 = CARTESIAN_POINT('',(15.472,4.808,18.));
#7201 = VECTOR('',#7202,1.);
#7202 = DIRECTION('',(0.,1.,0.));
#7203 = PLANE('',#7204);
#7204 = AXIS2_PLACEMENT_3D('',#7205,#7206,#7207);
#7205 = CARTESIAN_POINT('',(15.472,4.808,3.));
#7206 = DIRECTION('',(1.,0.,0.));
#7207 = DIRECTION('',(0.,0.,1.));
#7208 = ADVANCED_FACE('',(#7209),#7227,.T.);
#7209 = FACE_BOUND('',#7210,.T.);
#7210 = EDGE_LOOP('',(#7211,#7212,#7213,#7221));
#7211 = ORIENTED_EDGE('',*,*,#7174,.F.);
#7212 = ORIENTED_EDGE('',*,*,#4650,.T.);
#7213 = ORIENTED_EDGE('',*,*,#7214,.T.);
#7214 = EDGE_CURVE('',#4643,#7215,#7217,.T.);
#7215 = VERTEX_POINT('',#7216);
#7216 = CARTESIAN_POINT('',(20.472,9.808,18.));
#7217 = LINE('',#7218,#7219);
#7218 = CARTESIAN_POINT('',(20.472,9.808,3.));
#7219 = VECTOR('',#7220,1.);
#7220 = DIRECTION('',(0.,0.,1.));
#7221 = ORIENTED_EDGE('',*,*,#7222,.F.);
#7222 = EDGE_CURVE('',#7167,#7215,#7223,.T.);
#7223 = LINE('',#7224,#7225);
#7224 = CARTESIAN_POINT('',(20.472,4.808,18.));
#7225 = VECTOR('',#7226,1.);
#7226 = DIRECTION('',(0.,1.,0.));
#7227 = PLANE('',#7228);
#7228 = AXIS2_PLACEMENT_3D('',#7229,#7230,#7231);
#7229 = CARTESIAN_POINT('',(20.472,4.808,3.));
#7230 = DIRECTION('',(1.,0.,0.));
#7231 = DIRECTION('',(0.,0.,1.));
#7232 = ADVANCED_FACE('',(#7233),#7244,.T.);
#7233 = FACE_BOUND('',#7234,.T.);
#7234 = EDGE_LOOP('',(#7235,#7236,#7237,#7243));
#7235 = ORIENTED_EDGE('',*,*,#4642,.F.);
#7236 = ORIENTED_EDGE('',*,*,#7190,.T.);
#7237 = ORIENTED_EDGE('',*,*,#7238,.T.);
#7238 = EDGE_CURVE('',#7191,#7215,#7239,.T.);
#7239 = LINE('',#7240,#7241);
#7240 = CARTESIAN_POINT('',(15.472,9.808,18.));
#7241 = VECTOR('',#7242,1.);
#7242 = DIRECTION('',(1.,0.,0.));
#7243 = ORIENTED_EDGE('',*,*,#7214,.F.);
#7244 = PLANE('',#7245);
#7245 = AXIS2_PLACEMENT_3D('',#7246,#7247,#7248);
#7246 = CARTESIAN_POINT('',(15.472,9.808,3.));
#7247 = DIRECTION('',(0.,1.,0.));
#7248 = DIRECTION('',(0.,0.,1.));
#7249 = ADVANCED_FACE('',(#7250),#7275,.F.);
#7250 = FACE_BOUND('',#7251,.F.);
#7251 = EDGE_LOOP('',(#7252,#7253,#7261,#7269));
#7252 = ORIENTED_EDGE('',*,*,#4658,.F.);
#7253 = ORIENTED_EDGE('',*,*,#7254,.T.);
#7254 = EDGE_CURVE('',#4659,#7255,#7257,.T.);
#7255 = VERTEX_POINT('',#7256);
#7256 = CARTESIAN_POINT('',(45.24,29.56,18.));
#7257 = LINE('',#7258,#7259);
#7258 = CARTESIAN_POINT('',(45.24,29.56,3.));
#7259 = VECTOR('',#7260,1.);
#7260 = DIRECTION('',(0.,0.,1.));
#7261 = ORIENTED_EDGE('',*,*,#7262,.T.);
#7262 = EDGE_CURVE('',#7255,#7263,#7265,.T.);
#7263 = VERTEX_POINT('',#7264);
#7264 = CARTESIAN_POINT('',(50.24,29.56,18.));
#7265 = LINE('',#7266,#7267);
#7266 = CARTESIAN_POINT('',(45.24,29.56,18.));
#7267 = VECTOR('',#7268,1.);
#7268 = DIRECTION('',(1.,0.,0.));
#7269 = ORIENTED_EDGE('',*,*,#7270,.F.);
#7270 = EDGE_CURVE('',#4661,#7263,#7271,.T.);
#7271 = LINE('',#7272,#7273);
#7272 = CARTESIAN_POINT('',(50.24,29.56,3.));
#7273 = VECTOR('',#7274,1.);
#7274 = DIRECTION('',(0.,0.,1.));
#7275 = PLANE('',#7276);
#7276 = AXIS2_PLACEMENT_3D('',#7277,#7278,#7279);
#7277 = CARTESIAN_POINT('',(45.24,29.56,3.));
#7278 = DIRECTION('',(0.,1.,0.));
#7279 = DIRECTION('',(0.,0.,1.));
#7280 = ADVANCED_FACE('',(#7281),#7299,.F.);
#7281 = FACE_BOUND('',#7282,.F.);
#7282 = EDGE_LOOP('',(#7283,#7284,#7285,#7293));
#7283 = ORIENTED_EDGE('',*,*,#7254,.F.);
#7284 = ORIENTED_EDGE('',*,*,#4668,.T.);
#7285 = ORIENTED_EDGE('',*,*,#7286,.T.);
#7286 = EDGE_CURVE('',#4669,#7287,#7289,.T.);
#7287 = VERTEX_POINT('',#7288);
#7288 = CARTESIAN_POINT('',(45.24,34.56,18.));
#7289 = LINE('',#7290,#7291);
#7290 = CARTESIAN_POINT('',(45.24,34.56,3.));
#7291 = VECTOR('',#7292,1.);
#7292 = DIRECTION('',(0.,0.,1.));
#7293 = ORIENTED_EDGE('',*,*,#7294,.F.);
#7294 = EDGE_CURVE('',#7255,#7287,#7295,.T.);
#7295 = LINE('',#7296,#7297);
#7296 = CARTESIAN_POINT('',(45.24,29.56,18.));
#7297 = VECTOR('',#7298,1.);
#7298 = DIRECTION('',(0.,1.,0.));
#7299 = PLANE('',#7300);
#7300 = AXIS2_PLACEMENT_3D('',#7301,#7302,#7303);
#7301 = CARTESIAN_POINT('',(45.24,29.56,3.));
#7302 = DIRECTION('',(1.,0.,0.));
#7303 = DIRECTION('',(0.,0.,1.));
#7304 = ADVANCED_FACE('',(#7305),#7323,.T.);
#7305 = FACE_BOUND('',#7306,.T.);
#7306 = EDGE_LOOP('',(#7307,#7308,#7309,#7317));
#7307 = ORIENTED_EDGE('',*,*,#7270,.F.);
#7308 = ORIENTED_EDGE('',*,*,#4684,.T.);
#7309 = ORIENTED_EDGE('',*,*,#7310,.T.);
#7310 = EDGE_CURVE('',#4677,#7311,#7313,.T.);
#7311 = VERTEX_POINT('',#7312);
#7312 = CARTESIAN_POINT('',(50.24,34.56,18.));
#7313 = LINE('',#7314,#7315);
#7314 = CARTESIAN_POINT('',(50.24,34.56,3.));
#7315 = VECTOR('',#7316,1.);
#7316 = DIRECTION('',(0.,0.,1.));
#7317 = ORIENTED_EDGE('',*,*,#7318,.F.);
#7318 = EDGE_CURVE('',#7263,#7311,#7319,.T.);
#7319 = LINE('',#7320,#7321);
#7320 = CARTESIAN_POINT('',(50.24,29.56,18.));
#7321 = VECTOR('',#7322,1.);
#7322 = DIRECTION('',(0.,1.,0.));
#7323 = PLANE('',#7324);
#7324 = AXIS2_PLACEMENT_3D('',#7325,#7326,#7327);
#7325 = CARTESIAN_POINT('',(50.24,29.56,3.));
#7326 = DIRECTION('',(1.,0.,0.));
#7327 = DIRECTION('',(0.,0.,1.));
#7328 = ADVANCED_FACE('',(#7329),#7340,.T.);
#7329 = FACE_BOUND('',#7330,.T.);
#7330 = EDGE_LOOP('',(#7331,#7332,#7333,#7339));
#7331 = ORIENTED_EDGE('',*,*,#4676,.F.);
#7332 = ORIENTED_EDGE('',*,*,#7286,.T.);
#7333 = ORIENTED_EDGE('',*,*,#7334,.T.);
#7334 = EDGE_CURVE('',#7287,#7311,#7335,.T.);
#7335 = LINE('',#7336,#7337);
#7336 = CARTESIAN_POINT('',(45.24,34.56,18.));
#7337 = VECTOR('',#7338,1.);
#7338 = DIRECTION('',(1.,0.,0.));
#7339 = ORIENTED_EDGE('',*,*,#7310,.F.);
#7340 = PLANE('',#7341);
#7341 = AXIS2_PLACEMENT_3D('',#7342,#7343,#7344);
#7342 = CARTESIAN_POINT('',(45.24,34.56,3.));
#7343 = DIRECTION('',(0.,1.,0.));
#7344 = DIRECTION('',(0.,0.,1.));
#7345 = ADVANCED_FACE('',(#7346),#7352,.T.);
#7346 = FACE_BOUND('',#7347,.T.);
#7347 = EDGE_LOOP('',(#7348,#7349,#7350,#7351));
#7348 = ORIENTED_EDGE('',*,*,#4928,.F.);
#7349 = ORIENTED_EDGE('',*,*,#6542,.T.);
#7350 = ORIENTED_EDGE('',*,*,#4961,.T.);
#7351 = ORIENTED_EDGE('',*,*,#5531,.F.);
#7352 = PLANE('',#7353);
#7353 = AXIS2_PLACEMENT_3D('',#7354,#7355,#7356);
#7354 = CARTESIAN_POINT('',(41.972,38.06,30.1));
#7355 = DIRECTION('',(0.,0.,1.));
#7356 = DIRECTION('',(1.,0.,0.));
#7357 = ADVANCED_FACE('',(#7358),#7369,.T.);
#7358 = FACE_BOUND('',#7359,.T.);
#7359 = EDGE_LOOP('',(#7360,#7361,#7362,#7363));
#7360 = ORIENTED_EDGE('',*,*,#4992,.F.);
#7361 = ORIENTED_EDGE('',*,*,#5016,.T.);
#7362 = ORIENTED_EDGE('',*,*,#5040,.T.);
#7363 = ORIENTED_EDGE('',*,*,#7364,.F.);
#7364 = EDGE_CURVE('',#4985,#5033,#7365,.T.);
#7365 = LINE('',#7366,#7367);
#7366 = CARTESIAN_POINT('',(-29.5,106.56,52.1));
#7367 = VECTOR('',#7368,1.);
#7368 = DIRECTION('',(-1.224646799147E-16,-1.,0.));
#7369 = PLANE('',#7370);
#7370 = AXIS2_PLACEMENT_3D('',#7371,#7372,#7373);
#7371 = CARTESIAN_POINT('',(-29.5,106.56,45.1));
#7372 = DIRECTION('',(-1.,1.224646799147E-16,0.));
#7373 = DIRECTION('',(0.,0.,1.));
#7374 = ADVANCED_FACE('',(#7375),#7386,.T.);
#7375 = FACE_BOUND('',#7376,.T.);
#7376 = EDGE_LOOP('',(#7377,#7378,#7379,#7380));
#7377 = ORIENTED_EDGE('',*,*,#5071,.F.);
#7378 = ORIENTED_EDGE('',*,*,#5095,.T.);
#7379 = ORIENTED_EDGE('',*,*,#5119,.T.);
#7380 = ORIENTED_EDGE('',*,*,#7381,.F.);
#7381 = EDGE_CURVE('',#5064,#5112,#7382,.T.);
#7382 = LINE('',#7383,#7384);
#7383 = CARTESIAN_POINT('',(-29.5,55.56,52.1));
#7384 = VECTOR('',#7385,1.);
#7385 = DIRECTION('',(-1.224646799147E-16,-1.,0.));
#7386 = PLANE('',#7387);
#7387 = AXIS2_PLACEMENT_3D('',#7388,#7389,#7390);
#7388 = CARTESIAN_POINT('',(-29.5,55.56,45.1));
#7389 = DIRECTION('',(-1.,1.224646799147E-16,0.));
#7390 = DIRECTION('',(0.,0.,1.));
#7391 = ADVANCED_FACE('',(#7392),#7403,.T.);
#7392 = FACE_BOUND('',#7393,.T.);
#7393 = EDGE_LOOP('',(#7394,#7395,#7396,#7397));
#7394 = ORIENTED_EDGE('',*,*,#5162,.F.);
#7395 = ORIENTED_EDGE('',*,*,#5186,.T.);
#7396 = ORIENTED_EDGE('',*,*,#5210,.T.);
#7397 = ORIENTED_EDGE('',*,*,#7398,.F.);
#7398 = EDGE_CURVE('',#5155,#5203,#7399,.T.);
#7399 = LINE('',#7400,#7401);
#7400 = CARTESIAN_POINT('',(-132.24,-51.5,52.1));
#7401 = VECTOR('',#7402,1.);
#7402 = DIRECTION('',(1.,1.110223024625E-16,0.));
#7403 = PLANE('',#7404);
#7404 = AXIS2_PLACEMENT_3D('',#7405,#7406,#7407);
#7405 = CARTESIAN_POINT('',(-132.24,-51.5,45.1));
#7406 = DIRECTION('',(1.110223024625E-16,-1.,0.));
#7407 = DIRECTION('',(0.,0.,1.));
#7408 = ADVANCED_FACE('',(#7409),#7420,.T.);
#7409 = FACE_BOUND('',#7410,.T.);
#7410 = EDGE_LOOP('',(#7411,#7412,#7413,#7414));
#7411 = ORIENTED_EDGE('',*,*,#5241,.F.);
#7412 = ORIENTED_EDGE('',*,*,#5265,.T.);
#7413 = ORIENTED_EDGE('',*,*,#5289,.T.);
#7414 = ORIENTED_EDGE('',*,*,#7415,.F.);
#7415 = EDGE_CURVE('',#5234,#5282,#7416,.T.);
#7416 = LINE('',#7417,#7418);
#7417 = CARTESIAN_POINT('',(-71.24,-51.5,52.1));
#7418 = VECTOR('',#7419,1.);
#7419 = DIRECTION('',(1.,1.110223024625E-16,0.));
#7420 = PLANE('',#7421);
#7421 = AXIS2_PLACEMENT_3D('',#7422,#7423,#7424);
#7422 = CARTESIAN_POINT('',(-71.24,-51.5,45.1));
#7423 = DIRECTION('',(1.110223024625E-16,-1.,0.));
#7424 = DIRECTION('',(0.,0.,1.));
#7425 = ADVANCED_FACE('',(#7426),#7437,.F.);
#7426 = FACE_BOUND('',#7427,.F.);
#7427 = EDGE_LOOP('',(#7428,#7429,#7430,#7431));
#7428 = ORIENTED_EDGE('',*,*,#5379,.F.);
#7429 = ORIENTED_EDGE('',*,*,#5410,.T.);
#7430 = ORIENTED_EDGE('',*,*,#5427,.T.);
#7431 = ORIENTED_EDGE('',*,*,#7432,.F.);
#7432 = EDGE_CURVE('',#5380,#5428,#7433,.T.);
#7433 = LINE('',#7434,#7435);
#7434 = CARTESIAN_POINT('',(29.5,106.56,52.1));
#7435 = VECTOR('',#7436,1.);
#7436 = DIRECTION('',(-1.224646799147E-16,-1.,0.));
#7437 = PLANE('',#7438);
#7438 = AXIS2_PLACEMENT_3D('',#7439,#7440,#7441);
#7439 = CARTESIAN_POINT('',(29.5,106.56,45.1));
#7440 = DIRECTION('',(-1.,1.224646799147E-16,0.));
#7441 = DIRECTION('',(0.,0.,1.));
#7442 = ADVANCED_FACE('',(#7443),#7454,.F.);
#7443 = FACE_BOUND('',#7444,.F.);
#7444 = EDGE_LOOP('',(#7445,#7446,#7447,#7448));
#7445 = ORIENTED_EDGE('',*,*,#5458,.F.);
#7446 = ORIENTED_EDGE('',*,*,#5489,.T.);
#7447 = ORIENTED_EDGE('',*,*,#5506,.T.);
#7448 = ORIENTED_EDGE('',*,*,#7449,.F.);
#7449 = EDGE_CURVE('',#5459,#5507,#7450,.T.);
#7450 = LINE('',#7451,#7452);
#7451 = CARTESIAN_POINT('',(29.5,55.56,52.1));
#7452 = VECTOR('',#7453,1.);
#7453 = DIRECTION('',(-1.224646799147E-16,-1.,0.));
#7454 = PLANE('',#7455);
#7455 = AXIS2_PLACEMENT_3D('',#7456,#7457,#7458);
#7456 = CARTESIAN_POINT('',(29.5,55.56,45.1));
#7457 = DIRECTION('',(-1.,1.224646799147E-16,0.));
#7458 = DIRECTION('',(0.,0.,1.));
#7459 = ADVANCED_FACE('',(#7460),#7471,.F.);
#7460 = FACE_BOUND('',#7461,.F.);
#7461 = EDGE_LOOP('',(#7462,#7463,#7464,#7465));
#7462 = ORIENTED_EDGE('',*,*,#5554,.F.);
#7463 = ORIENTED_EDGE('',*,*,#5585,.T.);
#7464 = ORIENTED_EDGE('',*,*,#5602,.T.);
#7465 = ORIENTED_EDGE('',*,*,#7466,.F.);
#7466 = EDGE_CURVE('',#5555,#5603,#7467,.T.);
#7467 = LINE('',#7468,#7469);
#7468 = CARTESIAN_POINT('',(-60.5,-106.56,52.1));
#7469 = VECTOR('',#7470,1.);
#7470 = DIRECTION('',(0.,1.,0.));
#7471 = PLANE('',#7472);
#7472 = AXIS2_PLACEMENT_3D('',#7473,#7474,#7475);
#7473 = CARTESIAN_POINT('',(-60.5,-106.56,45.1));
#7474 = DIRECTION('',(1.,0.,0.));
#7475 = DIRECTION('',(0.,0.,1.));
#7476 = ADVANCED_FACE('',(#7477),#7488,.F.);
#7477 = FACE_BOUND('',#7478,.F.);
#7478 = EDGE_LOOP('',(#7479,#7480,#7481,#7482));
#7479 = ORIENTED_EDGE('',*,*,#5633,.F.);
#7480 = ORIENTED_EDGE('',*,*,#5664,.T.);
#7481 = ORIENTED_EDGE('',*,*,#5681,.T.);
#7482 = ORIENTED_EDGE('',*,*,#7483,.F.);
#7483 = EDGE_CURVE('',#5634,#5682,#7484,.T.);
#7484 = LINE('',#7485,#7486);
#7485 = CARTESIAN_POINT('',(-60.5,-55.56,52.1));
#7486 = VECTOR('',#7487,1.);
#7487 = DIRECTION('',(0.,1.,0.));
#7488 = PLANE('',#7489);
#7489 = AXIS2_PLACEMENT_3D('',#7490,#7491,#7492);
#7490 = CARTESIAN_POINT('',(-60.5,-55.56,45.1));
#7491 = DIRECTION('',(1.,0.,0.));
#7492 = DIRECTION('',(0.,0.,1.));
#7493 = ADVANCED_FACE('',(#7494),#7505,.T.);
#7494 = FACE_BOUND('',#7495,.T.);
#7495 = EDGE_LOOP('',(#7496,#7497,#7498,#7499));
#7496 = ORIENTED_EDGE('',*,*,#5789,.F.);
#7497 = ORIENTED_EDGE('',*,*,#5813,.T.);
#7498 = ORIENTED_EDGE('',*,*,#5837,.T.);
#7499 = ORIENTED_EDGE('',*,*,#7500,.F.);
#7500 = EDGE_CURVE('',#5782,#5830,#7501,.T.);
#7501 = LINE('',#7502,#7503);
#7502 = CARTESIAN_POINT('',(-1.5,-106.56,52.1));
#7503 = VECTOR('',#7504,1.);
#7504 = DIRECTION('',(0.,1.,0.));
#7505 = PLANE('',#7506);
#7506 = AXIS2_PLACEMENT_3D('',#7507,#7508,#7509);
#7507 = CARTESIAN_POINT('',(-1.5,-106.56,45.1));
#7508 = DIRECTION('',(1.,0.,0.));
#7509 = DIRECTION('',(0.,0.,1.));
#7510 = ADVANCED_FACE('',(#7511),#7522,.T.);
#7511 = FACE_BOUND('',#7512,.T.);
#7512 = EDGE_LOOP('',(#7513,#7514,#7515,#7516));
#7513 = ORIENTED_EDGE('',*,*,#5868,.F.);
#7514 = ORIENTED_EDGE('',*,*,#5892,.T.);
#7515 = ORIENTED_EDGE('',*,*,#5916,.T.);
#7516 = ORIENTED_EDGE('',*,*,#7517,.F.);
#7517 = EDGE_CURVE('',#5861,#5909,#7518,.T.);
#7518 = LINE('',#7519,#7520);
#7519 = CARTESIAN_POINT('',(-1.5,-55.56,52.1));
#7520 = VECTOR('',#7521,1.);
#7521 = DIRECTION('',(0.,1.,0.));
#7522 = PLANE('',#7523);
#7523 = AXIS2_PLACEMENT_3D('',#7524,#7525,#7526);
#7524 = CARTESIAN_POINT('',(-1.5,-55.56,45.1));
#7525 = DIRECTION('',(1.,0.,0.));
#7526 = DIRECTION('',(0.,0.,1.));
#7527 = ADVANCED_FACE('',(#7528),#7539,.F.);
#7528 = FACE_BOUND('',#7529,.F.);
#7529 = EDGE_LOOP('',(#7530,#7531,#7532,#7533));
#7530 = ORIENTED_EDGE('',*,*,#5938,.F.);
#7531 = ORIENTED_EDGE('',*,*,#5969,.T.);
#7532 = ORIENTED_EDGE('',*,*,#5986,.T.);
#7533 = ORIENTED_EDGE('',*,*,#7534,.F.);
#7534 = EDGE_CURVE('',#5939,#5987,#7535,.T.);
#7535 = LINE('',#7536,#7537);
#7536 = CARTESIAN_POINT('',(1.5,-106.56,52.1));
#7537 = VECTOR('',#7538,1.);
#7538 = DIRECTION('',(0.,1.,0.));
#7539 = PLANE('',#7540);
#7540 = AXIS2_PLACEMENT_3D('',#7541,#7542,#7543);
#7541 = CARTESIAN_POINT('',(1.5,-106.56,45.1));
#7542 = DIRECTION('',(1.,0.,0.));
#7543 = DIRECTION('',(0.,0.,1.));
#7544 = ADVANCED_FACE('',(#7545),#7556,.F.);
#7545 = FACE_BOUND('',#7546,.F.);
#7546 = EDGE_LOOP('',(#7547,#7548,#7549,#7550));
#7547 = ORIENTED_EDGE('',*,*,#6017,.F.);
#7548 = ORIENTED_EDGE('',*,*,#6048,.T.);
#7549 = ORIENTED_EDGE('',*,*,#6065,.T.);
#7550 = ORIENTED_EDGE('',*,*,#7551,.F.);
#7551 = EDGE_CURVE('',#6018,#6066,#7552,.T.);
#7552 = LINE('',#7553,#7554);
#7553 = CARTESIAN_POINT('',(1.5,-55.56,52.1));
#7554 = VECTOR('',#7555,1.);
#7555 = DIRECTION('',(0.,1.,0.));
#7556 = PLANE('',#7557);
#7557 = AXIS2_PLACEMENT_3D('',#7558,#7559,#7560);
#7558 = CARTESIAN_POINT('',(1.5,-55.56,45.1));
#7559 = DIRECTION('',(1.,0.,0.));
#7560 = DIRECTION('',(0.,0.,1.));
#7561 = ADVANCED_FACE('',(#7562),#7573,.T.);
#7562 = FACE_BOUND('',#7563,.T.);
#7563 = EDGE_LOOP('',(#7564,#7565,#7566,#7567));
#7564 = ORIENTED_EDGE('',*,*,#6173,.F.);
#7565 = ORIENTED_EDGE('',*,*,#6197,.T.);
#7566 = ORIENTED_EDGE('',*,*,#6221,.T.);
#7567 = ORIENTED_EDGE('',*,*,#7568,.F.);
#7568 = EDGE_CURVE('',#6166,#6214,#7569,.T.);
#7569 = LINE('',#7570,#7571);
#7570 = CARTESIAN_POINT('',(60.5,-106.56,52.1));
#7571 = VECTOR('',#7572,1.);
#7572 = DIRECTION('',(0.,1.,0.));
#7573 = PLANE('',#7574);
#7574 = AXIS2_PLACEMENT_3D('',#7575,#7576,#7577);
#7575 = CARTESIAN_POINT('',(60.5,-106.56,45.1));
#7576 = DIRECTION('',(1.,0.,0.));
#7577 = DIRECTION('',(0.,0.,1.));
#7578 = ADVANCED_FACE('',(#7579),#7590,.T.);
#7579 = FACE_BOUND('',#7580,.T.);
#7580 = EDGE_LOOP('',(#7581,#7582,#7583,#7584));
#7581 = ORIENTED_EDGE('',*,*,#6252,.F.);
#7582 = ORIENTED_EDGE('',*,*,#6276,.T.);
#7583 = ORIENTED_EDGE('',*,*,#6300,.T.);
#7584 = ORIENTED_EDGE('',*,*,#7585,.F.);
#7585 = EDGE_CURVE('',#6245,#6293,#7586,.T.);
#7586 = LINE('',#7587,#7588);
#7587 = CARTESIAN_POINT('',(60.5,-55.56,52.1));
#7588 = VECTOR('',#7589,1.);
#7589 = DIRECTION('',(0.,1.,0.));
#7590 = PLANE('',#7591);
#7591 = AXIS2_PLACEMENT_3D('',#7592,#7593,#7594);
#7592 = CARTESIAN_POINT('',(60.5,-55.56,45.1));
#7593 = DIRECTION('',(1.,0.,0.));
#7594 = DIRECTION('',(0.,0.,1.));
#7595 = ADVANCED_FACE('',(#7596),#7607,.F.);
#7596 = FACE_BOUND('',#7597,.F.);
#7597 = EDGE_LOOP('',(#7598,#7599,#7605,#7606));
#7598 = ORIENTED_EDGE('',*,*,#6511,.F.);
#7599 = ORIENTED_EDGE('',*,*,#7600,.F.);
#7600 = EDGE_CURVE('',#6326,#6512,#7601,.T.);
#7601 = LINE('',#7602,#7603);
#7602 = CARTESIAN_POINT('',(102.74,-1.290050044996E-14,32.1));
#7603 = VECTOR('',#7604,1.);
#7604 = DIRECTION('',(-1.,1.110223024625E-16,0.));
#7605 = ORIENTED_EDGE('',*,*,#6325,.T.);
#7606 = ORIENTED_EDGE('',*,*,#7600,.T.);
#7607 = CYLINDRICAL_SURFACE('',#7608,6.1);
#7608 = AXIS2_PLACEMENT_3D('',#7609,#7610,#7611);
#7609 = CARTESIAN_POINT('',(102.74,-1.1406431355E-14,26.));
#7610 = DIRECTION('',(-1.,1.110223024625E-16,0.));
#7611 = DIRECTION('',(0.,0.,1.));
#7612 = ADVANCED_FACE('',(#7613),#7624,.F.);
#7613 = FACE_BOUND('',#7614,.F.);
#7614 = EDGE_LOOP('',(#7615,#7616,#7617,#7618));
#7615 = ORIENTED_EDGE('',*,*,#6350,.F.);
#7616 = ORIENTED_EDGE('',*,*,#6381,.T.);
#7617 = ORIENTED_EDGE('',*,*,#6398,.T.);
#7618 = ORIENTED_EDGE('',*,*,#7619,.F.);
#7619 = EDGE_CURVE('',#6351,#6399,#7620,.T.);
#7620 = LINE('',#7621,#7622);
#7621 = CARTESIAN_POINT('',(84.24,-19.5,43.));
#7622 = VECTOR('',#7623,1.);
#7623 = DIRECTION('',(-1.,1.110223024625E-16,0.));
#7624 = PLANE('',#7625);
#7625 = AXIS2_PLACEMENT_3D('',#7626,#7627,#7628);
#7626 = CARTESIAN_POINT('',(84.24,-19.5,36.));
#7627 = DIRECTION('',(1.110223024625E-16,1.,0.));
#7628 = DIRECTION('',(0.,0.,1.));
#7629 = ADVANCED_FACE('',(#7630),#7641,.T.);
#7630 = FACE_BOUND('',#7631,.T.);
#7631 = EDGE_LOOP('',(#7632,#7633,#7634,#7635));
#7632 = ORIENTED_EDGE('',*,*,#6438,.F.);
#7633 = ORIENTED_EDGE('',*,*,#6462,.T.);
#7634 = ORIENTED_EDGE('',*,*,#6486,.T.);
#7635 = ORIENTED_EDGE('',*,*,#7636,.F.);
#7636 = EDGE_CURVE('',#6431,#6479,#7637,.T.);
#7637 = LINE('',#7638,#7639);
#7638 = CARTESIAN_POINT('',(84.24,19.5,43.));
#7639 = VECTOR('',#7640,1.);
#7640 = DIRECTION('',(-1.,1.110223024625E-16,0.));
#7641 = PLANE('',#7642);
#7642 = AXIS2_PLACEMENT_3D('',#7643,#7644,#7645);
#7643 = CARTESIAN_POINT('',(84.24,19.5,36.));
#7644 = DIRECTION('',(1.110223024625E-16,1.,0.));
#7645 = DIRECTION('',(0.,0.,1.));
#7646 = ADVANCED_FACE('',(#7647,#7653),#7664,.T.);
#7647 = FACE_BOUND('',#7648,.T.);
#7648 = EDGE_LOOP('',(#7649,#7650,#7651,#7652));
#7649 = ORIENTED_EDGE('',*,*,#6622,.F.);
#7650 = ORIENTED_EDGE('',*,*,#6590,.T.);
#7651 = ORIENTED_EDGE('',*,*,#6646,.T.);
#7652 = ORIENTED_EDGE('',*,*,#6662,.F.);
#7653 = FACE_BOUND('',#7654,.T.);
#7654 = EDGE_LOOP('',(#7655));
#7655 = ORIENTED_EDGE('',*,*,#7656,.F.);
#7656 = EDGE_CURVE('',#7657,#7657,#7659,.T.);
#7657 = VERTEX_POINT('',#7658);
#7658 = CARTESIAN_POINT('',(-46.715,-32.06,18.));
#7659 = CIRCLE('',#7660,1.025);
#7660 = AXIS2_PLACEMENT_3D('',#7661,#7662,#7663);
#7661 = CARTESIAN_POINT('',(-47.74,-32.06,18.));
#7662 = DIRECTION('',(0.,0.,1.));
#7663 = DIRECTION('',(1.,0.,0.));
#7664 = PLANE('',#7665);
#7665 = AXIS2_PLACEMENT_3D('',#7666,#7667,#7668);
#7666 = CARTESIAN_POINT('',(-50.24,-34.56,18.));
#7667 = DIRECTION('',(0.,0.,1.));
#7668 = DIRECTION('',(1.,0.,0.));
#7669 = ADVANCED_FACE('',(#7670),#7676,.T.);
#7670 = FACE_BOUND('',#7671,.T.);
#7671 = EDGE_LOOP('',(#7672,#7673,#7674,#7675));
#7672 = ORIENTED_EDGE('',*,*,#6718,.F.);
#7673 = ORIENTED_EDGE('',*,*,#6686,.T.);
#7674 = ORIENTED_EDGE('',*,*,#6742,.T.);
#7675 = ORIENTED_EDGE('',*,*,#6758,.F.);
#7676 = PLANE('',#7677);
#7677 = AXIS2_PLACEMENT_3D('',#7678,#7679,#7680);
#7678 = CARTESIAN_POINT('',(-2.74,-34.94,18.));
#7679 = DIRECTION('',(0.,0.,1.));
#7680 = DIRECTION('',(1.,0.,0.));
#7681 = ADVANCED_FACE('',(#7682,#7688),#7699,.T.);
#7682 = FACE_BOUND('',#7683,.T.);
#7683 = EDGE_LOOP('',(#7684,#7685,#7686,#7687));
#7684 = ORIENTED_EDGE('',*,*,#6814,.F.);
#7685 = ORIENTED_EDGE('',*,*,#6782,.T.);
#7686 = ORIENTED_EDGE('',*,*,#6838,.T.);
#7687 = ORIENTED_EDGE('',*,*,#6854,.F.);
#7688 = FACE_BOUND('',#7689,.T.);
#7689 = EDGE_LOOP('',(#7690));
#7690 = ORIENTED_EDGE('',*,*,#7691,.F.);
#7691 = EDGE_CURVE('',#7692,#7692,#7694,.T.);
#7692 = VERTEX_POINT('',#7693);
#7693 = CARTESIAN_POINT('',(48.765,-32.06,18.));
#7694 = CIRCLE('',#7695,1.025);
#7695 = AXIS2_PLACEMENT_3D('',#7696,#7697,#7698);
#7696 = CARTESIAN_POINT('',(47.74,-32.06,18.));
#7697 = DIRECTION('',(0.,0.,1.));
#7698 = DIRECTION('',(1.,0.,0.));
#7699 = PLANE('',#7700);
#7700 = AXIS2_PLACEMENT_3D('',#7701,#7702,#7703);
#7701 = CARTESIAN_POINT('',(45.24,-34.56,18.));
#7702 = DIRECTION('',(0.,0.,1.));
#7703 = DIRECTION('',(1.,0.,0.));
#7704 = ADVANCED_FACE('',(#7705),#7711,.T.);
#7705 = FACE_BOUND('',#7706,.T.);
#7706 = EDGE_LOOP('',(#7707,#7708,#7709,#7710));
#7707 = ORIENTED_EDGE('',*,*,#6910,.F.);
#7708 = ORIENTED_EDGE('',*,*,#6878,.T.);
#7709 = ORIENTED_EDGE('',*,*,#6934,.T.);
#7710 = ORIENTED_EDGE('',*,*,#6950,.F.);
#7711 = PLANE('',#7712);
#7712 = AXIS2_PLACEMENT_3D('',#7713,#7714,#7715);
#7713 = CARTESIAN_POINT('',(40.76,-15.94,18.));
#7714 = DIRECTION('',(0.,0.,1.));
#7715 = DIRECTION('',(1.,0.,0.));
#7716 = ADVANCED_FACE('',(#7717,#7723),#7734,.T.);
#7717 = FACE_BOUND('',#7718,.T.);
#7718 = EDGE_LOOP('',(#7719,#7720,#7721,#7722));
#7719 = ORIENTED_EDGE('',*,*,#7006,.F.);
#7720 = ORIENTED_EDGE('',*,*,#6974,.T.);
#7721 = ORIENTED_EDGE('',*,*,#7030,.T.);
#7722 = ORIENTED_EDGE('',*,*,#7046,.F.);
#7723 = FACE_BOUND('',#7724,.T.);
#7724 = EDGE_LOOP('',(#7725));
#7725 = ORIENTED_EDGE('',*,*,#7726,.F.);
#7726 = EDGE_CURVE('',#7727,#7727,#7729,.T.);
#7727 = VERTEX_POINT('',#7728);
#7728 = CARTESIAN_POINT('',(-10.003,7.308,18.));
#7729 = CIRCLE('',#7730,1.025);
#7730 = AXIS2_PLACEMENT_3D('',#7731,#7732,#7733);
#7731 = CARTESIAN_POINT('',(-11.028,7.308,18.));
#7732 = DIRECTION('',(0.,0.,1.));
#7733 = DIRECTION('',(1.,0.,0.));
#7734 = PLANE('',#7735);
#7735 = AXIS2_PLACEMENT_3D('',#7736,#7737,#7738);
#7736 = CARTESIAN_POINT('',(-13.528,4.808,18.));
#7737 = DIRECTION('',(0.,0.,1.));
#7738 = DIRECTION('',(1.,0.,0.));
#7739 = ADVANCED_FACE('',(#7740,#7746),#7757,.T.);
#7740 = FACE_BOUND('',#7741,.T.);
#7741 = EDGE_LOOP('',(#7742,#7743,#7744,#7745));
#7742 = ORIENTED_EDGE('',*,*,#7102,.F.);
#7743 = ORIENTED_EDGE('',*,*,#7070,.T.);
#7744 = ORIENTED_EDGE('',*,*,#7126,.T.);
#7745 = ORIENTED_EDGE('',*,*,#7142,.F.);
#7746 = FACE_BOUND('',#7747,.T.);
#7747 = EDGE_LOOP('',(#7748));
#7748 = ORIENTED_EDGE('',*,*,#7749,.F.);
#7749 = EDGE_CURVE('',#7750,#7750,#7752,.T.);
#7750 = VERTEX_POINT('',#7751);
#7751 = CARTESIAN_POINT('',(-46.715,32.06,18.));
#7752 = CIRCLE('',#7753,1.025);
#7753 = AXIS2_PLACEMENT_3D('',#7754,#7755,#7756);
#7754 = CARTESIAN_POINT('',(-47.74,32.06,18.));
#7755 = DIRECTION('',(0.,0.,1.));
#7756 = DIRECTION('',(1.,0.,0.));
#7757 = PLANE('',#7758);
#7758 = AXIS2_PLACEMENT_3D('',#7759,#7760,#7761);
#7759 = CARTESIAN_POINT('',(-50.24,29.56,18.));
#7760 = DIRECTION('',(0.,0.,1.));
#7761 = DIRECTION('',(1.,0.,0.));
#7762 = ADVANCED_FACE('',(#7763,#7769),#7780,.T.);
#7763 = FACE_BOUND('',#7764,.T.);
#7764 = EDGE_LOOP('',(#7765,#7766,#7767,#7768));
#7765 = ORIENTED_EDGE('',*,*,#7198,.F.);
#7766 = ORIENTED_EDGE('',*,*,#7166,.T.);
#7767 = ORIENTED_EDGE('',*,*,#7222,.T.);
#7768 = ORIENTED_EDGE('',*,*,#7238,.F.);
#7769 = FACE_BOUND('',#7770,.T.);
#7770 = EDGE_LOOP('',(#7771));
#7771 = ORIENTED_EDGE('',*,*,#7772,.F.);
#7772 = EDGE_CURVE('',#7773,#7773,#7775,.T.);
#7773 = VERTEX_POINT('',#7774);
#7774 = CARTESIAN_POINT('',(18.997,7.308,18.));
#7775 = CIRCLE('',#7776,1.025);
#7776 = AXIS2_PLACEMENT_3D('',#7777,#7778,#7779);
#7777 = CARTESIAN_POINT('',(17.972,7.308,18.));
#7778 = DIRECTION('',(0.,0.,1.));
#7779 = DIRECTION('',(1.,0.,0.));
#7780 = PLANE('',#7781);
#7781 = AXIS2_PLACEMENT_3D('',#7782,#7783,#7784);
#7782 = CARTESIAN_POINT('',(15.472,4.808,18.));
#7783 = DIRECTION('',(0.,0.,1.));
#7784 = DIRECTION('',(1.,0.,0.));
#7785 = ADVANCED_FACE('',(#7786,#7792),#7803,.T.);
#7786 = FACE_BOUND('',#7787,.T.);
#7787 = EDGE_LOOP('',(#7788,#7789,#7790,#7791));
#7788 = ORIENTED_EDGE('',*,*,#7294,.F.);
#7789 = ORIENTED_EDGE('',*,*,#7262,.T.);
#7790 = ORIENTED_EDGE('',*,*,#7318,.T.);
#7791 = ORIENTED_EDGE('',*,*,#7334,.F.);
#7792 = FACE_BOUND('',#7793,.T.);
#7793 = EDGE_LOOP('',(#7794));
#7794 = ORIENTED_EDGE('',*,*,#7795,.F.);
#7795 = EDGE_CURVE('',#7796,#7796,#7798,.T.);
#7796 = VERTEX_POINT('',#7797);
#7797 = CARTESIAN_POINT('',(48.765,32.06,18.));
#7798 = CIRCLE('',#7799,1.025);
#7799 = AXIS2_PLACEMENT_3D('',#7800,#7801,#7802);
#7800 = CARTESIAN_POINT('',(47.74,32.06,18.));
#7801 = DIRECTION('',(0.,0.,1.));
#7802 = DIRECTION('',(1.,0.,0.));
#7803 = PLANE('',#7804);
#7804 = AXIS2_PLACEMENT_3D('',#7805,#7806,#7807);
#7805 = CARTESIAN_POINT('',(45.24,29.56,18.));
#7806 = DIRECTION('',(0.,0.,1.));
#7807 = DIRECTION('',(1.,0.,0.));
#7808 = ADVANCED_FACE('',(#7809),#7828,.F.);
#7809 = FACE_BOUND('',#7810,.F.);
#7810 = EDGE_LOOP('',(#7811,#7812,#7820,#7827));
#7811 = ORIENTED_EDGE('',*,*,#7656,.F.);
#7812 = ORIENTED_EDGE('',*,*,#7813,.F.);
#7813 = EDGE_CURVE('',#7814,#7657,#7816,.T.);
#7814 = VERTEX_POINT('',#7815);
#7815 = CARTESIAN_POINT('',(-46.715,-32.06,10.));
#7816 = LINE('',#7817,#7818);
#7817 = CARTESIAN_POINT('',(-46.715,-32.06,10.));
#7818 = VECTOR('',#7819,1.);
#7819 = DIRECTION('',(0.,0.,1.));
#7820 = ORIENTED_EDGE('',*,*,#7821,.T.);
#7821 = EDGE_CURVE('',#7814,#7814,#7822,.T.);
#7822 = CIRCLE('',#7823,1.025);
#7823 = AXIS2_PLACEMENT_3D('',#7824,#7825,#7826);
#7824 = CARTESIAN_POINT('',(-47.74,-32.06,10.));
#7825 = DIRECTION('',(0.,0.,1.));
#7826 = DIRECTION('',(1.,0.,0.));
#7827 = ORIENTED_EDGE('',*,*,#7813,.T.);
#7828 = CYLINDRICAL_SURFACE('',#7829,1.025);
#7829 = AXIS2_PLACEMENT_3D('',#7830,#7831,#7832);
#7830 = CARTESIAN_POINT('',(-47.74,-32.06,10.));
#7831 = DIRECTION('',(0.,0.,1.));
#7832 = DIRECTION('',(1.,0.,0.));
#7833 = ADVANCED_FACE('',(#7834),#7853,.F.);
#7834 = FACE_BOUND('',#7835,.F.);
#7835 = EDGE_LOOP('',(#7836,#7837,#7845,#7852));
#7836 = ORIENTED_EDGE('',*,*,#7691,.F.);
#7837 = ORIENTED_EDGE('',*,*,#7838,.F.);
#7838 = EDGE_CURVE('',#7839,#7692,#7841,.T.);
#7839 = VERTEX_POINT('',#7840);
#7840 = CARTESIAN_POINT('',(48.765,-32.06,10.));
#7841 = LINE('',#7842,#7843);
#7842 = CARTESIAN_POINT('',(48.765,-32.06,10.));
#7843 = VECTOR('',#7844,1.);
#7844 = DIRECTION('',(0.,0.,1.));
#7845 = ORIENTED_EDGE('',*,*,#7846,.T.);
#7846 = EDGE_CURVE('',#7839,#7839,#7847,.T.);
#7847 = CIRCLE('',#7848,1.025);
#7848 = AXIS2_PLACEMENT_3D('',#7849,#7850,#7851);
#7849 = CARTESIAN_POINT('',(47.74,-32.06,10.));
#7850 = DIRECTION('',(0.,0.,1.));
#7851 = DIRECTION('',(1.,0.,0.));
#7852 = ORIENTED_EDGE('',*,*,#7838,.T.);
#7853 = CYLINDRICAL_SURFACE('',#7854,1.025);
#7854 = AXIS2_PLACEMENT_3D('',#7855,#7856,#7857);
#7855 = CARTESIAN_POINT('',(47.74,-32.06,10.));
#7856 = DIRECTION('',(0.,0.,1.));
#7857 = DIRECTION('',(1.,0.,0.));
#7858 = ADVANCED_FACE('',(#7859),#7878,.F.);
#7859 = FACE_BOUND('',#7860,.F.);
#7860 = EDGE_LOOP('',(#7861,#7862,#7870,#7877));
#7861 = ORIENTED_EDGE('',*,*,#7726,.F.);
#7862 = ORIENTED_EDGE('',*,*,#7863,.F.);
#7863 = EDGE_CURVE('',#7864,#7727,#7866,.T.);
#7864 = VERTEX_POINT('',#7865);
#7865 = CARTESIAN_POINT('',(-10.003,7.308,10.));
#7866 = LINE('',#7867,#7868);
#7867 = CARTESIAN_POINT('',(-10.003,7.308,10.));
#7868 = VECTOR('',#7869,1.);
#7869 = DIRECTION('',(0.,0.,1.));
#7870 = ORIENTED_EDGE('',*,*,#7871,.T.);
#7871 = EDGE_CURVE('',#7864,#7864,#7872,.T.);
#7872 = CIRCLE('',#7873,1.025);
#7873 = AXIS2_PLACEMENT_3D('',#7874,#7875,#7876);
#7874 = CARTESIAN_POINT('',(-11.028,7.308,10.));
#7875 = DIRECTION('',(0.,0.,1.));
#7876 = DIRECTION('',(1.,0.,0.));
#7877 = ORIENTED_EDGE('',*,*,#7863,.T.);
#7878 = CYLINDRICAL_SURFACE('',#7879,1.025);
#7879 = AXIS2_PLACEMENT_3D('',#7880,#7881,#7882);
#7880 = CARTESIAN_POINT('',(-11.028,7.308,10.));
#7881 = DIRECTION('',(0.,0.,1.));
#7882 = DIRECTION('',(1.,0.,0.));
#7883 = ADVANCED_FACE('',(#7884),#7903,.F.);
#7884 = FACE_BOUND('',#7885,.F.);
#7885 = EDGE_LOOP('',(#7886,#7887,#7895,#7902));
#7886 = ORIENTED_EDGE('',*,*,#7749,.F.);
#7887 = ORIENTED_EDGE('',*,*,#7888,.F.);
#7888 = EDGE_CURVE('',#7889,#7750,#7891,.T.);
#7889 = VERTEX_POINT('',#7890);
#7890 = CARTESIAN_POINT('',(-46.715,32.06,10.));
#7891 = LINE('',#7892,#7893);
#7892 = CARTESIAN_POINT('',(-46.715,32.06,10.));
#7893 = VECTOR('',#7894,1.);
#7894 = DIRECTION('',(0.,0.,1.));
#7895 = ORIENTED_EDGE('',*,*,#7896,.T.);
#7896 = EDGE_CURVE('',#7889,#7889,#7897,.T.);
#7897 = CIRCLE('',#7898,1.025);
#7898 = AXIS2_PLACEMENT_3D('',#7899,#7900,#7901);
#7899 = CARTESIAN_POINT('',(-47.74,32.06,10.));
#7900 = DIRECTION('',(0.,0.,1.));
#7901 = DIRECTION('',(1.,0.,0.));
#7902 = ORIENTED_EDGE('',*,*,#7888,.T.);
#7903 = CYLINDRICAL_SURFACE('',#7904,1.025);
#7904 = AXIS2_PLACEMENT_3D('',#7905,#7906,#7907);
#7905 = CARTESIAN_POINT('',(-47.74,32.06,10.));
#7906 = DIRECTION('',(0.,0.,1.));
#7907 = DIRECTION('',(1.,0.,0.));
#7908 = ADVANCED_FACE('',(#7909),#7928,.F.);
#7909 = FACE_BOUND('',#7910,.F.);
#7910 = EDGE_LOOP('',(#7911,#7912,#7920,#7927));
#7911 = ORIENTED_EDGE('',*,*,#7772,.F.);
#7912 = ORIENTED_EDGE('',*,*,#7913,.F.);
#7913 = EDGE_CURVE('',#7914,#7773,#7916,.T.);
#7914 = VERTEX_POINT('',#7915);
#7915 = CARTESIAN_POINT('',(18.997,7.308,10.));
#7916 = LINE('',#7917,#7918);
#7917 = CARTESIAN_POINT('',(18.997,7.308,10.));
#7918 = VECTOR('',#7919,1.);
#7919 = DIRECTION('',(0.,0.,1.));
#7920 = ORIENTED_EDGE('',*,*,#7921,.T.);
#7921 = EDGE_CURVE('',#7914,#7914,#7922,.T.);
#7922 = CIRCLE('',#7923,1.025);
#7923 = AXIS2_PLACEMENT_3D('',#7924,#7925,#7926);
#7924 = CARTESIAN_POINT('',(17.972,7.308,10.));
#7925 = DIRECTION('',(0.,0.,1.));
#7926 = DIRECTION('',(1.,0.,0.));
#7927 = ORIENTED_EDGE('',*,*,#7913,.T.);
#7928 = CYLINDRICAL_SURFACE('',#7929,1.025);
#7929 = AXIS2_PLACEMENT_3D('',#7930,#7931,#7932);
#7930 = CARTESIAN_POINT('',(17.972,7.308,10.));
#7931 = DIRECTION('',(0.,0.,1.));
#7932 = DIRECTION('',(1.,0.,0.));
#7933 = ADVANCED_FACE('',(#7934),#7953,.F.);
#7934 = FACE_BOUND('',#7935,.F.);
#7935 = EDGE_LOOP('',(#7936,#7937,#7945,#7952));
#7936 = ORIENTED_EDGE('',*,*,#7795,.F.);
#7937 = ORIENTED_EDGE('',*,*,#7938,.F.);
#7938 = EDGE_CURVE('',#7939,#7796,#7941,.T.);
#7939 = VERTEX_POINT('',#7940);
#7940 = CARTESIAN_POINT('',(48.765,32.06,10.));
#7941 = LINE('',#7942,#7943);
#7942 = CARTESIAN_POINT('',(48.765,32.06,10.));
#7943 = VECTOR('',#7944,1.);
#7944 = DIRECTION('',(0.,0.,1.));
#7945 = ORIENTED_EDGE('',*,*,#7946,.T.);
#7946 = EDGE_CURVE('',#7939,#7939,#7947,.T.);
#7947 = CIRCLE('',#7948,1.025);
#7948 = AXIS2_PLACEMENT_3D('',#7949,#7950,#7951);
#7949 = CARTESIAN_POINT('',(47.74,32.06,10.));
#7950 = DIRECTION('',(0.,0.,1.));
#7951 = DIRECTION('',(1.,0.,0.));
#7952 = ORIENTED_EDGE('',*,*,#7938,.T.);
#7953 = CYLINDRICAL_SURFACE('',#7954,1.025);
#7954 = AXIS2_PLACEMENT_3D('',#7955,#7956,#7957);
#7955 = CARTESIAN_POINT('',(47.74,32.06,10.));
#7956 = DIRECTION('',(0.,0.,1.));
#7957 = DIRECTION('',(1.,0.,0.));
#7958 = ADVANCED_FACE('',(#7959),#7962,.T.);
#7959 = FACE_BOUND('',#7960,.F.);
#7960 = EDGE_LOOP('',(#7961));
#7961 = ORIENTED_EDGE('',*,*,#7821,.F.);
#7962 = PLANE('',#7963);
#7963 = AXIS2_PLACEMENT_3D('',#7964,#7965,#7966);
#7964 = CARTESIAN_POINT('',(-47.74,-32.06,10.));
#7965 = DIRECTION('',(0.,0.,1.));
#7966 = DIRECTION('',(1.,0.,0.));
#7967 = ADVANCED_FACE('',(#7968),#7971,.T.);
#7968 = FACE_BOUND('',#7969,.F.);
#7969 = EDGE_LOOP('',(#7970));
#7970 = ORIENTED_EDGE('',*,*,#7846,.F.);
#7971 = PLANE('',#7972);
#7972 = AXIS2_PLACEMENT_3D('',#7973,#7974,#7975);
#7973 = CARTESIAN_POINT('',(47.74,-32.06,10.));
#7974 = DIRECTION('',(0.,0.,1.));
#7975 = DIRECTION('',(1.,0.,0.));
#7976 = ADVANCED_FACE('',(#7977),#7980,.T.);
#7977 = FACE_BOUND('',#7978,.F.);
#7978 = EDGE_LOOP('',(#7979));
#7979 = ORIENTED_EDGE('',*,*,#7871,.F.);
#7980 = PLANE('',#7981);
#7981 = AXIS2_PLACEMENT_3D('',#7982,#7983,#7984);
#7982 = CARTESIAN_POINT('',(-11.028,7.308,10.));
#7983 = DIRECTION('',(0.,0.,1.));
#7984 = DIRECTION('',(1.,0.,0.));
#7985 = ADVANCED_FACE('',(#7986),#7989,.T.);
#7986 = FACE_BOUND('',#7987,.F.);
#7987 = EDGE_LOOP('',(#7988));
#7988 = ORIENTED_EDGE('',*,*,#7896,.F.);
#7989 = PLANE('',#7990);
#7990 = AXIS2_PLACEMENT_3D('',#7991,#7992,#7993);
#7991 = CARTESIAN_POINT('',(-47.74,32.06,10.));
#7992 = DIRECTION('',(0.,0.,1.));
#7993 = DIRECTION('',(1.,0.,0.));
#7994 = ADVANCED_FACE('',(#7995),#7998,.T.);
#7995 = FACE_BOUND('',#7996,.F.);
#7996 = EDGE_LOOP('',(#7997));
#7997 = ORIENTED_EDGE('',*,*,#7921,.F.);
#7998 = PLANE('',#7999);
#7999 = AXIS2_PLACEMENT_3D('',#8000,#8001,#8002);
#8000 = CARTESIAN_POINT('',(17.972,7.308,10.));
#8001 = DIRECTION('',(0.,0.,1.));
#8002 = DIRECTION('',(1.,0.,0.));
#8003 = ADVANCED_FACE('',(#8004),#8007,.T.);
#8004 = FACE_BOUND('',#8005,.F.);
#8005 = EDGE_LOOP('',(#8006));
#8006 = ORIENTED_EDGE('',*,*,#7946,.F.);
#8007 = PLANE('',#8008);
#8008 = AXIS2_PLACEMENT_3D('',#8009,#8010,#8011);
#8009 = CARTESIAN_POINT('',(47.74,32.06,10.));
#8010 = DIRECTION('',(0.,0.,1.));
#8011 = DIRECTION('',(1.,0.,0.));
#8012 = ADVANCED_FACE('',(#8013,#8099,#8105,#8111,#8117,#8123,#8129,
    #8140,#8151,#8162,#8173,#8184,#8195,#8206,#8217,#8228,#8239,#8250,
    #8261,#8272,#8283,#8294),#8305,.T.);
#8013 = FACE_BOUND('',#8014,.T.);
#8014 = EDGE_LOOP('',(#8015,#8016,#8017,#8018,#8019,#8020,#8021,#8022,
    #8023,#8024,#8025,#8026,#8027,#8028,#8029,#8030,#8031,#8032,#8033,
    #8034,#8035,#8036,#8037,#8038,#8039,#8040,#8041,#8042,#8043,#8044,
    #8045,#8046,#8047,#8048,#8049,#8050,#8051,#8052,#8053,#8054,#8055,
    #8056,#8057,#8058,#8059,#8060,#8061,#8062,#8063,#8064,#8065,#8066,
    #8067,#8068,#8069,#8070,#8071,#8072,#8073,#8074,#8075,#8076,#8077,
    #8078,#8079,#8080,#8081,#8082,#8083,#8084,#8085,#8086,#8087,#8088,
    #8089,#8090,#8091,#8092,#8093,#8094,#8095,#8096,#8097,#8098));
#8015 = ORIENTED_EDGE('',*,*,#1741,.F.);
#8016 = ORIENTED_EDGE('',*,*,#1780,.F.);
#8017 = ORIENTED_EDGE('',*,*,#2083,.F.);
#8018 = ORIENTED_EDGE('',*,*,#2388,.F.);
#8019 = ORIENTED_EDGE('',*,*,#2035,.T.);
#8020 = ORIENTED_EDGE('',*,*,#1812,.F.);
#8021 = ORIENTED_EDGE('',*,*,#2004,.F.);
#8022 = ORIENTED_EDGE('',*,*,#2371,.F.);
#8023 = ORIENTED_EDGE('',*,*,#1956,.T.);
#8024 = ORIENTED_EDGE('',*,*,#1755,.F.);
#8025 = ORIENTED_EDGE('',*,*,#2105,.T.);
#8026 = ORIENTED_EDGE('',*,*,#951,.T.);
#8027 = ORIENTED_EDGE('',*,*,#5154,.T.);
#8028 = ORIENTED_EDGE('',*,*,#7398,.T.);
#8029 = ORIENTED_EDGE('',*,*,#5202,.F.);
#8030 = ORIENTED_EDGE('',*,*,#1008,.T.);
#8031 = ORIENTED_EDGE('',*,*,#5233,.T.);
#8032 = ORIENTED_EDGE('',*,*,#7415,.T.);
#8033 = ORIENTED_EDGE('',*,*,#5281,.F.);
#8034 = ORIENTED_EDGE('',*,*,#976,.T.);
#8035 = ORIENTED_EDGE('',*,*,#920,.F.);
#8036 = ORIENTED_EDGE('',*,*,#898,.T.);
#8037 = ORIENTED_EDGE('',*,*,#2965,.F.);
#8038 = ORIENTED_EDGE('',*,*,#5689,.F.);
#8039 = ORIENTED_EDGE('',*,*,#7483,.F.);
#8040 = ORIENTED_EDGE('',*,*,#5641,.T.);
#8041 = ORIENTED_EDGE('',*,*,#2997,.F.);
#8042 = ORIENTED_EDGE('',*,*,#5610,.F.);
#8043 = ORIENTED_EDGE('',*,*,#7466,.F.);
#8044 = ORIENTED_EDGE('',*,*,#5562,.T.);
#8045 = ORIENTED_EDGE('',*,*,#2949,.F.);
#8046 = ORIENTED_EDGE('',*,*,#172,.T.);
#8047 = ORIENTED_EDGE('',*,*,#61,.T.);
#8048 = ORIENTED_EDGE('',*,*,#5781,.T.);
#8049 = ORIENTED_EDGE('',*,*,#7500,.T.);
#8050 = ORIENTED_EDGE('',*,*,#5829,.F.);
#8051 = ORIENTED_EDGE('',*,*,#118,.T.);
#8052 = ORIENTED_EDGE('',*,*,#5860,.T.);
#8053 = ORIENTED_EDGE('',*,*,#7517,.T.);
#8054 = ORIENTED_EDGE('',*,*,#5908,.F.);
#8055 = ORIENTED_EDGE('',*,*,#86,.T.);
#8056 = ORIENTED_EDGE('',*,*,#39,.T.);
#8057 = ORIENTED_EDGE('',*,*,#3333,.F.);
#8058 = ORIENTED_EDGE('',*,*,#6073,.F.);
#8059 = ORIENTED_EDGE('',*,*,#7551,.F.);
#8060 = ORIENTED_EDGE('',*,*,#6025,.T.);
#8061 = ORIENTED_EDGE('',*,*,#3365,.F.);
#8062 = ORIENTED_EDGE('',*,*,#5994,.F.);
#8063 = ORIENTED_EDGE('',*,*,#7534,.F.);
#8064 = ORIENTED_EDGE('',*,*,#5946,.T.);
#8065 = ORIENTED_EDGE('',*,*,#3308,.F.);
#8066 = ORIENTED_EDGE('',*,*,#3505,.T.);
#8067 = ORIENTED_EDGE('',*,*,#3403,.T.);
#8068 = ORIENTED_EDGE('',*,*,#6165,.T.);
#8069 = ORIENTED_EDGE('',*,*,#7568,.T.);
#8070 = ORIENTED_EDGE('',*,*,#6213,.F.);
#8071 = ORIENTED_EDGE('',*,*,#3460,.T.);
#8072 = ORIENTED_EDGE('',*,*,#6244,.T.);
#8073 = ORIENTED_EDGE('',*,*,#7585,.T.);
#8074 = ORIENTED_EDGE('',*,*,#6292,.F.);
#8075 = ORIENTED_EDGE('',*,*,#3428,.T.);
#8076 = ORIENTED_EDGE('',*,*,#240,.T.);
#8077 = ORIENTED_EDGE('',*,*,#279,.T.);
#8078 = ORIENTED_EDGE('',*,*,#511,.F.);
#8079 = ORIENTED_EDGE('',*,*,#585,.F.);
#8080 = ORIENTED_EDGE('',*,*,#5514,.F.);
#8081 = ORIENTED_EDGE('',*,*,#7449,.F.);
#8082 = ORIENTED_EDGE('',*,*,#5466,.T.);
#8083 = ORIENTED_EDGE('',*,*,#617,.F.);
#8084 = ORIENTED_EDGE('',*,*,#5435,.F.);
#8085 = ORIENTED_EDGE('',*,*,#7432,.F.);
#8086 = ORIENTED_EDGE('',*,*,#5387,.T.);
#8087 = ORIENTED_EDGE('',*,*,#560,.F.);
#8088 = ORIENTED_EDGE('',*,*,#2535,.T.);
#8089 = ORIENTED_EDGE('',*,*,#2145,.T.);
#8090 = ORIENTED_EDGE('',*,*,#4984,.T.);
#8091 = ORIENTED_EDGE('',*,*,#7364,.T.);
#8092 = ORIENTED_EDGE('',*,*,#5032,.F.);
#8093 = ORIENTED_EDGE('',*,*,#2202,.T.);
#8094 = ORIENTED_EDGE('',*,*,#5063,.T.);
#8095 = ORIENTED_EDGE('',*,*,#7381,.T.);
#8096 = ORIENTED_EDGE('',*,*,#5111,.F.);
#8097 = ORIENTED_EDGE('',*,*,#2170,.T.);
#8098 = ORIENTED_EDGE('',*,*,#1859,.F.);
#8099 = FACE_BOUND('',#8100,.T.);
#8100 = EDGE_LOOP('',(#8101,#8102,#8103,#8104));
#8101 = ORIENTED_EDGE('',*,*,#1136,.T.);
#8102 = ORIENTED_EDGE('',*,*,#1620,.T.);
#8103 = ORIENTED_EDGE('',*,*,#1530,.F.);
#8104 = ORIENTED_EDGE('',*,*,#1235,.F.);
#8105 = FACE_BOUND('',#8106,.T.);
#8106 = EDGE_LOOP('',(#8107,#8108,#8109,#8110));
#8107 = ORIENTED_EDGE('',*,*,#761,.F.);
#8108 = ORIENTED_EDGE('',*,*,#747,.F.);
#8109 = ORIENTED_EDGE('',*,*,#673,.F.);
#8110 = ORIENTED_EDGE('',*,*,#834,.T.);
#8111 = FACE_BOUND('',#8112,.T.);
#8112 = EDGE_LOOP('',(#8113,#8114,#8115,#8116));
#8113 = ORIENTED_EDGE('',*,*,#2723,.F.);
#8114 = ORIENTED_EDGE('',*,*,#2708,.F.);
#8115 = ORIENTED_EDGE('',*,*,#2634,.F.);
#8116 = ORIENTED_EDGE('',*,*,#2786,.T.);
#8117 = FACE_BOUND('',#8118,.T.);
#8118 = EDGE_LOOP('',(#8119,#8120,#8121,#8122));
#8119 = ORIENTED_EDGE('',*,*,#3596,.T.);
#8120 = ORIENTED_EDGE('',*,*,#3756,.F.);
#8121 = ORIENTED_EDGE('',*,*,#3691,.F.);
#8122 = ORIENTED_EDGE('',*,*,#3668,.T.);
#8123 = FACE_BOUND('',#8124,.T.);
#8124 = EDGE_LOOP('',(#8125,#8126,#8127,#8128));
#8125 = ORIENTED_EDGE('',*,*,#3076,.T.);
#8126 = ORIENTED_EDGE('',*,*,#3236,.F.);
#8127 = ORIENTED_EDGE('',*,*,#3171,.F.);
#8128 = ORIENTED_EDGE('',*,*,#3148,.T.);
#8129 = FACE_BOUND('',#8130,.T.);
#8130 = EDGE_LOOP('',(#8131));
#8131 = ORIENTED_EDGE('',*,*,#8132,.F.);
#8132 = EDGE_CURVE('',#8133,#8133,#8135,.T.);
#8133 = VERTEX_POINT('',#8134);
#8134 = CARTESIAN_POINT('',(-129.74,4.2,52.1));
#8135 = CIRCLE('',#8136,0.8);
#8136 = AXIS2_PLACEMENT_3D('',#8137,#8138,#8139);
#8137 = CARTESIAN_POINT('',(-129.74,5.,52.1));
#8138 = DIRECTION('',(-0.,0.,1.));
#8139 = DIRECTION('',(1.110223024625E-16,-1.,0.));
#8140 = FACE_BOUND('',#8141,.T.);
#8141 = EDGE_LOOP('',(#8142));
#8142 = ORIENTED_EDGE('',*,*,#8143,.F.);
#8143 = EDGE_CURVE('',#8144,#8144,#8146,.T.);
#8144 = VERTEX_POINT('',#8145);
#8145 = CARTESIAN_POINT('',(-129.74,-49.8,52.1));
#8146 = CIRCLE('',#8147,0.8);
#8147 = AXIS2_PLACEMENT_3D('',#8148,#8149,#8150);
#8148 = CARTESIAN_POINT('',(-129.74,-49.,52.1));
#8149 = DIRECTION('',(-0.,0.,1.));
#8150 = DIRECTION('',(1.110223024625E-16,-1.,0.));
#8151 = FACE_BOUND('',#8152,.T.);
#8152 = EDGE_LOOP('',(#8153));
#8153 = ORIENTED_EDGE('',*,*,#8154,.F.);
#8154 = EDGE_CURVE('',#8155,#8155,#8157,.T.);
#8155 = VERTEX_POINT('',#8156);
#8156 = CARTESIAN_POINT('',(-27.8,53.06,52.1));
#8157 = CIRCLE('',#8158,0.8);
#8158 = AXIS2_PLACEMENT_3D('',#8159,#8160,#8161);
#8159 = CARTESIAN_POINT('',(-27.,53.06,52.1));
#8160 = DIRECTION('',(0.,0.,1.));
#8161 = DIRECTION('',(-1.,1.224646799147E-16,0.));
#8162 = FACE_BOUND('',#8163,.T.);
#8163 = EDGE_LOOP('',(#8164));
#8164 = ORIENTED_EDGE('',*,*,#8165,.F.);
#8165 = EDGE_CURVE('',#8166,#8166,#8168,.T.);
#8166 = VERTEX_POINT('',#8167);
#8167 = CARTESIAN_POINT('',(-27.8,104.06,52.1));
#8168 = CIRCLE('',#8169,0.8);
#8169 = AXIS2_PLACEMENT_3D('',#8170,#8171,#8172);
#8170 = CARTESIAN_POINT('',(-27.,104.06,52.1));
#8171 = DIRECTION('',(0.,0.,1.));
#8172 = DIRECTION('',(-1.,1.224646799147E-16,0.));
#8173 = FACE_BOUND('',#8174,.T.);
#8174 = EDGE_LOOP('',(#8175));
#8175 = ORIENTED_EDGE('',*,*,#8176,.F.);
#8176 = EDGE_CURVE('',#8177,#8177,#8179,.T.);
#8177 = VERTEX_POINT('',#8178);
#8178 = CARTESIAN_POINT('',(26.2,104.06,52.1));
#8179 = CIRCLE('',#8180,0.8);
#8180 = AXIS2_PLACEMENT_3D('',#8181,#8182,#8183);
#8181 = CARTESIAN_POINT('',(27.,104.06,52.1));
#8182 = DIRECTION('',(0.,0.,1.));
#8183 = DIRECTION('',(-1.,1.224646799147E-16,0.));
#8184 = FACE_BOUND('',#8185,.T.);
#8185 = EDGE_LOOP('',(#8186));
#8186 = ORIENTED_EDGE('',*,*,#8187,.F.);
#8187 = EDGE_CURVE('',#8188,#8188,#8190,.T.);
#8188 = VERTEX_POINT('',#8189);
#8189 = CARTESIAN_POINT('',(26.2,53.06,52.1));
#8190 = CIRCLE('',#8191,0.8);
#8191 = AXIS2_PLACEMENT_3D('',#8192,#8193,#8194);
#8192 = CARTESIAN_POINT('',(27.,53.06,52.1));
#8193 = DIRECTION('',(0.,0.,1.));
#8194 = DIRECTION('',(-1.,1.224646799147E-16,0.));
#8195 = FACE_BOUND('',#8196,.T.);
#8196 = EDGE_LOOP('',(#8197));
#8197 = ORIENTED_EDGE('',*,*,#8198,.F.);
#8198 = EDGE_CURVE('',#8199,#8199,#8201,.T.);
#8199 = VERTEX_POINT('',#8200);
#8200 = CARTESIAN_POINT('',(-68.74,4.2,52.1));
#8201 = CIRCLE('',#8202,0.8);
#8202 = AXIS2_PLACEMENT_3D('',#8203,#8204,#8205);
#8203 = CARTESIAN_POINT('',(-68.74,5.,52.1));
#8204 = DIRECTION('',(-0.,0.,1.));
#8205 = DIRECTION('',(1.110223024625E-16,-1.,0.));
#8206 = FACE_BOUND('',#8207,.T.);
#8207 = EDGE_LOOP('',(#8208));
#8208 = ORIENTED_EDGE('',*,*,#8209,.F.);
#8209 = EDGE_CURVE('',#8210,#8210,#8212,.T.);
#8210 = VERTEX_POINT('',#8211);
#8211 = CARTESIAN_POINT('',(-3.2,-53.06,52.1));
#8212 = CIRCLE('',#8213,0.8);
#8213 = AXIS2_PLACEMENT_3D('',#8214,#8215,#8216);
#8214 = CARTESIAN_POINT('',(-4.,-53.06,52.1));
#8215 = DIRECTION('',(0.,0.,1.));
#8216 = DIRECTION('',(1.,0.,0.));
#8217 = FACE_BOUND('',#8218,.T.);
#8218 = EDGE_LOOP('',(#8219));
#8219 = ORIENTED_EDGE('',*,*,#8220,.F.);
#8220 = EDGE_CURVE('',#8221,#8221,#8223,.T.);
#8221 = VERTEX_POINT('',#8222);
#8222 = CARTESIAN_POINT('',(-3.2,-104.06,52.1));
#8223 = CIRCLE('',#8224,0.8);
#8224 = AXIS2_PLACEMENT_3D('',#8225,#8226,#8227);
#8225 = CARTESIAN_POINT('',(-4.,-104.06,52.1));
#8226 = DIRECTION('',(0.,0.,1.));
#8227 = DIRECTION('',(1.,0.,0.));
#8228 = FACE_BOUND('',#8229,.T.);
#8229 = EDGE_LOOP('',(#8230));
#8230 = ORIENTED_EDGE('',*,*,#8231,.F.);
#8231 = EDGE_CURVE('',#8232,#8232,#8234,.T.);
#8232 = VERTEX_POINT('',#8233);
#8233 = CARTESIAN_POINT('',(4.8,-104.06,52.1));
#8234 = CIRCLE('',#8235,0.8);
#8235 = AXIS2_PLACEMENT_3D('',#8236,#8237,#8238);
#8236 = CARTESIAN_POINT('',(4.,-104.06,52.1));
#8237 = DIRECTION('',(0.,0.,1.));
#8238 = DIRECTION('',(1.,0.,0.));
#8239 = FACE_BOUND('',#8240,.T.);
#8240 = EDGE_LOOP('',(#8241));
#8241 = ORIENTED_EDGE('',*,*,#8242,.F.);
#8242 = EDGE_CURVE('',#8243,#8243,#8245,.T.);
#8243 = VERTEX_POINT('',#8244);
#8244 = CARTESIAN_POINT('',(4.8,-53.06,52.1));
#8245 = CIRCLE('',#8246,0.8);
#8246 = AXIS2_PLACEMENT_3D('',#8247,#8248,#8249);
#8247 = CARTESIAN_POINT('',(4.,-53.06,52.1));
#8248 = DIRECTION('',(0.,0.,1.));
#8249 = DIRECTION('',(1.,0.,0.));
#8250 = FACE_BOUND('',#8251,.T.);
#8251 = EDGE_LOOP('',(#8252));
#8252 = ORIENTED_EDGE('',*,*,#8253,.F.);
#8253 = EDGE_CURVE('',#8254,#8254,#8256,.T.);
#8254 = VERTEX_POINT('',#8255);
#8255 = CARTESIAN_POINT('',(-68.74,-49.8,52.1));
#8256 = CIRCLE('',#8257,0.8);
#8257 = AXIS2_PLACEMENT_3D('',#8258,#8259,#8260);
#8258 = CARTESIAN_POINT('',(-68.74,-49.,52.1));
#8259 = DIRECTION('',(-0.,0.,1.));
#8260 = DIRECTION('',(1.110223024625E-16,-1.,0.));
#8261 = FACE_BOUND('',#8262,.T.);
#8262 = EDGE_LOOP('',(#8263));
#8263 = ORIENTED_EDGE('',*,*,#8264,.F.);
#8264 = EDGE_CURVE('',#8265,#8265,#8267,.T.);
#8265 = VERTEX_POINT('',#8266);
#8266 = CARTESIAN_POINT('',(-57.2,-104.06,52.1));
#8267 = CIRCLE('',#8268,0.8);
#8268 = AXIS2_PLACEMENT_3D('',#8269,#8270,#8271);
#8269 = CARTESIAN_POINT('',(-58.,-104.06,52.1));
#8270 = DIRECTION('',(0.,0.,1.));
#8271 = DIRECTION('',(1.,0.,0.));
#8272 = FACE_BOUND('',#8273,.T.);
#8273 = EDGE_LOOP('',(#8274));
#8274 = ORIENTED_EDGE('',*,*,#8275,.F.);
#8275 = EDGE_CURVE('',#8276,#8276,#8278,.T.);
#8276 = VERTEX_POINT('',#8277);
#8277 = CARTESIAN_POINT('',(-57.2,-53.06,52.1));
#8278 = CIRCLE('',#8279,0.8);
#8279 = AXIS2_PLACEMENT_3D('',#8280,#8281,#8282);
#8280 = CARTESIAN_POINT('',(-58.,-53.06,52.1));
#8281 = DIRECTION('',(0.,0.,1.));
#8282 = DIRECTION('',(1.,0.,0.));
#8283 = FACE_BOUND('',#8284,.T.);
#8284 = EDGE_LOOP('',(#8285));
#8285 = ORIENTED_EDGE('',*,*,#8286,.F.);
#8286 = EDGE_CURVE('',#8287,#8287,#8289,.T.);
#8287 = VERTEX_POINT('',#8288);
#8288 = CARTESIAN_POINT('',(58.8,-53.06,52.1));
#8289 = CIRCLE('',#8290,0.8);
#8290 = AXIS2_PLACEMENT_3D('',#8291,#8292,#8293);
#8291 = CARTESIAN_POINT('',(58.,-53.06,52.1));
#8292 = DIRECTION('',(0.,0.,1.));
#8293 = DIRECTION('',(1.,0.,0.));
#8294 = FACE_BOUND('',#8295,.T.);
#8295 = EDGE_LOOP('',(#8296));
#8296 = ORIENTED_EDGE('',*,*,#8297,.F.);
#8297 = EDGE_CURVE('',#8298,#8298,#8300,.T.);
#8298 = VERTEX_POINT('',#8299);
#8299 = CARTESIAN_POINT('',(58.8,-104.06,52.1));
#8300 = CIRCLE('',#8301,0.8);
#8301 = AXIS2_PLACEMENT_3D('',#8302,#8303,#8304);
#8302 = CARTESIAN_POINT('',(58.,-104.06,52.1));
#8303 = DIRECTION('',(0.,0.,1.));
#8304 = DIRECTION('',(1.,0.,0.));
#8305 = PLANE('',#8306);
#8306 = AXIS2_PLACEMENT_3D('',#8307,#8308,#8309);
#8307 = CARTESIAN_POINT('',(-20.05765095485,-18.29760128049,52.1));
#8308 = DIRECTION('',(0.,0.,1.));
#8309 = DIRECTION('',(1.,0.,0.));
#8310 = ADVANCED_FACE('',(#8311),#8330,.F.);
#8311 = FACE_BOUND('',#8312,.F.);
#8312 = EDGE_LOOP('',(#8313,#8314,#8322,#8329));
#8313 = ORIENTED_EDGE('',*,*,#8132,.F.);
#8314 = ORIENTED_EDGE('',*,*,#8315,.F.);
#8315 = EDGE_CURVE('',#8316,#8133,#8318,.T.);
#8316 = VERTEX_POINT('',#8317);
#8317 = CARTESIAN_POINT('',(-129.74,4.2,46.1));
#8318 = LINE('',#8319,#8320);
#8319 = CARTESIAN_POINT('',(-129.74,4.2,46.1));
#8320 = VECTOR('',#8321,1.);
#8321 = DIRECTION('',(0.,0.,1.));
#8322 = ORIENTED_EDGE('',*,*,#8323,.T.);
#8323 = EDGE_CURVE('',#8316,#8316,#8324,.T.);
#8324 = CIRCLE('',#8325,0.8);
#8325 = AXIS2_PLACEMENT_3D('',#8326,#8327,#8328);
#8326 = CARTESIAN_POINT('',(-129.74,5.,46.1));
#8327 = DIRECTION('',(-0.,0.,1.));
#8328 = DIRECTION('',(1.110223024625E-16,-1.,0.));
#8329 = ORIENTED_EDGE('',*,*,#8315,.T.);
#8330 = CYLINDRICAL_SURFACE('',#8331,0.8);
#8331 = AXIS2_PLACEMENT_3D('',#8332,#8333,#8334);
#8332 = CARTESIAN_POINT('',(-129.74,5.,46.1));
#8333 = DIRECTION('',(0.,0.,1.));
#8334 = DIRECTION('',(1.110223024625E-16,-1.,0.));
#8335 = ADVANCED_FACE('',(#8336),#8339,.T.);
#8336 = FACE_BOUND('',#8337,.F.);
#8337 = EDGE_LOOP('',(#8338));
#8338 = ORIENTED_EDGE('',*,*,#8323,.F.);
#8339 = PLANE('',#8340);
#8340 = AXIS2_PLACEMENT_3D('',#8341,#8342,#8343);
#8341 = CARTESIAN_POINT('',(-129.74,5.,46.1));
#8342 = DIRECTION('',(0.,0.,1.));
#8343 = DIRECTION('',(1.110223024625E-16,-1.,0.));
#8344 = ADVANCED_FACE('',(#8345),#8364,.F.);
#8345 = FACE_BOUND('',#8346,.F.);
#8346 = EDGE_LOOP('',(#8347,#8348,#8356,#8363));
#8347 = ORIENTED_EDGE('',*,*,#8143,.F.);
#8348 = ORIENTED_EDGE('',*,*,#8349,.F.);
#8349 = EDGE_CURVE('',#8350,#8144,#8352,.T.);
#8350 = VERTEX_POINT('',#8351);
#8351 = CARTESIAN_POINT('',(-129.74,-49.8,46.1));
#8352 = LINE('',#8353,#8354);
#8353 = CARTESIAN_POINT('',(-129.74,-49.8,46.1));
#8354 = VECTOR('',#8355,1.);
#8355 = DIRECTION('',(0.,0.,1.));
#8356 = ORIENTED_EDGE('',*,*,#8357,.T.);
#8357 = EDGE_CURVE('',#8350,#8350,#8358,.T.);
#8358 = CIRCLE('',#8359,0.8);
#8359 = AXIS2_PLACEMENT_3D('',#8360,#8361,#8362);
#8360 = CARTESIAN_POINT('',(-129.74,-49.,46.1));
#8361 = DIRECTION('',(-0.,0.,1.));
#8362 = DIRECTION('',(1.110223024625E-16,-1.,0.));
#8363 = ORIENTED_EDGE('',*,*,#8349,.T.);
#8364 = CYLINDRICAL_SURFACE('',#8365,0.8);
#8365 = AXIS2_PLACEMENT_3D('',#8366,#8367,#8368);
#8366 = CARTESIAN_POINT('',(-129.74,-49.,46.1));
#8367 = DIRECTION('',(0.,0.,1.));
#8368 = DIRECTION('',(1.110223024625E-16,-1.,0.));
#8369 = ADVANCED_FACE('',(#8370),#8373,.T.);
#8370 = FACE_BOUND('',#8371,.F.);
#8371 = EDGE_LOOP('',(#8372));
#8372 = ORIENTED_EDGE('',*,*,#8357,.F.);
#8373 = PLANE('',#8374);
#8374 = AXIS2_PLACEMENT_3D('',#8375,#8376,#8377);
#8375 = CARTESIAN_POINT('',(-129.74,-49.,46.1));
#8376 = DIRECTION('',(0.,0.,1.));
#8377 = DIRECTION('',(1.110223024625E-16,-1.,0.));
#8378 = ADVANCED_FACE('',(#8379),#8398,.F.);
#8379 = FACE_BOUND('',#8380,.F.);
#8380 = EDGE_LOOP('',(#8381,#8382,#8390,#8397));
#8381 = ORIENTED_EDGE('',*,*,#8154,.F.);
#8382 = ORIENTED_EDGE('',*,*,#8383,.F.);
#8383 = EDGE_CURVE('',#8384,#8155,#8386,.T.);
#8384 = VERTEX_POINT('',#8385);
#8385 = CARTESIAN_POINT('',(-27.8,53.06,46.1));
#8386 = LINE('',#8387,#8388);
#8387 = CARTESIAN_POINT('',(-27.8,53.06,46.1));
#8388 = VECTOR('',#8389,1.);
#8389 = DIRECTION('',(0.,0.,1.));
#8390 = ORIENTED_EDGE('',*,*,#8391,.T.);
#8391 = EDGE_CURVE('',#8384,#8384,#8392,.T.);
#8392 = CIRCLE('',#8393,0.8);
#8393 = AXIS2_PLACEMENT_3D('',#8394,#8395,#8396);
#8394 = CARTESIAN_POINT('',(-27.,53.06,46.1));
#8395 = DIRECTION('',(0.,0.,1.));
#8396 = DIRECTION('',(-1.,1.224646799147E-16,0.));
#8397 = ORIENTED_EDGE('',*,*,#8383,.T.);
#8398 = CYLINDRICAL_SURFACE('',#8399,0.8);
#8399 = AXIS2_PLACEMENT_3D('',#8400,#8401,#8402);
#8400 = CARTESIAN_POINT('',(-27.,53.06,46.1));
#8401 = DIRECTION('',(0.,0.,1.));
#8402 = DIRECTION('',(-1.,1.224646799147E-16,0.));
#8403 = ADVANCED_FACE('',(#8404),#8407,.T.);
#8404 = FACE_BOUND('',#8405,.F.);
#8405 = EDGE_LOOP('',(#8406));
#8406 = ORIENTED_EDGE('',*,*,#8391,.F.);
#8407 = PLANE('',#8408);
#8408 = AXIS2_PLACEMENT_3D('',#8409,#8410,#8411);
#8409 = CARTESIAN_POINT('',(-27.,53.06,46.1));
#8410 = DIRECTION('',(0.,0.,1.));
#8411 = DIRECTION('',(-1.,1.224646799147E-16,0.));
#8412 = ADVANCED_FACE('',(#8413),#8432,.F.);
#8413 = FACE_BOUND('',#8414,.F.);
#8414 = EDGE_LOOP('',(#8415,#8416,#8424,#8431));
#8415 = ORIENTED_EDGE('',*,*,#8165,.F.);
#8416 = ORIENTED_EDGE('',*,*,#8417,.F.);
#8417 = EDGE_CURVE('',#8418,#8166,#8420,.T.);
#8418 = VERTEX_POINT('',#8419);
#8419 = CARTESIAN_POINT('',(-27.8,104.06,46.1));
#8420 = LINE('',#8421,#8422);
#8421 = CARTESIAN_POINT('',(-27.8,104.06,46.1));
#8422 = VECTOR('',#8423,1.);
#8423 = DIRECTION('',(0.,0.,1.));
#8424 = ORIENTED_EDGE('',*,*,#8425,.T.);
#8425 = EDGE_CURVE('',#8418,#8418,#8426,.T.);
#8426 = CIRCLE('',#8427,0.8);
#8427 = AXIS2_PLACEMENT_3D('',#8428,#8429,#8430);
#8428 = CARTESIAN_POINT('',(-27.,104.06,46.1));
#8429 = DIRECTION('',(0.,0.,1.));
#8430 = DIRECTION('',(-1.,1.224646799147E-16,0.));
#8431 = ORIENTED_EDGE('',*,*,#8417,.T.);
#8432 = CYLINDRICAL_SURFACE('',#8433,0.8);
#8433 = AXIS2_PLACEMENT_3D('',#8434,#8435,#8436);
#8434 = CARTESIAN_POINT('',(-27.,104.06,46.1));
#8435 = DIRECTION('',(0.,0.,1.));
#8436 = DIRECTION('',(-1.,1.224646799147E-16,0.));
#8437 = ADVANCED_FACE('',(#8438),#8441,.T.);
#8438 = FACE_BOUND('',#8439,.F.);
#8439 = EDGE_LOOP('',(#8440));
#8440 = ORIENTED_EDGE('',*,*,#8425,.F.);
#8441 = PLANE('',#8442);
#8442 = AXIS2_PLACEMENT_3D('',#8443,#8444,#8445);
#8443 = CARTESIAN_POINT('',(-27.,104.06,46.1));
#8444 = DIRECTION('',(0.,0.,1.));
#8445 = DIRECTION('',(-1.,1.224646799147E-16,0.));
#8446 = ADVANCED_FACE('',(#8447),#8466,.F.);
#8447 = FACE_BOUND('',#8448,.F.);
#8448 = EDGE_LOOP('',(#8449,#8450,#8458,#8465));
#8449 = ORIENTED_EDGE('',*,*,#8176,.F.);
#8450 = ORIENTED_EDGE('',*,*,#8451,.F.);
#8451 = EDGE_CURVE('',#8452,#8177,#8454,.T.);
#8452 = VERTEX_POINT('',#8453);
#8453 = CARTESIAN_POINT('',(26.2,104.06,46.1));
#8454 = LINE('',#8455,#8456);
#8455 = CARTESIAN_POINT('',(26.2,104.06,46.1));
#8456 = VECTOR('',#8457,1.);
#8457 = DIRECTION('',(0.,0.,1.));
#8458 = ORIENTED_EDGE('',*,*,#8459,.T.);
#8459 = EDGE_CURVE('',#8452,#8452,#8460,.T.);
#8460 = CIRCLE('',#8461,0.8);
#8461 = AXIS2_PLACEMENT_3D('',#8462,#8463,#8464);
#8462 = CARTESIAN_POINT('',(27.,104.06,46.1));
#8463 = DIRECTION('',(0.,0.,1.));
#8464 = DIRECTION('',(-1.,1.224646799147E-16,0.));
#8465 = ORIENTED_EDGE('',*,*,#8451,.T.);
#8466 = CYLINDRICAL_SURFACE('',#8467,0.8);
#8467 = AXIS2_PLACEMENT_3D('',#8468,#8469,#8470);
#8468 = CARTESIAN_POINT('',(27.,104.06,46.1));
#8469 = DIRECTION('',(0.,0.,1.));
#8470 = DIRECTION('',(-1.,1.224646799147E-16,0.));
#8471 = ADVANCED_FACE('',(#8472),#8475,.T.);
#8472 = FACE_BOUND('',#8473,.F.);
#8473 = EDGE_LOOP('',(#8474));
#8474 = ORIENTED_EDGE('',*,*,#8459,.F.);
#8475 = PLANE('',#8476);
#8476 = AXIS2_PLACEMENT_3D('',#8477,#8478,#8479);
#8477 = CARTESIAN_POINT('',(27.,104.06,46.1));
#8478 = DIRECTION('',(0.,0.,1.));
#8479 = DIRECTION('',(-1.,1.224646799147E-16,0.));
#8480 = ADVANCED_FACE('',(#8481),#8500,.F.);
#8481 = FACE_BOUND('',#8482,.F.);
#8482 = EDGE_LOOP('',(#8483,#8484,#8492,#8499));
#8483 = ORIENTED_EDGE('',*,*,#8187,.F.);
#8484 = ORIENTED_EDGE('',*,*,#8485,.F.);
#8485 = EDGE_CURVE('',#8486,#8188,#8488,.T.);
#8486 = VERTEX_POINT('',#8487);
#8487 = CARTESIAN_POINT('',(26.2,53.06,46.1));
#8488 = LINE('',#8489,#8490);
#8489 = CARTESIAN_POINT('',(26.2,53.06,46.1));
#8490 = VECTOR('',#8491,1.);
#8491 = DIRECTION('',(0.,0.,1.));
#8492 = ORIENTED_EDGE('',*,*,#8493,.T.);
#8493 = EDGE_CURVE('',#8486,#8486,#8494,.T.);
#8494 = CIRCLE('',#8495,0.8);
#8495 = AXIS2_PLACEMENT_3D('',#8496,#8497,#8498);
#8496 = CARTESIAN_POINT('',(27.,53.06,46.1));
#8497 = DIRECTION('',(0.,0.,1.));
#8498 = DIRECTION('',(-1.,1.224646799147E-16,0.));
#8499 = ORIENTED_EDGE('',*,*,#8485,.T.);
#8500 = CYLINDRICAL_SURFACE('',#8501,0.8);
#8501 = AXIS2_PLACEMENT_3D('',#8502,#8503,#8504);
#8502 = CARTESIAN_POINT('',(27.,53.06,46.1));
#8503 = DIRECTION('',(0.,0.,1.));
#8504 = DIRECTION('',(-1.,1.224646799147E-16,0.));
#8505 = ADVANCED_FACE('',(#8506),#8509,.T.);
#8506 = FACE_BOUND('',#8507,.F.);
#8507 = EDGE_LOOP('',(#8508));
#8508 = ORIENTED_EDGE('',*,*,#8493,.F.);
#8509 = PLANE('',#8510);
#8510 = AXIS2_PLACEMENT_3D('',#8511,#8512,#8513);
#8511 = CARTESIAN_POINT('',(27.,53.06,46.1));
#8512 = DIRECTION('',(0.,0.,1.));
#8513 = DIRECTION('',(-1.,1.224646799147E-16,0.));
#8514 = ADVANCED_FACE('',(#8515),#8534,.F.);
#8515 = FACE_BOUND('',#8516,.F.);
#8516 = EDGE_LOOP('',(#8517,#8518,#8526,#8533));
#8517 = ORIENTED_EDGE('',*,*,#8198,.F.);
#8518 = ORIENTED_EDGE('',*,*,#8519,.F.);
#8519 = EDGE_CURVE('',#8520,#8199,#8522,.T.);
#8520 = VERTEX_POINT('',#8521);
#8521 = CARTESIAN_POINT('',(-68.74,4.2,46.1));
#8522 = LINE('',#8523,#8524);
#8523 = CARTESIAN_POINT('',(-68.74,4.2,46.1));
#8524 = VECTOR('',#8525,1.);
#8525 = DIRECTION('',(0.,0.,1.));
#8526 = ORIENTED_EDGE('',*,*,#8527,.T.);
#8527 = EDGE_CURVE('',#8520,#8520,#8528,.T.);
#8528 = CIRCLE('',#8529,0.8);
#8529 = AXIS2_PLACEMENT_3D('',#8530,#8531,#8532);
#8530 = CARTESIAN_POINT('',(-68.74,5.,46.1));
#8531 = DIRECTION('',(-0.,0.,1.));
#8532 = DIRECTION('',(1.110223024625E-16,-1.,0.));
#8533 = ORIENTED_EDGE('',*,*,#8519,.T.);
#8534 = CYLINDRICAL_SURFACE('',#8535,0.8);
#8535 = AXIS2_PLACEMENT_3D('',#8536,#8537,#8538);
#8536 = CARTESIAN_POINT('',(-68.74,5.,46.1));
#8537 = DIRECTION('',(0.,0.,1.));
#8538 = DIRECTION('',(1.110223024625E-16,-1.,0.));
#8539 = ADVANCED_FACE('',(#8540),#8543,.T.);
#8540 = FACE_BOUND('',#8541,.F.);
#8541 = EDGE_LOOP('',(#8542));
#8542 = ORIENTED_EDGE('',*,*,#8527,.F.);
#8543 = PLANE('',#8544);
#8544 = AXIS2_PLACEMENT_3D('',#8545,#8546,#8547);
#8545 = CARTESIAN_POINT('',(-68.74,5.,46.1));
#8546 = DIRECTION('',(0.,0.,1.));
#8547 = DIRECTION('',(1.110223024625E-16,-1.,0.));
#8548 = ADVANCED_FACE('',(#8549),#8568,.F.);
#8549 = FACE_BOUND('',#8550,.F.);
#8550 = EDGE_LOOP('',(#8551,#8552,#8560,#8567));
#8551 = ORIENTED_EDGE('',*,*,#8209,.F.);
#8552 = ORIENTED_EDGE('',*,*,#8553,.F.);
#8553 = EDGE_CURVE('',#8554,#8210,#8556,.T.);
#8554 = VERTEX_POINT('',#8555);
#8555 = CARTESIAN_POINT('',(-3.2,-53.06,46.1));
#8556 = LINE('',#8557,#8558);
#8557 = CARTESIAN_POINT('',(-3.2,-53.06,46.1));
#8558 = VECTOR('',#8559,1.);
#8559 = DIRECTION('',(0.,0.,1.));
#8560 = ORIENTED_EDGE('',*,*,#8561,.T.);
#8561 = EDGE_CURVE('',#8554,#8554,#8562,.T.);
#8562 = CIRCLE('',#8563,0.8);
#8563 = AXIS2_PLACEMENT_3D('',#8564,#8565,#8566);
#8564 = CARTESIAN_POINT('',(-4.,-53.06,46.1));
#8565 = DIRECTION('',(0.,0.,1.));
#8566 = DIRECTION('',(1.,0.,0.));
#8567 = ORIENTED_EDGE('',*,*,#8553,.T.);
#8568 = CYLINDRICAL_SURFACE('',#8569,0.8);
#8569 = AXIS2_PLACEMENT_3D('',#8570,#8571,#8572);
#8570 = CARTESIAN_POINT('',(-4.,-53.06,46.1));
#8571 = DIRECTION('',(0.,0.,1.));
#8572 = DIRECTION('',(1.,0.,0.));
#8573 = ADVANCED_FACE('',(#8574),#8577,.T.);
#8574 = FACE_BOUND('',#8575,.F.);
#8575 = EDGE_LOOP('',(#8576));
#8576 = ORIENTED_EDGE('',*,*,#8561,.F.);
#8577 = PLANE('',#8578);
#8578 = AXIS2_PLACEMENT_3D('',#8579,#8580,#8581);
#8579 = CARTESIAN_POINT('',(-4.,-53.06,46.1));
#8580 = DIRECTION('',(0.,0.,1.));
#8581 = DIRECTION('',(1.,0.,0.));
#8582 = ADVANCED_FACE('',(#8583),#8602,.F.);
#8583 = FACE_BOUND('',#8584,.F.);
#8584 = EDGE_LOOP('',(#8585,#8586,#8594,#8601));
#8585 = ORIENTED_EDGE('',*,*,#8220,.F.);
#8586 = ORIENTED_EDGE('',*,*,#8587,.F.);
#8587 = EDGE_CURVE('',#8588,#8221,#8590,.T.);
#8588 = VERTEX_POINT('',#8589);
#8589 = CARTESIAN_POINT('',(-3.2,-104.06,46.1));
#8590 = LINE('',#8591,#8592);
#8591 = CARTESIAN_POINT('',(-3.2,-104.06,46.1));
#8592 = VECTOR('',#8593,1.);
#8593 = DIRECTION('',(0.,0.,1.));
#8594 = ORIENTED_EDGE('',*,*,#8595,.T.);
#8595 = EDGE_CURVE('',#8588,#8588,#8596,.T.);
#8596 = CIRCLE('',#8597,0.8);
#8597 = AXIS2_PLACEMENT_3D('',#8598,#8599,#8600);
#8598 = CARTESIAN_POINT('',(-4.,-104.06,46.1));
#8599 = DIRECTION('',(0.,0.,1.));
#8600 = DIRECTION('',(1.,0.,0.));
#8601 = ORIENTED_EDGE('',*,*,#8587,.T.);
#8602 = CYLINDRICAL_SURFACE('',#8603,0.8);
#8603 = AXIS2_PLACEMENT_3D('',#8604,#8605,#8606);
#8604 = CARTESIAN_POINT('',(-4.,-104.06,46.1));
#8605 = DIRECTION('',(0.,0.,1.));
#8606 = DIRECTION('',(1.,0.,0.));
#8607 = ADVANCED_FACE('',(#8608),#8611,.T.);
#8608 = FACE_BOUND('',#8609,.F.);
#8609 = EDGE_LOOP('',(#8610));
#8610 = ORIENTED_EDGE('',*,*,#8595,.F.);
#8611 = PLANE('',#8612);
#8612 = AXIS2_PLACEMENT_3D('',#8613,#8614,#8615);
#8613 = CARTESIAN_POINT('',(-4.,-104.06,46.1));
#8614 = DIRECTION('',(0.,0.,1.));
#8615 = DIRECTION('',(1.,0.,0.));
#8616 = ADVANCED_FACE('',(#8617),#8636,.F.);
#8617 = FACE_BOUND('',#8618,.F.);
#8618 = EDGE_LOOP('',(#8619,#8620,#8628,#8635));
#8619 = ORIENTED_EDGE('',*,*,#8231,.F.);
#8620 = ORIENTED_EDGE('',*,*,#8621,.F.);
#8621 = EDGE_CURVE('',#8622,#8232,#8624,.T.);
#8622 = VERTEX_POINT('',#8623);
#8623 = CARTESIAN_POINT('',(4.8,-104.06,46.1));
#8624 = LINE('',#8625,#8626);
#8625 = CARTESIAN_POINT('',(4.8,-104.06,46.1));
#8626 = VECTOR('',#8627,1.);
#8627 = DIRECTION('',(0.,0.,1.));
#8628 = ORIENTED_EDGE('',*,*,#8629,.T.);
#8629 = EDGE_CURVE('',#8622,#8622,#8630,.T.);
#8630 = CIRCLE('',#8631,0.8);
#8631 = AXIS2_PLACEMENT_3D('',#8632,#8633,#8634);
#8632 = CARTESIAN_POINT('',(4.,-104.06,46.1));
#8633 = DIRECTION('',(0.,0.,1.));
#8634 = DIRECTION('',(1.,0.,0.));
#8635 = ORIENTED_EDGE('',*,*,#8621,.T.);
#8636 = CYLINDRICAL_SURFACE('',#8637,0.8);
#8637 = AXIS2_PLACEMENT_3D('',#8638,#8639,#8640);
#8638 = CARTESIAN_POINT('',(4.,-104.06,46.1));
#8639 = DIRECTION('',(0.,0.,1.));
#8640 = DIRECTION('',(1.,0.,0.));
#8641 = ADVANCED_FACE('',(#8642),#8645,.T.);
#8642 = FACE_BOUND('',#8643,.F.);
#8643 = EDGE_LOOP('',(#8644));
#8644 = ORIENTED_EDGE('',*,*,#8629,.F.);
#8645 = PLANE('',#8646);
#8646 = AXIS2_PLACEMENT_3D('',#8647,#8648,#8649);
#8647 = CARTESIAN_POINT('',(4.,-104.06,46.1));
#8648 = DIRECTION('',(0.,0.,1.));
#8649 = DIRECTION('',(1.,0.,0.));
#8650 = ADVANCED_FACE('',(#8651),#8670,.F.);
#8651 = FACE_BOUND('',#8652,.F.);
#8652 = EDGE_LOOP('',(#8653,#8654,#8662,#8669));
#8653 = ORIENTED_EDGE('',*,*,#8242,.F.);
#8654 = ORIENTED_EDGE('',*,*,#8655,.F.);
#8655 = EDGE_CURVE('',#8656,#8243,#8658,.T.);
#8656 = VERTEX_POINT('',#8657);
#8657 = CARTESIAN_POINT('',(4.8,-53.06,46.1));
#8658 = LINE('',#8659,#8660);
#8659 = CARTESIAN_POINT('',(4.8,-53.06,46.1));
#8660 = VECTOR('',#8661,1.);
#8661 = DIRECTION('',(0.,0.,1.));
#8662 = ORIENTED_EDGE('',*,*,#8663,.T.);
#8663 = EDGE_CURVE('',#8656,#8656,#8664,.T.);
#8664 = CIRCLE('',#8665,0.8);
#8665 = AXIS2_PLACEMENT_3D('',#8666,#8667,#8668);
#8666 = CARTESIAN_POINT('',(4.,-53.06,46.1));
#8667 = DIRECTION('',(0.,0.,1.));
#8668 = DIRECTION('',(1.,0.,0.));
#8669 = ORIENTED_EDGE('',*,*,#8655,.T.);
#8670 = CYLINDRICAL_SURFACE('',#8671,0.8);
#8671 = AXIS2_PLACEMENT_3D('',#8672,#8673,#8674);
#8672 = CARTESIAN_POINT('',(4.,-53.06,46.1));
#8673 = DIRECTION('',(0.,0.,1.));
#8674 = DIRECTION('',(1.,0.,0.));
#8675 = ADVANCED_FACE('',(#8676),#8679,.T.);
#8676 = FACE_BOUND('',#8677,.F.);
#8677 = EDGE_LOOP('',(#8678));
#8678 = ORIENTED_EDGE('',*,*,#8663,.F.);
#8679 = PLANE('',#8680);
#8680 = AXIS2_PLACEMENT_3D('',#8681,#8682,#8683);
#8681 = CARTESIAN_POINT('',(4.,-53.06,46.1));
#8682 = DIRECTION('',(0.,0.,1.));
#8683 = DIRECTION('',(1.,0.,0.));
#8684 = ADVANCED_FACE('',(#8685),#8704,.F.);
#8685 = FACE_BOUND('',#8686,.F.);
#8686 = EDGE_LOOP('',(#8687,#8688,#8696,#8703));
#8687 = ORIENTED_EDGE('',*,*,#8253,.F.);
#8688 = ORIENTED_EDGE('',*,*,#8689,.F.);
#8689 = EDGE_CURVE('',#8690,#8254,#8692,.T.);
#8690 = VERTEX_POINT('',#8691);
#8691 = CARTESIAN_POINT('',(-68.74,-49.8,46.1));
#8692 = LINE('',#8693,#8694);
#8693 = CARTESIAN_POINT('',(-68.74,-49.8,46.1));
#8694 = VECTOR('',#8695,1.);
#8695 = DIRECTION('',(0.,0.,1.));
#8696 = ORIENTED_EDGE('',*,*,#8697,.T.);
#8697 = EDGE_CURVE('',#8690,#8690,#8698,.T.);
#8698 = CIRCLE('',#8699,0.8);
#8699 = AXIS2_PLACEMENT_3D('',#8700,#8701,#8702);
#8700 = CARTESIAN_POINT('',(-68.74,-49.,46.1));
#8701 = DIRECTION('',(-0.,0.,1.));
#8702 = DIRECTION('',(1.110223024625E-16,-1.,0.));
#8703 = ORIENTED_EDGE('',*,*,#8689,.T.);
#8704 = CYLINDRICAL_SURFACE('',#8705,0.8);
#8705 = AXIS2_PLACEMENT_3D('',#8706,#8707,#8708);
#8706 = CARTESIAN_POINT('',(-68.74,-49.,46.1));
#8707 = DIRECTION('',(0.,0.,1.));
#8708 = DIRECTION('',(1.110223024625E-16,-1.,0.));
#8709 = ADVANCED_FACE('',(#8710),#8713,.T.);
#8710 = FACE_BOUND('',#8711,.F.);
#8711 = EDGE_LOOP('',(#8712));
#8712 = ORIENTED_EDGE('',*,*,#8697,.F.);
#8713 = PLANE('',#8714);
#8714 = AXIS2_PLACEMENT_3D('',#8715,#8716,#8717);
#8715 = CARTESIAN_POINT('',(-68.74,-49.,46.1));
#8716 = DIRECTION('',(0.,0.,1.));
#8717 = DIRECTION('',(1.110223024625E-16,-1.,0.));
#8718 = ADVANCED_FACE('',(#8719),#8738,.F.);
#8719 = FACE_BOUND('',#8720,.F.);
#8720 = EDGE_LOOP('',(#8721,#8722,#8730,#8737));
#8721 = ORIENTED_EDGE('',*,*,#8264,.F.);
#8722 = ORIENTED_EDGE('',*,*,#8723,.F.);
#8723 = EDGE_CURVE('',#8724,#8265,#8726,.T.);
#8724 = VERTEX_POINT('',#8725);
#8725 = CARTESIAN_POINT('',(-57.2,-104.06,46.1));
#8726 = LINE('',#8727,#8728);
#8727 = CARTESIAN_POINT('',(-57.2,-104.06,46.1));
#8728 = VECTOR('',#8729,1.);
#8729 = DIRECTION('',(0.,0.,1.));
#8730 = ORIENTED_EDGE('',*,*,#8731,.T.);
#8731 = EDGE_CURVE('',#8724,#8724,#8732,.T.);
#8732 = CIRCLE('',#8733,0.8);
#8733 = AXIS2_PLACEMENT_3D('',#8734,#8735,#8736);
#8734 = CARTESIAN_POINT('',(-58.,-104.06,46.1));
#8735 = DIRECTION('',(0.,0.,1.));
#8736 = DIRECTION('',(1.,0.,0.));
#8737 = ORIENTED_EDGE('',*,*,#8723,.T.);
#8738 = CYLINDRICAL_SURFACE('',#8739,0.8);
#8739 = AXIS2_PLACEMENT_3D('',#8740,#8741,#8742);
#8740 = CARTESIAN_POINT('',(-58.,-104.06,46.1));
#8741 = DIRECTION('',(0.,0.,1.));
#8742 = DIRECTION('',(1.,0.,0.));
#8743 = ADVANCED_FACE('',(#8744),#8747,.T.);
#8744 = FACE_BOUND('',#8745,.F.);
#8745 = EDGE_LOOP('',(#8746));
#8746 = ORIENTED_EDGE('',*,*,#8731,.F.);
#8747 = PLANE('',#8748);
#8748 = AXIS2_PLACEMENT_3D('',#8749,#8750,#8751);
#8749 = CARTESIAN_POINT('',(-58.,-104.06,46.1));
#8750 = DIRECTION('',(0.,0.,1.));
#8751 = DIRECTION('',(1.,0.,0.));
#8752 = ADVANCED_FACE('',(#8753),#8772,.F.);
#8753 = FACE_BOUND('',#8754,.F.);
#8754 = EDGE_LOOP('',(#8755,#8756,#8764,#8771));
#8755 = ORIENTED_EDGE('',*,*,#8275,.F.);
#8756 = ORIENTED_EDGE('',*,*,#8757,.F.);
#8757 = EDGE_CURVE('',#8758,#8276,#8760,.T.);
#8758 = VERTEX_POINT('',#8759);
#8759 = CARTESIAN_POINT('',(-57.2,-53.06,46.1));
#8760 = LINE('',#8761,#8762);
#8761 = CARTESIAN_POINT('',(-57.2,-53.06,46.1));
#8762 = VECTOR('',#8763,1.);
#8763 = DIRECTION('',(0.,0.,1.));
#8764 = ORIENTED_EDGE('',*,*,#8765,.T.);
#8765 = EDGE_CURVE('',#8758,#8758,#8766,.T.);
#8766 = CIRCLE('',#8767,0.8);
#8767 = AXIS2_PLACEMENT_3D('',#8768,#8769,#8770);
#8768 = CARTESIAN_POINT('',(-58.,-53.06,46.1));
#8769 = DIRECTION('',(0.,0.,1.));
#8770 = DIRECTION('',(1.,0.,0.));
#8771 = ORIENTED_EDGE('',*,*,#8757,.T.);
#8772 = CYLINDRICAL_SURFACE('',#8773,0.8);
#8773 = AXIS2_PLACEMENT_3D('',#8774,#8775,#8776);
#8774 = CARTESIAN_POINT('',(-58.,-53.06,46.1));
#8775 = DIRECTION('',(0.,0.,1.));
#8776 = DIRECTION('',(1.,0.,0.));
#8777 = ADVANCED_FACE('',(#8778),#8781,.T.);
#8778 = FACE_BOUND('',#8779,.F.);
#8779 = EDGE_LOOP('',(#8780));
#8780 = ORIENTED_EDGE('',*,*,#8765,.F.);
#8781 = PLANE('',#8782);
#8782 = AXIS2_PLACEMENT_3D('',#8783,#8784,#8785);
#8783 = CARTESIAN_POINT('',(-58.,-53.06,46.1));
#8784 = DIRECTION('',(0.,0.,1.));
#8785 = DIRECTION('',(1.,0.,0.));
#8786 = ADVANCED_FACE('',(#8787),#8806,.F.);
#8787 = FACE_BOUND('',#8788,.F.);
#8788 = EDGE_LOOP('',(#8789,#8790,#8798,#8805));
#8789 = ORIENTED_EDGE('',*,*,#8286,.F.);
#8790 = ORIENTED_EDGE('',*,*,#8791,.F.);
#8791 = EDGE_CURVE('',#8792,#8287,#8794,.T.);
#8792 = VERTEX_POINT('',#8793);
#8793 = CARTESIAN_POINT('',(58.8,-53.06,46.1));
#8794 = LINE('',#8795,#8796);
#8795 = CARTESIAN_POINT('',(58.8,-53.06,46.1));
#8796 = VECTOR('',#8797,1.);
#8797 = DIRECTION('',(0.,0.,1.));
#8798 = ORIENTED_EDGE('',*,*,#8799,.T.);
#8799 = EDGE_CURVE('',#8792,#8792,#8800,.T.);
#8800 = CIRCLE('',#8801,0.8);
#8801 = AXIS2_PLACEMENT_3D('',#8802,#8803,#8804);
#8802 = CARTESIAN_POINT('',(58.,-53.06,46.1));
#8803 = DIRECTION('',(0.,0.,1.));
#8804 = DIRECTION('',(1.,0.,0.));
#8805 = ORIENTED_EDGE('',*,*,#8791,.T.);
#8806 = CYLINDRICAL_SURFACE('',#8807,0.8);
#8807 = AXIS2_PLACEMENT_3D('',#8808,#8809,#8810);
#8808 = CARTESIAN_POINT('',(58.,-53.06,46.1));
#8809 = DIRECTION('',(0.,0.,1.));
#8810 = DIRECTION('',(1.,0.,0.));
#8811 = ADVANCED_FACE('',(#8812),#8815,.T.);
#8812 = FACE_BOUND('',#8813,.F.);
#8813 = EDGE_LOOP('',(#8814));
#8814 = ORIENTED_EDGE('',*,*,#8799,.F.);
#8815 = PLANE('',#8816);
#8816 = AXIS2_PLACEMENT_3D('',#8817,#8818,#8819);
#8817 = CARTESIAN_POINT('',(58.,-53.06,46.1));
#8818 = DIRECTION('',(0.,0.,1.));
#8819 = DIRECTION('',(1.,0.,0.));
#8820 = ADVANCED_FACE('',(#8821),#8840,.F.);
#8821 = FACE_BOUND('',#8822,.F.);
#8822 = EDGE_LOOP('',(#8823,#8824,#8832,#8839));
#8823 = ORIENTED_EDGE('',*,*,#8297,.F.);
#8824 = ORIENTED_EDGE('',*,*,#8825,.F.);
#8825 = EDGE_CURVE('',#8826,#8298,#8828,.T.);
#8826 = VERTEX_POINT('',#8827);
#8827 = CARTESIAN_POINT('',(58.8,-104.06,46.1));
#8828 = LINE('',#8829,#8830);
#8829 = CARTESIAN_POINT('',(58.8,-104.06,46.1));
#8830 = VECTOR('',#8831,1.);
#8831 = DIRECTION('',(0.,0.,1.));
#8832 = ORIENTED_EDGE('',*,*,#8833,.T.);
#8833 = EDGE_CURVE('',#8826,#8826,#8834,.T.);
#8834 = CIRCLE('',#8835,0.8);
#8835 = AXIS2_PLACEMENT_3D('',#8836,#8837,#8838);
#8836 = CARTESIAN_POINT('',(58.,-104.06,46.1));
#8837 = DIRECTION('',(0.,0.,1.));
#8838 = DIRECTION('',(1.,0.,0.));
#8839 = ORIENTED_EDGE('',*,*,#8825,.T.);
#8840 = CYLINDRICAL_SURFACE('',#8841,0.8);
#8841 = AXIS2_PLACEMENT_3D('',#8842,#8843,#8844);
#8842 = CARTESIAN_POINT('',(58.,-104.06,46.1));
#8843 = DIRECTION('',(0.,0.,1.));
#8844 = DIRECTION('',(1.,0.,0.));
#8845 = ADVANCED_FACE('',(#8846),#8849,.T.);
#8846 = FACE_BOUND('',#8847,.F.);
#8847 = EDGE_LOOP('',(#8848));
#8848 = ORIENTED_EDGE('',*,*,#8833,.F.);
#8849 = PLANE('',#8850);
#8850 = AXIS2_PLACEMENT_3D('',#8851,#8852,#8853);
#8851 = CARTESIAN_POINT('',(58.,-104.06,46.1));
#8852 = DIRECTION('',(0.,0.,1.));
#8853 = DIRECTION('',(1.,0.,0.));
#8854 = ADVANCED_FACE('',(#8855),#8877,.T.);
#8855 = FACE_BOUND('',#8856,.T.);
#8856 = EDGE_LOOP('',(#8857,#8858,#8859,#8860,#8861,#8862,#8863,#8864,
    #8865,#8866,#8867,#8868,#8869,#8870,#8871,#8872,#8873,#8874,#8875,
    #8876));
#8857 = ORIENTED_EDGE('',*,*,#1725,.T.);
#8858 = ORIENTED_EDGE('',*,*,#1850,.T.);
#8859 = ORIENTED_EDGE('',*,*,#2163,.F.);
#8860 = ORIENTED_EDGE('',*,*,#2528,.F.);
#8861 = ORIENTED_EDGE('',*,*,#578,.T.);
#8862 = ORIENTED_EDGE('',*,*,#495,.T.);
#8863 = ORIENTED_EDGE('',*,*,#263,.F.);
#8864 = ORIENTED_EDGE('',*,*,#222,.F.);
#8865 = ORIENTED_EDGE('',*,*,#3421,.F.);
#8866 = ORIENTED_EDGE('',*,*,#3498,.F.);
#8867 = ORIENTED_EDGE('',*,*,#3326,.T.);
#8868 = ORIENTED_EDGE('',*,*,#21,.F.);
#8869 = ORIENTED_EDGE('',*,*,#79,.F.);
#8870 = ORIENTED_EDGE('',*,*,#156,.F.);
#8871 = ORIENTED_EDGE('',*,*,#2958,.T.);
#8872 = ORIENTED_EDGE('',*,*,#880,.F.);
#8873 = ORIENTED_EDGE('',*,*,#936,.T.);
#8874 = ORIENTED_EDGE('',*,*,#969,.F.);
#8875 = ORIENTED_EDGE('',*,*,#2098,.F.);
#8876 = ORIENTED_EDGE('',*,*,#1773,.T.);
#8877 = PLANE('',#8878);
#8878 = AXIS2_PLACEMENT_3D('',#8879,#8880,#8881);
#8879 = CARTESIAN_POINT('',(-19.51178487918,-17.51166714526,0.));
#8880 = DIRECTION('',(-0.,-0.,-1.));
#8881 = DIRECTION('',(-1.,0.,0.));
#8882 = ADVANCED_FACE('',(#8883,#8901,#8912),#8923,.T.);
#8883 = FACE_BOUND('',#8884,.T.);
#8884 = EDGE_LOOP('',(#8885,#8886,#8887,#8888,#8889,#8890,#8891,#8892,
    #8893,#8894,#8895,#8896,#8897,#8898,#8899,#8900));
#8885 = ORIENTED_EDGE('',*,*,#339,.F.);
#8886 = ORIENTED_EDGE('',*,*,#3945,.F.);
#8887 = ORIENTED_EDGE('',*,*,#6406,.F.);
#8888 = ORIENTED_EDGE('',*,*,#7619,.F.);
#8889 = ORIENTED_EDGE('',*,*,#6358,.T.);
#8890 = ORIENTED_EDGE('',*,*,#3927,.F.);
#8891 = ORIENTED_EDGE('',*,*,#6316,.T.);
#8892 = ORIENTED_EDGE('',*,*,#3983,.T.);
#8893 = ORIENTED_EDGE('',*,*,#6430,.T.);
#8894 = ORIENTED_EDGE('',*,*,#7636,.T.);
#8895 = ORIENTED_EDGE('',*,*,#6478,.F.);
#8896 = ORIENTED_EDGE('',*,*,#4001,.T.);
#8897 = ORIENTED_EDGE('',*,*,#371,.F.);
#8898 = ORIENTED_EDGE('',*,*,#4087,.F.);
#8899 = ORIENTED_EDGE('',*,*,#6502,.F.);
#8900 = ORIENTED_EDGE('',*,*,#4056,.T.);
#8901 = FACE_BOUND('',#8902,.T.);
#8902 = EDGE_LOOP('',(#8903));
#8903 = ORIENTED_EDGE('',*,*,#8904,.F.);
#8904 = EDGE_CURVE('',#8905,#8905,#8907,.T.);
#8905 = VERTEX_POINT('',#8906);
#8906 = CARTESIAN_POINT('',(81.74,17.8,43.));
#8907 = CIRCLE('',#8908,0.8);
#8908 = AXIS2_PLACEMENT_3D('',#8909,#8910,#8911);
#8909 = CARTESIAN_POINT('',(81.74,17.,43.));
#8910 = DIRECTION('',(0.,-0.,1.));
#8911 = DIRECTION('',(1.110223024625E-16,1.,0.));
#8912 = FACE_BOUND('',#8913,.T.);
#8913 = EDGE_LOOP('',(#8914));
#8914 = ORIENTED_EDGE('',*,*,#8915,.F.);
#8915 = EDGE_CURVE('',#8916,#8916,#8918,.T.);
#8916 = VERTEX_POINT('',#8917);
#8917 = CARTESIAN_POINT('',(81.74,-16.2,43.));
#8918 = CIRCLE('',#8919,0.8);
#8919 = AXIS2_PLACEMENT_3D('',#8920,#8921,#8922);
#8920 = CARTESIAN_POINT('',(81.74,-17.,43.));
#8921 = DIRECTION('',(0.,-0.,1.));
#8922 = DIRECTION('',(1.110223024625E-16,1.,0.));
#8923 = PLANE('',#8924);
#8924 = AXIS2_PLACEMENT_3D('',#8925,#8926,#8927);
#8925 = CARTESIAN_POINT('',(85.362797927461,-1.018567306875E-14,43.));
#8926 = DIRECTION('',(0.,0.,1.));
#8927 = DIRECTION('',(1.,0.,0.));
#8928 = ADVANCED_FACE('',(#8929),#8948,.F.);
#8929 = FACE_BOUND('',#8930,.F.);
#8930 = EDGE_LOOP('',(#8931,#8932,#8940,#8947));
#8931 = ORIENTED_EDGE('',*,*,#8904,.F.);
#8932 = ORIENTED_EDGE('',*,*,#8933,.F.);
#8933 = EDGE_CURVE('',#8934,#8905,#8936,.T.);
#8934 = VERTEX_POINT('',#8935);
#8935 = CARTESIAN_POINT('',(81.74,17.8,37.));
#8936 = LINE('',#8937,#8938);
#8937 = CARTESIAN_POINT('',(81.74,17.8,37.));
#8938 = VECTOR('',#8939,1.);
#8939 = DIRECTION('',(0.,0.,1.));
#8940 = ORIENTED_EDGE('',*,*,#8941,.T.);
#8941 = EDGE_CURVE('',#8934,#8934,#8942,.T.);
#8942 = CIRCLE('',#8943,0.8);
#8943 = AXIS2_PLACEMENT_3D('',#8944,#8945,#8946);
#8944 = CARTESIAN_POINT('',(81.74,17.,37.));
#8945 = DIRECTION('',(0.,-0.,1.));
#8946 = DIRECTION('',(1.110223024625E-16,1.,0.));
#8947 = ORIENTED_EDGE('',*,*,#8933,.T.);
#8948 = CYLINDRICAL_SURFACE('',#8949,0.8);
#8949 = AXIS2_PLACEMENT_3D('',#8950,#8951,#8952);
#8950 = CARTESIAN_POINT('',(81.74,17.,37.));
#8951 = DIRECTION('',(0.,0.,1.));
#8952 = DIRECTION('',(1.110223024625E-16,1.,0.));
#8953 = ADVANCED_FACE('',(#8954),#8957,.T.);
#8954 = FACE_BOUND('',#8955,.F.);
#8955 = EDGE_LOOP('',(#8956));
#8956 = ORIENTED_EDGE('',*,*,#8941,.F.);
#8957 = PLANE('',#8958);
#8958 = AXIS2_PLACEMENT_3D('',#8959,#8960,#8961);
#8959 = CARTESIAN_POINT('',(81.74,17.,37.));
#8960 = DIRECTION('',(0.,0.,1.));
#8961 = DIRECTION('',(1.110223024625E-16,1.,0.));
#8962 = ADVANCED_FACE('',(#8963),#8982,.F.);
#8963 = FACE_BOUND('',#8964,.F.);
#8964 = EDGE_LOOP('',(#8965,#8966,#8974,#8981));
#8965 = ORIENTED_EDGE('',*,*,#8915,.F.);
#8966 = ORIENTED_EDGE('',*,*,#8967,.F.);
#8967 = EDGE_CURVE('',#8968,#8916,#8970,.T.);
#8968 = VERTEX_POINT('',#8969);
#8969 = CARTESIAN_POINT('',(81.74,-16.2,37.));
#8970 = LINE('',#8971,#8972);
#8971 = CARTESIAN_POINT('',(81.74,-16.2,37.));
#8972 = VECTOR('',#8973,1.);
#8973 = DIRECTION('',(0.,0.,1.));
#8974 = ORIENTED_EDGE('',*,*,#8975,.T.);
#8975 = EDGE_CURVE('',#8968,#8968,#8976,.T.);
#8976 = CIRCLE('',#8977,0.8);
#8977 = AXIS2_PLACEMENT_3D('',#8978,#8979,#8980);
#8978 = CARTESIAN_POINT('',(81.74,-17.,37.));
#8979 = DIRECTION('',(0.,-0.,1.));
#8980 = DIRECTION('',(1.110223024625E-16,1.,0.));
#8981 = ORIENTED_EDGE('',*,*,#8967,.T.);
#8982 = CYLINDRICAL_SURFACE('',#8983,0.8);
#8983 = AXIS2_PLACEMENT_3D('',#8984,#8985,#8986);
#8984 = CARTESIAN_POINT('',(81.74,-17.,37.));
#8985 = DIRECTION('',(0.,0.,1.));
#8986 = DIRECTION('',(1.110223024625E-16,1.,0.));
#8987 = ADVANCED_FACE('',(#8988),#8991,.T.);
#8988 = FACE_BOUND('',#8989,.F.);
#8989 = EDGE_LOOP('',(#8990));
#8990 = ORIENTED_EDGE('',*,*,#8975,.F.);
#8991 = PLANE('',#8992);
#8992 = AXIS2_PLACEMENT_3D('',#8993,#8994,#8995);
#8993 = CARTESIAN_POINT('',(81.74,-17.,37.));
#8994 = DIRECTION('',(0.,0.,1.));
#8995 = DIRECTION('',(1.110223024625E-16,1.,0.));
#8996 = ( GEOMETRIC_REPRESENTATION_CONTEXT(3) 
GLOBAL_UNCERTAINTY_ASSIGNED_CONTEXT((#9000)) 
GLOBAL_UNIT_ASSIGNED_CONTEXT((#8997,#8998,#8999)) REPRESENTATION_CONTEXT
('Context #1','3D Context with UNIT and UNCERTAINTY') );
#8997 = ( LENGTH_UNIT() NAMED_UNIT(*) SI_UNIT(.MILLI.,.METRE.) );
#8998 = ( NAMED_UNIT(*) PLANE_ANGLE_UNIT() SI_UNIT($,.RADIAN.) );
#8999 = ( NAMED_UNIT(*) SI_UNIT($,.STERADIAN.) SOLID_ANGLE_UNIT() );
#9000 = UNCERTAINTY_MEASURE_WITH_UNIT(LENGTH_MEASURE(1.E-07),#8997,
  'distance_accuracy_value','confusion accuracy');
#9001 = PRODUCT_RELATED_PRODUCT_CATEGORY('part',$,(#7));
ENDSEC;
END-ISO-10303-21;
