uuid,net,layer,a_nm,b_nm,width_nm,length_mm,threshold_class,use,branch_contacts,pad_via_contacts,width_transition_contacts,metal_added_outside_other_explicit_copper_mm2,action,reason,new_uuid,verification,removal_patch_index
23b4802e-0978-42b5-8336-f9ffa1a7399d,MOTOR_ALM_RAW,F.Cu,"[182461900, 122688600]","[182373100, 122688600]",250000,0.0888,strict,焊盘/过孔接入及原生中心接入,"['c1113e37-1346-4bd6-a153-ecde9f8cf4a0', 'ca3df976-bdbb-4f4a-8337-d68475efbbf9']",['c1113e37-1346-4bd6-a153-ecde9f8cf4a0'],[],0.02186292354737002,保留,焊盘/过孔接入及原生中心接入；删除将改变完整截面或必要原生接入。实际连接已独立验证。,23b4802e-0978-42b5-8336-f9ffa1a7399d,Final native DRC0; exact copper469 pads/track/via/branches; stage source hashes in accepted_sequence.json,
757b94a5-eb23-46f8-9f4f-627ebb9db571,MOTOR_ALM_RAW,F.Cu,"[170069600, 96930000]","[170124600, 96985000]",250000,0.07778174593052022,strict,拐角或中途侧接的连续足宽铜,"['215dbb78-92ea-447b-9a04-2f8bae670ba7', '12da6c3a-35d3-4014-8d04-0d309d01d238']",[],[],4.1308104759934775e-05,保留,拐角或中途侧接的连续足宽铜；删除将改变完整截面或必要原生接入。实际连接已独立验证。,757b94a5-eb23-46f8-9f4f-627ebb9db571,Final native DRC0; exact copper469 pads/track/via/branches; stage source hashes in accepted_sequence.json,
c4296307-ef78-46da-b753-26aacfd21ad5,GND,F.Cu,"[169288000, 88998000]","[169288000, 88948000]",250000,0.05,strict,焊盘/过孔接入及原生中心接入,"['d640b319-915d-4378-a1f1-00331a07739e', 'e0f7bbf9-aa9e-4064-9a60-4e52cb9352ec', '91ad7203-4755-4ab3-9df2-1d31121950f3']",['d640b319-915d-4378-a1f1-00331a07739e'],[],1.9214499406393754e-16,保留,焊盘/过孔接入及原生中心接入；删除将改变完整截面或必要原生接入。实际连接已独立验证。,c4296307-ef78-46da-b753-26aacfd21ad5,Final native DRC0; exact copper469 pads/track/via/branches; stage source hashes in accepted_sequence.json,
f2a2447b-3d9f-4118-8437-3b68aa812919,GND,F.Cu,"[125100000, 92000000]","[125100000, 92037500]",200000,0.0375,strict,拐角或中途侧接的连续足宽铜,[],[],[],0.0389127725093256,保留,拐角或中途侧接的连续足宽铜；删除将改变完整截面或必要原生接入。实际连接已独立验证。,f2a2447b-3d9f-4118-8437-3b68aa812919,Final native DRC0; exact copper469 pads/track/via/branches; stage source hashes in accepted_sequence.json,
02ba0690-6263-4c10-b5a8-a7f9d04761b7,GND,B.Cu,"[133699999, 118900000]","[133800000, 119000000]",200000,0.14142206334585844,strict,焊盘/过孔接入及原生中心接入,"['79945419-56f3-4b74-b2d7-1ee64899d580', '65ebf9ac-eebc-4730-933d-eb274e8d2380', '99968146-bfff-4bf0-8244-869c126a56f7', 'R35.2', '6c72e529-f100-4fc1-8c0d-0973e1994601']",['R35.2'],['6c72e529-f100-4fc1-8c0d-0973e1994601'],0.0,冗余覆盖删除,原线段金属完整包含于其它同网显式铜内；最终焊盘、支路及导体连通重新验证。,6c72e529-f100-4fc1-8c0d-0973e1994601,Final native DRC0; exact copper469 pads/track/via/branches; stage source hashes in accepted_sequence.json,6
05a8b31c-d794-4e52-a306-b7a6d58ba9bf,GND,B.Cu,"[125300000, 91900000]","[125200000, 91900000]",200000,0.1,strict,焊盘/过孔接入及原生中心接入,"['77ab9ccf-92df-45fb-aebe-4e78ea2700a8', 'e55d5662-dc89-4517-a47b-debe14fe9b08', '58f84ce4-c2bc-4ead-9d10-9a370d5272b4', 'ca8cb55c-143e-4ce5-975c-2d4add2e105b']",['ca8cb55c-143e-4ce5-975c-2d4add2e105b'],[],0.00018232390147508113,保留,焊盘/过孔接入及原生中心接入；删除将改变完整截面或必要原生接入。实际连接已独立验证。,05a8b31c-d794-4e52-a306-b7a6d58ba9bf,Final native DRC0; exact copper469 pads/track/via/branches; stage source hashes in accepted_sequence.json,
0a243e7a-de62-4734-89ce-78e667915485,GND,B.Cu,"[161500000, 125200000]","[161550000, 125230000]",200000,0.05830951894845301,strict,焊盘/过孔接入及原生中心接入,"['U27.2', '8a078b8d-ca7e-4279-94b4-bcf070a9a701', '3835d3e2-e242-4ad4-93c6-860e1163565f']",['U27.2'],['8a078b8d-ca7e-4279-94b4-bcf070a9a701'],0.0,冗余覆盖删除,原线段金属完整包含于其它同网显式铜内；最终焊盘、支路及导体连通重新验证。,3835d3e2-e242-4ad4-93c6-860e1163565f;8a078b8d-ca7e-4279-94b4-bcf070a9a701,Final native DRC0; exact copper469 pads/track/via/branches; stage source hashes in accepted_sequence.json,6
0ce9c4c1-30fd-4514-bc26-b66ba3a32a6c,GND,B.Cu,"[132250000, 114925000]","[132199999, 114900000]",200000,0.05590259386647457,strict,焊盘/过孔接入及原生中心接入,"['R55.2', '317cf153-7be2-43a0-ae67-a2dae541644c']",['R55.2'],[],0.0,冗余覆盖删除,原线段金属完整包含于其它同网显式铜内；最终焊盘、支路及导体连通重新验证。,无新轨迹；见保留焊盘铜联系人,Final native DRC0; exact copper469 pads/track/via/branches; stage source hashes in accepted_sequence.json,6
19ef7577-25da-45b4-9258-7bc6621f5b3f,GND,B.Cu,"[125575000, 115750000]","[125600000, 115700000]",200000,0.05590169943749474,strict,焊盘/过孔接入及原生中心接入,"['R56.2', 'a6fbec40-5a92-4a7b-9eaf-85e632889a76']",['R56.2'],[],0.0,冗余覆盖删除,原线段金属完整包含于其它同网显式铜内；最终焊盘、支路及导体连通重新验证。,a6fbec40-5a92-4a7b-9eaf-85e632889a76,Final native DRC0; exact copper469 pads/track/via/branches; stage source hashes in accepted_sequence.json,6
25f8dbb6-cc8c-40f1-ba83-ba5fa9cb93c8,GND,B.Cu,"[171900000, 102700000]","[171900000, 102600000]",200000,0.1,strict,焊盘/过孔接入及原生中心接入,"['b13311c2-efd6-459d-9ae3-cf5a590e55ae', '88024217-357b-4c65-9c03-e1ee81e26d61', '3617070a-7251-4fd1-8f20-b57ce78b1f4e', '16bbfaf0-eb0f-45df-a569-46389b35f129', 'a9af68d4-05aa-4e1a-82ff-57114e96bac2', 'fcdc0189-8ffa-4f44-99ea-0891aca093d6']",['88024217-357b-4c65-9c03-e1ee81e26d61'],['16bbfaf0-eb0f-45df-a569-46389b35f129'],0.000493101405505722,保留,焊盘/过孔接入及原生中心接入；删除将改变完整截面或必要原生接入。实际连接已独立验证。,25f8dbb6-cc8c-40f1-ba83-ba5fa9cb93c8,Final native DRC0; exact copper469 pads/track/via/branches; stage source hashes in accepted_sequence.json,
268b91e7-3f55-4dd9-abcf-95b744905fcc,GND,B.Cu,"[127300000, 115437500]","[127300000, 115400000]",200000,0.0375,strict,焊盘/过孔接入及原生中心接入,"['Q7.2', '26f3218a-a608-4f11-97e9-ffd5d27a8260']",['Q7.2'],[],0.0,冗余覆盖删除,原线段金属完整包含于其它同网显式铜内；最终焊盘、支路及导体连通重新验证。,26f3218a-a608-4f11-97e9-ffd5d27a8260,Final native DRC0; exact copper469 pads/track/via/branches; stage source hashes in accepted_sequence.json,6
28d342db-3c67-404c-9140-b66a62a40bc7,GND,B.Cu,"[139749600, 94500000]","[139749600, 94375600]",250000,0.1244,strict,线宽过渡/铜颈,"['4373e7de-840d-4205-9171-6e0f1b1d2ec5', 'b32912b8-b46c-4669-8f66-e7548e45318f', '0a170ac7-0aad-4a4f-862b-c01c56d155f6']",[],"['4373e7de-840d-4205-9171-6e0f1b1d2ec5', 'b32912b8-b46c-4669-8f66-e7548e45318f']",0.00634846151786763,共线合并,同网同层同宽，整数坐标区间覆盖并集完全相同；保留中途接入。,1ad07548-56eb-4890-9564-5e933695415c;4373e7de-840d-4205-9171-6e0f1b1d2ec5;b32912b8-b46c-4669-8f66-e7548e45318f,Final native DRC0; exact copper469 pads/track/via/branches; stage source hashes in accepted_sequence.json,6
2b7d44e5-9737-43dd-9607-7dd2e93efd9a,GND,B.Cu,"[104900100, 93099900]","[105000000, 93000000]",250000,0.1412799348810722,strict,焊盘/过孔接入及原生中心接入,"['J16.1', 'fc668ea1-2c45-470e-adf9-233cb7a14459']",['J16.1'],[],0.0,冗余覆盖删除,原线段金属完整包含于其它同网显式铜内；最终焊盘、支路及导体连通重新验证。,fc668ea1-2c45-470e-adf9-233cb7a14459,Final native DRC0; exact copper469 pads/track/via/branches; stage source hashes in accepted_sequence.json,6
3617070a-7251-4fd1-8f20-b57ce78b1f4e,GND,B.Cu,"[172000000, 102800000]","[171900000, 102700000]",200000,0.14142135623730953,strict,焊盘/过孔接入及原生中心接入,"['b13311c2-efd6-459d-9ae3-cf5a590e55ae', '88024217-357b-4c65-9c03-e1ee81e26d61', '25f8dbb6-cc8c-40f1-ba83-ba5fa9cb93c8', 'fcdc0189-8ffa-4f44-99ea-0891aca093d6']",['88024217-357b-4c65-9c03-e1ee81e26d61'],[],0.0021468068726672503,保留,焊盘/过孔接入及原生中心接入；删除将改变完整截面或必要原生接入。实际连接已独立验证。,3617070a-7251-4fd1-8f20-b57ce78b1f4e,Final native DRC0; exact copper469 pads/track/via/branches; stage source hashes in accepted_sequence.json,
3820b450-2277-4587-844f-440dc8422372,GND,B.Cu,"[169800000, 124900000]","[169900000, 125000000]",200000,0.14142135623730953,strict,焊盘/过孔接入及原生中心接入,"['db4d3362-1a02-48b7-8a6c-f0eea490cd30', '8d2abdee-fbd0-42a1-8828-3da8d64aa7d4', 'bf8bf7bf-6a0d-4ceb-bf31-12803fdcd9b4', 'U27.3', 'a0737ef3-41d8-47ea-8ec4-9842034cfa2a']",['U27.3'],[],0.0,冗余覆盖删除,原线段金属完整包含于其它同网显式铜内；最终焊盘、支路及导体连通重新验证。,无新轨迹；见保留焊盘铜联系人,Final native DRC0; exact copper469 pads/track/via/branches; stage source hashes in accepted_sequence.json,6
3a3cf36f-cb90-4d54-9676-c7db43345fb6,GND,B.Cu,"[176081700, 90850000]","[176000000, 90850000]",250000,0.0817,strict,焊盘/过孔接入及原生中心接入,"['D5.2', '54ada24d-a28d-4c50-ae5d-df62467935de']",['D5.2'],[],0.0,冗余覆盖删除,原线段金属完整包含于其它同网显式铜内；最终焊盘、支路及导体连通重新验证。,54ada24d-a28d-4c50-ae5d-df62467935de,Final native DRC0; exact copper469 pads/track/via/branches; stage source hashes in accepted_sequence.json,6
477dd88e-3635-4f36-917f-57c52c1046fc,GND,B.Cu,"[144130000, 98570000]","[144006800, 98570000]",250000,0.1232,strict,焊盘/过孔接入及原生中心接入,"['U2.24', 'ea823883-3327-4a77-8a73-1a586776b595']",['U2.24'],[],0.0,冗余覆盖删除,原线段金属完整包含于其它同网显式铜内；最终焊盘、支路及导体连通重新验证。,ea823883-3327-4a77-8a73-1a586776b595,Final native DRC0; exact copper469 pads/track/via/branches; stage source hashes in accepted_sequence.json,6
497b2aac-0a92-400e-a9e8-5ba2eb779fa3,GND,B.Cu,"[160000000, 128800000]","[159900000, 128699999]",200000,0.14142206334585844,strict,拐角或中途侧接的连续足宽铜,"['cde3b669-db35-4c99-8009-1447fd3f1ef9', '2b524d5d-43c0-42ec-804e-8e7d29100955']",[],[],0.0022081064736843457,保留,拐角或中途侧接的连续足宽铜；删除将改变完整截面或必要原生接入。实际连接已独立验证。,497b2aac-0a92-400e-a9e8-5ba2eb779fa3,Final native DRC0; exact copper469 pads/track/via/branches; stage source hashes in accepted_sequence.json,
531fdea0-23ad-436e-ba14-ca646268c254,GND,B.Cu,"[126000000, 117400000]","[126100000, 117500000]",200000,0.14142135623730953,strict,焊盘/过孔接入及原生中心接入,"['aefe5cab-a86a-49d2-b473-f821862008fe', 'a6fbec40-5a92-4a7b-9eaf-85e632889a76', '2e1da946-90a6-47fc-acd6-cde7b6155385', 'bf817871-9897-4c5d-8255-f0421d90dd16', 'b39d0450-94b3-4c11-a68a-ffe8941bb36e', 'Q5.2']",['Q5.2'],['aefe5cab-a86a-49d2-b473-f821862008fe'],0.0,冗余覆盖删除,原线段金属完整包含于其它同网显式铜内；最终焊盘、支路及导体连通重新验证。,2e1da946-90a6-47fc-acd6-cde7b6155385;a6fbec40-5a92-4a7b-9eaf-85e632889a76;aefe5cab-a86a-49d2-b473-f821862008fe,Final native DRC0; exact copper469 pads/track/via/branches; stage source hashes in accepted_sequence.json,6
5695a93a-5dfd-4bd0-b954-9c54512b2541,GND,B.Cu,"[166312500, 122200000]","[166300000, 122200000]",200000,0.0125,strict,焊盘/过孔接入及原生中心接入,"['U44.1', '57b1e43f-ff47-4257-a308-777df30e89a8', 'bca5a819-1554-44c8-9e92-090cc31299d4']",['U44.1'],[],0.0,冗余覆盖删除,原线段金属完整包含于其它同网显式铜内；最终焊盘、支路及导体连通重新验证。,57b1e43f-ff47-4257-a308-777df30e89a8;bca5a819-1554-44c8-9e92-090cc31299d4,Final native DRC0; exact copper469 pads/track/via/branches; stage source hashes in accepted_sequence.json,6
57f80fea-edb4-428d-a2a9-abef2c9df59e,GND,B.Cu,"[162800000, 105900000]","[162800000, 106000000]",200000,0.1,strict,焊盘/过孔接入及原生中心接入,"['C21.2', 'c13f5872-7f7f-465d-8262-04c913e927cd', 'b1369ff3-de5c-4da2-809a-a38dbb7f9a9d', 'bbba20b2-b401-4b4f-96f4-e061a7308e6d', 'fea7674b-7e03-45e8-8daf-141a3f195cb3']",['C21.2'],['fea7674b-7e03-45e8-8daf-141a3f195cb3'],0.0,冗余覆盖删除,原线段金属完整包含于其它同网显式铜内；最终焊盘、支路及导体连通重新验证。,18246fc1-5430-4484-af40-49bbc9092c31;fea7674b-7e03-45e8-8daf-141a3f195cb3,Final native DRC0; exact copper469 pads/track/via/branches; stage source hashes in accepted_sequence.json,6
5862a858-5af5-4a77-835e-a2ba33789c34,GND,B.Cu,"[165137500, 102970500]","[165137500, 103050000]",250000,0.0795,strict,焊盘/过孔接入及原生中心接入,"['d4f5d01d-2a04-47c2-a842-0a22ced79f34', '96d322da-aa21-425d-b484-bf00091fa58e', 'c71ee149-8374-4405-b97f-6ae7be695688', 'd3450184-04c2-4314-8871-0e26145b3a3c', '05ce1dad-e257-49ce-9d06-3dee95c4248d', '744dd479-b266-4552-bdf6-872f46d07b47', 'U36.7']",['U36.7'],"['d4f5d01d-2a04-47c2-a842-0a22ced79f34', 'c71ee149-8374-4405-b97f-6ae7be695688', 'd3450184-04c2-4314-8871-0e26145b3a3c', '744dd479-b266-4552-bdf6-872f46d07b47']",0.0,冗余覆盖删除,原线段金属完整包含于其它同网显式铜内；最终焊盘、支路及导体连通重新验证。,05ce1dad-e257-49ce-9d06-3dee95c4248d;96d322da-aa21-425d-b484-bf00091fa58e;d4f5d01d-2a04-47c2-a842-0a22ced79f34,Final native DRC0; exact copper469 pads/track/via/branches; stage source hashes in accepted_sequence.json,6
58f84ce4-c2bc-4ead-9d10-9a370d5272b4,GND,B.Cu,"[125200000, 91900000]","[125100000, 92000000]",200000,0.14142135623730953,strict,焊盘/过孔接入及原生中心接入,"['77ab9ccf-92df-45fb-aebe-4e78ea2700a8', 'e55d5662-dc89-4517-a47b-debe14fe9b08', '05a8b31c-d794-4e52-a306-b7a6d58ba9bf', 'ca8cb55c-143e-4ce5-975c-2d4add2e105b']",['ca8cb55c-143e-4ce5-975c-2d4add2e105b'],[],0.0009447044708409178,保留,焊盘/过孔接入及原生中心接入；删除将改变完整截面或必要原生接入。实际连接已独立验证。,58f84ce4-c2bc-4ead-9d10-9a370d5272b4,Final native DRC0; exact copper469 pads/track/via/branches; stage source hashes in accepted_sequence.json,
6420db0c-8dfb-4e7d-8df6-bdfd8c4184f0,GND,B.Cu,"[169400000, 124700000]","[169500000, 124800000]",200000,0.14142135623730953,strict,焊盘/过孔接入及原生中心接入,"['bca5a819-1554-44c8-9e92-090cc31299d4', 'c7bb8d23-e73f-4837-be4d-51df358db9ff', 'U27.3', 'd17a787d-6a53-4d48-8b61-245a24e2d029', 'a0737ef3-41d8-47ea-8ec4-9842034cfa2a']",['U27.3'],[],0.0,冗余覆盖删除,原线段金属完整包含于其它同网显式铜内；最终焊盘、支路及导体连通重新验证。,bca5a819-1554-44c8-9e92-090cc31299d4;c7bb8d23-e73f-4837-be4d-51df358db9ff,Final native DRC0; exact copper469 pads/track/via/branches; stage source hashes in accepted_sequence.json,6
744dd479-b266-4552-bdf6-872f46d07b47,GND,B.Cu,"[165100000, 103000000]","[165137500, 103050000]",200000,0.0625,strict,焊盘/过孔接入及原生中心接入,"['d4f5d01d-2a04-47c2-a842-0a22ced79f34', '96d322da-aa21-425d-b484-bf00091fa58e', 'c71ee149-8374-4405-b97f-6ae7be695688', 'd3450184-04c2-4314-8871-0e26145b3a3c', '05ce1dad-e257-49ce-9d06-3dee95c4248d', '5862a858-5af5-4a77-835e-a2ba33789c34', 'U36.7']",['U36.7'],"['96d322da-aa21-425d-b484-bf00091fa58e', '05ce1dad-e257-49ce-9d06-3dee95c4248d', '5862a858-5af5-4a77-835e-a2ba33789c34']",0.0,冗余覆盖删除,原线段金属完整包含于其它同网显式铜内；最终焊盘、支路及导体连通重新验证。,05ce1dad-e257-49ce-9d06-3dee95c4248d;96d322da-aa21-425d-b484-bf00091fa58e;d4f5d01d-2a04-47c2-a842-0a22ced79f34,Final native DRC0; exact copper469 pads/track/via/branches; stage source hashes in accepted_sequence.json,6
79945419-56f3-4b74-b2d7-1ee64899d580,GND,B.Cu,"[133600000, 118600000]","[133699999, 118700000]",200000,0.1414206491322961,strict,焊盘/过孔接入及原生中心接入,"['09a89056-66b3-4f2e-a315-6e2a2ee3926d', '65ebf9ac-eebc-4730-933d-eb274e8d2380', '02ba0690-6263-4c10-b5a8-a7f9d04761b7', 'R35.2']",['R35.2'],[],0.0,冗余覆盖删除,原线段金属完整包含于其它同网显式铜内；最终焊盘、支路及导体连通重新验证。,09a89056-66b3-4f2e-a315-6e2a2ee3926d,Final native DRC0; exact copper469 pads/track/via/branches; stage source hashes in accepted_sequence.json,6
8b123afb-9dc4-48a5-a25b-50d81937670f,GND,B.Cu,"[154137500, 100050000]","[154079100, 100108400]",250000,0.08259007204258875,strict,焊盘/过孔接入及原生中心接入,"['f278b2bf-a7e5-4bac-bd98-299c1d500a17', 'eef6c0e4-01c9-4bbe-8200-3b34ce91c96c', 'U35.7', '04586e26-a973-4d04-8ade-272c45b666ce', '622f2bed-9ef1-4f73-b936-acd4791d379b']",['U35.7'],"['f278b2bf-a7e5-4bac-bd98-299c1d500a17', 'eef6c0e4-01c9-4bbe-8200-3b34ce91c96c', '04586e26-a973-4d04-8ade-272c45b666ce']",0.0,冗余覆盖删除,原线段金属完整包含于其它同网显式铜内；最终焊盘、支路及导体连通重新验证。,04586e26-a973-4d04-8ade-272c45b666ce;622f2bed-9ef1-4f73-b936-acd4791d379b,Final native DRC0; exact copper469 pads/track/via/branches; stage source hashes in accepted_sequence.json,6
8d2abdee-fbd0-42a1-8828-3da8d64aa7d4,GND,B.Cu,"[169900000, 125000000]","[170000000, 125000000]",200000,0.1,strict,焊盘/过孔接入及原生中心接入,"['db4d3362-1a02-48b7-8a6c-f0eea490cd30', '3820b450-2277-4587-844f-440dc8422372', 'bf8bf7bf-6a0d-4ceb-bf31-12803fdcd9b4', '308c2167-7543-49d7-a042-9219168ec72e', 'U27.3']",['U27.3'],[],0.0,冗余覆盖删除,原线段金属完整包含于其它同网显式铜内；最终焊盘、支路及导体连通重新验证。,无新轨迹；见保留焊盘铜联系人,Final native DRC0; exact copper469 pads/track/via/branches; stage source hashes in accepted_sequence.json,6
93323bf2-cd37-4342-90f9-3a1bde9d5b15,GND,B.Cu,"[126000000, 83000000]","[125997600, 83002400]",250000,0.0033941125496954284,strict,焊盘/过孔接入及原生中心接入,"['e9222e3a-7d37-477c-aae1-835cbab46123', 'U1.2', 'd12b2c84-9d02-415c-a28f-7b928d23fdee']",['U1.2'],['e9222e3a-7d37-477c-aae1-835cbab46123'],0.0,冗余覆盖删除,原线段金属完整包含于其它同网显式铜内；最终焊盘、支路及导体连通重新验证。,d12b2c84-9d02-415c-a28f-7b928d23fdee;e9222e3a-7d37-477c-aae1-835cbab46123,Final native DRC0; exact copper469 pads/track/via/branches; stage source hashes in accepted_sequence.json,6
95fd8db5-0c10-4414-8d42-d2d40cdb8454,GND,B.Cu,"[163000000, 105725000]","[163000000, 105700000]",200000,0.025,strict,焊盘/过孔接入及原生中心接入,"['C21.2', 'c13f5872-7f7f-465d-8262-04c913e927cd', 'fea7674b-7e03-45e8-8daf-141a3f195cb3']",['C21.2'],['fea7674b-7e03-45e8-8daf-141a3f195cb3'],0.0,冗余覆盖删除,原线段金属完整包含于其它同网显式铜内；最终焊盘、支路及导体连通重新验证。,fea7674b-7e03-45e8-8daf-141a3f195cb3,Final native DRC0; exact copper469 pads/track/via/branches; stage source hashes in accepted_sequence.json,6
99968146-bfff-4bf0-8244-869c126a56f7,GND,B.Cu,"[133800000, 119000000]","[133824999, 119000000]",200000,0.024999,strict,焊盘/过孔接入及原生中心接入,"['65ebf9ac-eebc-4730-933d-eb274e8d2380', '02ba0690-6263-4c10-b5a8-a7f9d04761b7', 'R35.2', '6c72e529-f100-4fc1-8c0d-0973e1994601']",['R35.2'],['6c72e529-f100-4fc1-8c0d-0973e1994601'],0.0,冗余覆盖删除,原线段金属完整包含于其它同网显式铜内；最终焊盘、支路及导体连通重新验证。,6c72e529-f100-4fc1-8c0d-0973e1994601,Final native DRC0; exact copper469 pads/track/via/branches; stage source hashes in accepted_sequence.json,6
9d7613ea-1c3e-4d80-b855-35879938e51b,GND,B.Cu,"[170400000, 125200000]","[170450000, 125230000]",200000,0.05830951894845301,strict,焊盘/过孔接入及原生中心接入,"['308c2167-7543-49d7-a042-9219168ec72e', 'e28cbce8-1904-4571-931f-3c06fba586dd', 'U27.3', '44f2d1c9-6121-4acc-b925-0d881f0378ba', 'a92e91b8-516d-4c41-99f4-991f81426de1']",['U27.3'],"['44f2d1c9-6121-4acc-b925-0d881f0378ba', 'a92e91b8-516d-4c41-99f4-991f81426de1']",0.0,冗余覆盖删除,原线段金属完整包含于其它同网显式铜内；最终焊盘、支路及导体连通重新验证。,a92e91b8-516d-4c41-99f4-991f81426de1,Final native DRC0; exact copper469 pads/track/via/branches; stage source hashes in accepted_sequence.json,6
a0737ef3-41d8-47ea-8ec4-9842034cfa2a,GND,B.Cu,"[169600000, 124800000]","[169700000, 124900000]",200000,0.14142135623730953,strict,焊盘/过孔接入及原生中心接入,"['db4d3362-1a02-48b7-8a6c-f0eea490cd30', '3820b450-2277-4587-844f-440dc8422372', 'U27.3', '6420db0c-8dfb-4e7d-8df6-bdfd8c4184f0', 'd17a787d-6a53-4d48-8b61-245a24e2d029']",['U27.3'],[],0.0,冗余覆盖删除,原线段金属完整包含于其它同网显式铜内；最终焊盘、支路及导体连通重新验证。,无新轨迹；见保留焊盘铜联系人,Final native DRC0; exact copper469 pads/track/via/branches; stage source hashes in accepted_sequence.json,6
a42bddd0-fc44-4b98-b047-91545007b6ef,GND,B.Cu,"[126825000, 88687500]","[126800000, 88700000]",200000,0.02795084971874737,strict,焊盘/过孔接入及原生中心接入,"['C32.2', '700ab663-7c53-44be-b239-98347e00323b']",['C32.2'],[],0.0,冗余覆盖删除,原线段金属完整包含于其它同网显式铜内；最终焊盘、支路及导体连通重新验证。,无新轨迹；见保留焊盘铜联系人,Final native DRC0; exact copper469 pads/track/via/branches; stage source hashes in accepted_sequence.json,6
ac76845d-c59b-4b7b-a979-f2f2adeabeb6,GND,B.Cu,"[173100000, 113200000]","[173000000, 113300000]",200000,0.14142135623730953,strict,线宽过渡/铜颈,"['eac7da2b-7766-4f87-a3d9-fd48e357ab60', 'ec80b607-27a5-4fe2-bf6b-a7d3e2923a6a', 'fc55b980-3709-4e6e-802d-5b14873c45ec']",[],['eac7da2b-7766-4f87-a3d9-fd48e357ab60'],0.0,保留,线宽过渡/铜颈；删除将改变完整截面或必要原生接入。实际连接已独立验证。,ac76845d-c59b-4b7b-a979-f2f2adeabeb6,Final native DRC0; exact copper469 pads/track/via/branches; stage source hashes in accepted_sequence.json,
af24620a-7b20-43d6-ae10-4728f27df0de,GND,B.Cu,"[151362500, 99775000]","[151400000, 99800000]",200000,0.04506939094329986,strict,焊盘/过孔接入及原生中心接入,"['C24.2', '8d5eb61c-f602-49b2-b09e-aec60b8040a8']",['C24.2'],[],0.0,冗余覆盖删除,原线段金属完整包含于其它同网显式铜内；最终焊盘、支路及导体连通重新验证。,8d5eb61c-f602-49b2-b09e-aec60b8040a8,Final native DRC0; exact copper469 pads/track/via/branches; stage source hashes in accepted_sequence.json,6
b13311c2-efd6-459d-9ae3-cf5a590e55ae,GND,B.Cu,"[171900000, 102600000]","[171800000, 102500000]",200000,0.14142135623730953,strict,焊盘/过孔接入及原生中心接入,"['88024217-357b-4c65-9c03-e1ee81e26d61', '25f8dbb6-cc8c-40f1-ba83-ba5fa9cb93c8', '3617070a-7251-4fd1-8f20-b57ce78b1f4e', '16bbfaf0-eb0f-45df-a569-46389b35f129', 'a9af68d4-05aa-4e1a-82ff-57114e96bac2']",['88024217-357b-4c65-9c03-e1ee81e26d61'],['16bbfaf0-eb0f-45df-a569-46389b35f129'],0.0008578643762692734,保留,焊盘/过孔接入及原生中心接入；删除将改变完整截面或必要原生接入。实际连接已独立验证。,b13311c2-efd6-459d-9ae3-cf5a590e55ae,Final native DRC0; exact copper469 pads/track/via/branches; stage source hashes in accepted_sequence.json,
b1369ff3-de5c-4da2-809a-a38dbb7f9a9d,GND,B.Cu,"[162800000, 106000000]","[162700000, 106100000]",200000,0.14142135623730953,strict,焊盘/过孔接入及原生中心接入,"['C21.2', 'c13f5872-7f7f-465d-8262-04c913e927cd', '57f80fea-edb4-428d-a2a9-abef2c9df59e', 'bbba20b2-b401-4b4f-96f4-e061a7308e6d', 'fea7674b-7e03-45e8-8daf-141a3f195cb3']",['C21.2'],['fea7674b-7e03-45e8-8daf-141a3f195cb3'],0.0,共线合并,同网同层同宽，整数坐标区间覆盖并集完全相同；保留中途接入。,18246fc1-5430-4484-af40-49bbc9092c31;fea7674b-7e03-45e8-8daf-141a3f195cb3,Final native DRC0; exact copper469 pads/track/via/branches; stage source hashes in accepted_sequence.json,6
b39d0450-94b3-4c11-a68a-ffe8941bb36e,GND,B.Cu,"[126100000, 117500000]","[126062500, 117550000]",200000,0.0625,strict,焊盘/过孔接入及原生中心接入,"['aefe5cab-a86a-49d2-b473-f821862008fe', 'a6fbec40-5a92-4a7b-9eaf-85e632889a76', '2e1da946-90a6-47fc-acd6-cde7b6155385', '531fdea0-23ad-436e-ba14-ca646268c254', 'bf817871-9897-4c5d-8255-f0421d90dd16', 'Q5.2']",['Q5.2'],['aefe5cab-a86a-49d2-b473-f821862008fe'],0.0,冗余覆盖删除,原线段金属完整包含于其它同网显式铜内；最终焊盘、支路及导体连通重新验证。,2e1da946-90a6-47fc-acd6-cde7b6155385;a6fbec40-5a92-4a7b-9eaf-85e632889a76;aefe5cab-a86a-49d2-b473-f821862008fe,Final native DRC0; exact copper469 pads/track/via/branches; stage source hashes in accepted_sequence.json,6
b51ff302-358b-457f-bde1-e5eb6cbf405c,GND,B.Cu,"[141400000, 104404500]","[141400000, 104318500]",250000,0.086,strict,线宽过渡/铜颈,"['8791b138-e74c-4dd1-91bd-0e2c28d4b29a', '77bd79dd-3e65-4316-a7be-6ff24f524022']",[],['8791b138-e74c-4dd1-91bd-0e2c28d4b29a'],0.0039732701266190175,保留,线宽过渡/铜颈；删除将改变完整截面或必要原生接入。实际连接已独立验证。,b51ff302-358b-457f-bde1-e5eb6cbf405c,Final native DRC0; exact copper469 pads/track/via/branches; stage source hashes in accepted_sequence.json,
bf817871-9897-4c5d-8255-f0421d90dd16,GND,B.Cu,"[126200000, 117400000]","[126100000, 117500000]",200000,0.14142135623730953,strict,焊盘/过孔接入及原生中心接入,"['aefe5cab-a86a-49d2-b473-f821862008fe', 'a6fbec40-5a92-4a7b-9eaf-85e632889a76', '2e1da946-90a6-47fc-acd6-cde7b6155385', '531fdea0-23ad-436e-ba14-ca646268c254', 'b39d0450-94b3-4c11-a68a-ffe8941bb36e', 'Q5.2']",['Q5.2'],['aefe5cab-a86a-49d2-b473-f821862008fe'],0.0,冗余覆盖删除,原线段金属完整包含于其它同网显式铜内；最终焊盘、支路及导体连通重新验证。,2e1da946-90a6-47fc-acd6-cde7b6155385;a6fbec40-5a92-4a7b-9eaf-85e632889a76;aefe5cab-a86a-49d2-b473-f821862008fe,Final native DRC0; exact copper469 pads/track/via/branches; stage source hashes in accepted_sequence.json,6
bf8bf7bf-6a0d-4ceb-bf31-12803fdcd9b4,GND,B.Cu,"[170000000, 125000000]","[170100000, 125100000]",200000,0.14142135623730953,strict,焊盘/过孔接入及原生中心接入,"['3820b450-2277-4587-844f-440dc8422372', '8d2abdee-fbd0-42a1-8828-3da8d64aa7d4', '308c2167-7543-49d7-a042-9219168ec72e', 'e28cbce8-1904-4571-931f-3c06fba586dd', 'U27.3', 'a92e91b8-516d-4c41-99f4-991f81426de1']",['U27.3'],['a92e91b8-516d-4c41-99f4-991f81426de1'],0.0,冗余覆盖删除,原线段金属完整包含于其它同网显式铜内；最终焊盘、支路及导体连通重新验证。,a92e91b8-516d-4c41-99f4-991f81426de1,Final native DRC0; exact copper469 pads/track/via/branches; stage source hashes in accepted_sequence.json,6
c05a5a8e-c2bf-41b3-b530-562576e3f059,GND,B.Cu,"[178975000, 120325000]","[179000000, 120325000]",250000,0.025,strict,焊盘/过孔接入及原生中心接入,"['R33.1', '76f9bc3d-ebad-4973-b546-c6cc12305446', 'b97635ed-9b40-456a-a3eb-3e90b35b7779']",['R33.1'],[],0.0,冗余覆盖删除,原线段金属完整包含于其它同网显式铜内；最终焊盘、支路及导体连通重新验证。,76f9bc3d-ebad-4973-b546-c6cc12305446;b97635ed-9b40-456a-a3eb-3e90b35b7779,Final native DRC0; exact copper469 pads/track/via/branches; stage source hashes in accepted_sequence.json,6
cf3ffb00-1793-4c1f-bf78-9a01cd6ad346,GND,B.Cu,"[164650000, 115000000]","[164599200, 115050800]",250000,0.07184204896855323,strict,焊盘/过孔接入及原生中心接入,"['60db65f9-4466-4754-86c1-48521e818b93', 'D12.2']",['D12.2'],[],0.0,冗余覆盖删除,原线段金属完整包含于其它同网显式铜内；最终焊盘、支路及导体连通重新验证。,60db65f9-4466-4754-86c1-48521e818b93,Final native DRC0; exact copper469 pads/track/via/branches; stage source hashes in accepted_sequence.json,6
d17a787d-6a53-4d48-8b61-245a24e2d029,GND,B.Cu,"[169500000, 124800000]","[169600000, 124800000]",200000,0.1,strict,焊盘/过孔接入及原生中心接入,"['db4d3362-1a02-48b7-8a6c-f0eea490cd30', 'c7bb8d23-e73f-4837-be4d-51df358db9ff', 'U27.3', '6420db0c-8dfb-4e7d-8df6-bdfd8c4184f0', 'a0737ef3-41d8-47ea-8ec4-9842034cfa2a']",['U27.3'],[],0.0,冗余覆盖删除,原线段金属完整包含于其它同网显式铜内；最终焊盘、支路及导体连通重新验证。,c7bb8d23-e73f-4837-be4d-51df358db9ff,Final native DRC0; exact copper469 pads/track/via/branches; stage source hashes in accepted_sequence.json,6
d3450184-04c2-4314-8871-0e26145b3a3c,GND,B.Cu,"[165200000, 102900000]","[165100000, 103000000]",200000,0.14142135623730953,strict,焊盘/过孔接入及原生中心接入,"['d4f5d01d-2a04-47c2-a842-0a22ced79f34', '94ad02b3-e5d7-4535-bfd9-a9797855e1b1', '96d322da-aa21-425d-b484-bf00091fa58e', 'c71ee149-8374-4405-b97f-6ae7be695688', '05ce1dad-e257-49ce-9d06-3dee95c4248d', '5862a858-5af5-4a77-835e-a2ba33789c34', '744dd479-b266-4552-bdf6-872f46d07b47', 'U36.7']",['U36.7'],"['96d322da-aa21-425d-b484-bf00091fa58e', '05ce1dad-e257-49ce-9d06-3dee95c4248d', '5862a858-5af5-4a77-835e-a2ba33789c34']",0.0,冗余覆盖删除,原线段金属完整包含于其它同网显式铜内；最终焊盘、支路及导体连通重新验证。,05ce1dad-e257-49ce-9d06-3dee95c4248d;94ad02b3-e5d7-4535-bfd9-a9797855e1b1;96d322da-aa21-425d-b484-bf00091fa58e;d4f5d01d-2a04-47c2-a842-0a22ced79f34,Final native DRC0; exact copper469 pads/track/via/branches; stage source hashes in accepted_sequence.json,6
db4d3362-1a02-48b7-8a6c-f0eea490cd30,GND,B.Cu,"[169700000, 124900000]","[169800000, 124900000]",200000,0.1,strict,焊盘/过孔接入及原生中心接入,"['3820b450-2277-4587-844f-440dc8422372', '8d2abdee-fbd0-42a1-8828-3da8d64aa7d4', 'U27.3', 'd17a787d-6a53-4d48-8b61-245a24e2d029', 'a0737ef3-41d8-47ea-8ec4-9842034cfa2a']",['U27.3'],[],0.0,冗余覆盖删除,原线段金属完整包含于其它同网显式铜内；最终焊盘、支路及导体连通重新验证。,无新轨迹；见保留焊盘铜联系人,Final native DRC0; exact copper469 pads/track/via/branches; stage source hashes in accepted_sequence.json,6
de19437b-3319-41de-a1c0-0e97e50b445e,GND,B.Cu,"[102538000, 86598000]","[102488000, 86548000]",250000,0.07071067811865477,strict,焊盘/过孔接入及原生中心接入,"['14ed1a3c-896d-450f-9e6e-fca27e2c40a2', '690e1911-6b12-405e-bac3-c8977799114b']",['14ed1a3c-896d-450f-9e6e-fca27e2c40a2'],[],0.017628183550339696,保留,焊盘/过孔接入及原生中心接入；删除将改变完整截面或必要原生接入。实际连接已独立验证。,de19437b-3319-41de-a1c0-0e97e50b445e,Final native DRC0; exact copper469 pads/track/via/branches; stage source hashes in accepted_sequence.json,
e0d82fab-51b3-4122-8eb6-c890ecc7d8f8,GND,B.Cu,"[139101000, 94375600]","[139101000, 94287200]",250000,0.0884,strict,线宽过渡/铜颈,"['c6429c33-88df-4e30-842f-8fdefb04bc17', '4373e7de-840d-4205-9171-6e0f1b1d2ec5']",[],['4373e7de-840d-4205-9171-6e0f1b1d2ec5'],0.00629982518967058,保留,线宽过渡/铜颈；删除将改变完整截面或必要原生接入。实际连接已独立验证。,e0d82fab-51b3-4122-8eb6-c890ecc7d8f8,Final native DRC0; exact copper469 pads/track/via/branches; stage source hashes in accepted_sequence.json,
e28cbce8-1904-4571-931f-3c06fba586dd,GND,B.Cu,"[170300000, 125100000]","[170400000, 125200000]",200000,0.14142135623730953,strict,焊盘/过孔接入及原生中心接入,"['bf8bf7bf-6a0d-4ceb-bf31-12803fdcd9b4', '308c2167-7543-49d7-a042-9219168ec72e', '9d7613ea-1c3e-4d80-b855-35879938e51b', 'U27.3', '44f2d1c9-6121-4acc-b925-0d881f0378ba', 'a92e91b8-516d-4c41-99f4-991f81426de1']",['U27.3'],"['44f2d1c9-6121-4acc-b925-0d881f0378ba', 'a92e91b8-516d-4c41-99f4-991f81426de1']",0.0,冗余覆盖删除,原线段金属完整包含于其它同网显式铜内；最终焊盘、支路及导体连通重新验证。,a92e91b8-516d-4c41-99f4-991f81426de1,Final native DRC0; exact copper469 pads/track/via/branches; stage source hashes in accepted_sequence.json,6
ed74b2bd-e15c-43b2-a87e-4d183d459ac2,GND,B.Cu,"[132400000, 115100000]","[132400000, 115200000]",200000,0.1,strict,焊盘/过孔接入及原生中心接入,"['R55.2', '317cf153-7be2-43a0-ae67-a2dae541644c', '94b5af8c-1cf9-4268-98f4-b013925669eb', 'fb7fd0a6-257a-4837-814d-e5e6580e3881']",['R55.2'],[],0.0,冗余覆盖删除,原线段金属完整包含于其它同网显式铜内；最终焊盘、支路及导体连通重新验证。,94b5af8c-1cf9-4268-98f4-b013925669eb;fb7fd0a6-257a-4837-814d-e5e6580e3881,Final native DRC0; exact copper469 pads/track/via/branches; stage source hashes in accepted_sequence.json,6
eef6c0e4-01c9-4bbe-8200-3b34ce91c96c,GND,B.Cu,"[154000000, 100100000]","[154100000, 100000000]",200000,0.14142135623730953,strict,焊盘/过孔接入及原生中心接入,"['f278b2bf-a7e5-4bac-bd98-299c1d500a17', 'U35.7', '8b123afb-9dc4-48a5-a25b-50d81937670f', '04586e26-a973-4d04-8ade-272c45b666ce', '622f2bed-9ef1-4f73-b936-acd4791d379b']",['U35.7'],"['8b123afb-9dc4-48a5-a25b-50d81937670f', '622f2bed-9ef1-4f73-b936-acd4791d379b']",0.0,冗余覆盖删除,原线段金属完整包含于其它同网显式铜内；最终焊盘、支路及导体连通重新验证。,04586e26-a973-4d04-8ade-272c45b666ce;622f2bed-9ef1-4f73-b936-acd4791d379b,Final native DRC0; exact copper469 pads/track/via/branches; stage source hashes in accepted_sequence.json,6
f278b2bf-a7e5-4bac-bd98-299c1d500a17,GND,B.Cu,"[154100000, 100000000]","[154137500, 100050000]",200000,0.0625,strict,焊盘/过孔接入及原生中心接入,"['eef6c0e4-01c9-4bbe-8200-3b34ce91c96c', 'U35.7', '8b123afb-9dc4-48a5-a25b-50d81937670f', '04586e26-a973-4d04-8ade-272c45b666ce', '622f2bed-9ef1-4f73-b936-acd4791d379b']",['U35.7'],"['8b123afb-9dc4-48a5-a25b-50d81937670f', '622f2bed-9ef1-4f73-b936-acd4791d379b']",0.0,冗余覆盖删除,原线段金属完整包含于其它同网显式铜内；最终焊盘、支路及导体连通重新验证。,04586e26-a973-4d04-8ade-272c45b666ce;622f2bed-9ef1-4f73-b936-acd4791d379b,Final native DRC0; exact copper469 pads/track/via/branches; stage source hashes in accepted_sequence.json,6
fb7fd0a6-257a-4837-814d-e5e6580e3881,GND,B.Cu,"[132400000, 115200000]","[132500000, 115300000]",200000,0.14142135623730953,strict,焊盘/过孔接入及原生中心接入,"['R55.2', '317cf153-7be2-43a0-ae67-a2dae541644c', 'ed74b2bd-e15c-43b2-a87e-4d183d459ac2', '94b5af8c-1cf9-4268-98f4-b013925669eb']",['R55.2'],[],0.0003226879234976888,保留,焊盘/过孔接入及原生中心接入；删除将改变完整截面或必要原生接入。实际连接已独立验证。,fb7fd0a6-257a-4837-814d-e5e6580e3881,Final native DRC0; exact copper469 pads/track/via/branches; stage source hashes in accepted_sequence.json,
00da0404-ff9a-4fcd-90a9-efa09c580432,+24V_CTRL,F.Cu,"[116440900, 84090900]","[116500000, 84150000]",250000,0.08358002153624991,strict,焊盘/过孔接入及原生中心接入,"['be0185c5-9a28-4e11-a10d-599f2564c7e2', '2daeb975-246e-4cba-b57b-7d07ca91cabc', 'D1.1']",['D1.1'],[],0.0,冗余覆盖删除,原线段金属完整包含于其它同网显式铜内；最终焊盘、支路及导体连通重新验证。,2daeb975-246e-4cba-b57b-7d07ca91cabc;be0185c5-9a28-4e11-a10d-599f2564c7e2,Final native DRC0; exact copper469 pads/track/via/branches; stage source hashes in accepted_sequence.json,6
1fadc572-175b-494b-ab0f-feb719311aea,+24V_CTRL,F.Cu,"[163600000, 90500000]","[163700000, 90400000]",250000,0.14142135623730953,strict,焊盘/过孔接入及原生中心接入,"['b48c90e8-8d33-4270-9372-1178ae6ba824', 'c92ad875-463e-4373-b9dd-a9ab3e3d776c', '36d8c74b-79fe-4782-8368-32de8295c25b']",['36d8c74b-79fe-4782-8368-32de8295c25b'],[],0.00021883829952537437,保留,焊盘/过孔接入及原生中心接入；删除将改变完整截面或必要原生接入。实际连接已独立验证。,1fadc572-175b-494b-ab0f-feb719311aea,Final native DRC0; exact copper469 pads/track/via/branches; stage source hashes in accepted_sequence.json,
72e88936-4047-4cce-a6b5-d4727d411a90,+24V_CTRL,F.Cu,"[155214300, 99463000]","[155200000, 99500000]",250000,0.03966724089220222,strict,焊盘/过孔接入及原生中心接入,"['dc1d502d-e590-4600-93b1-4d8701a8b83f', 'db9e66c7-88d9-4d66-a608-33635bf4a480', '3e9c5133-95a4-4a6b-9844-477336e6d6e0']",['dc1d502d-e590-4600-93b1-4d8701a8b83f'],[],2.1211474336237532e-05,保留,焊盘/过孔接入及原生中心接入；删除将改变完整截面或必要原生接入。实际连接已独立验证。,72e88936-4047-4cce-a6b5-d4727d411a90,Final native DRC0; exact copper469 pads/track/via/branches; stage source hashes in accepted_sequence.json,
8cafa29d-9760-471c-b35b-d06fc95f8a17,+24V_CTRL,F.Cu,"[110353400, 89904200]","[110254200, 89904200]",250000,0.0992,strict,焊盘/过孔接入及原生中心接入,"['cf0115e2-7827-41d0-94c7-e848383ac6e5', 'fb00ba1c-cd71-4b70-a1e5-080a069c17a0']",['fb00ba1c-cd71-4b70-a1e5-080a069c17a0'],[],0.024458057361896095,保留,焊盘/过孔接入及原生中心接入；删除将改变完整截面或必要原生接入。实际连接已独立验证。,8cafa29d-9760-471c-b35b-d06fc95f8a17,Final native DRC0; exact copper469 pads/track/via/branches; stage source hashes in accepted_sequence.json,
c92ad875-463e-4373-b9dd-a9ab3e3d776c,+24V_CTRL,F.Cu,"[163500000, 90500000]","[163600000, 90500000]",250000,0.1,strict,焊盘/过孔接入及原生中心接入,"['b48c90e8-8d33-4270-9372-1178ae6ba824', '1fadc572-175b-494b-ab0f-feb719311aea', '36d8c74b-79fe-4782-8368-32de8295c25b']",['36d8c74b-79fe-4782-8368-32de8295c25b'],[],0.02465730384853713,保留,焊盘/过孔接入及原生中心接入；删除将改变完整截面或必要原生接入。实际连接已独立验证。,c92ad875-463e-4373-b9dd-a9ab3e3d776c,Final native DRC0; exact copper469 pads/track/via/branches; stage source hashes in accepted_sequence.json,
e32afcc0-4950-40fc-907d-7f54b1f3960a,+24V_CTRL,F.Cu,"[175500000, 80300000]","[175600000, 80400000]",250000,0.14142135623730953,strict,焊盘/过孔接入及原生中心接入,"['889984e1-6314-45b4-931f-f40141a0b1c0', '527d9306-1957-43bc-afad-db7e4185ebad']",['889984e1-6314-45b4-931f-f40141a0b1c0'],[],0.03497656171661193,保留,焊盘/过孔接入及原生中心接入；删除将改变完整截面或必要原生接入。实际连接已独立验证。,e32afcc0-4950-40fc-907d-7f54b1f3960a,Final native DRC0; exact copper469 pads/track/via/branches; stage source hashes in accepted_sequence.json,
0fdb2a79-864e-422c-b8dd-c99fe9267a57,+24V_CTRL,B.Cu,"[170800000, 83100000]","[170700000, 83000000]",250000,0.14142135623730953,strict,焊盘/过孔接入及原生中心接入,"['J18.1', 'c659578a-a423-455e-8968-f09d372cf29a', '18c1af39-494f-419f-887e-8586c43adce8', '488e74bc-a526-48b2-bdbc-fdd486b19d70', '1982abd0-62bb-464a-9464-60de7dc27fce']",['J18.1'],[],0.00016711865722094014,共线合并,同网同层同宽，整数坐标区间覆盖并集完全相同；保留中途接入。,e90d4f47-b660-4a1e-b549-ee786b417b7e,Final native DRC0; exact copper469 pads/track/via/branches; stage source hashes in accepted_sequence.json,6
158b2c3d-6822-4a35-a238-37ee544177c0,+24V_CTRL,B.Cu,"[163400000, 90700000]","[163500000, 90600000]",250000,0.14142135623730953,strict,焊盘/过孔接入及原生中心接入,"['36d8c74b-79fe-4782-8368-32de8295c25b', '982e3476-576b-4d94-a28d-94b8ca32f8f9', 'ea9532a2-de8e-441c-8883-5204c281582f']",['36d8c74b-79fe-4782-8368-32de8295c25b'],[],0.00021424058667785168,保留,焊盘/过孔接入及原生中心接入；删除将改变完整截面或必要原生接入。实际连接已独立验证。,158b2c3d-6822-4a35-a238-37ee544177c0,Final native DRC0; exact copper469 pads/track/via/branches; stage source hashes in accepted_sequence.json,
16124c60-4938-47bd-8ec6-d9bed5226469,+24V_CTRL,B.Cu,"[173200000, 83900000]","[173100000, 84000000]",250000,0.14142135623730953,strict,焊盘/过孔接入及原生中心接入,"['dda9f687-8bc2-469d-afd9-2064c4b9d581', '6a8fa142-6559-442f-b864-e066ab2150ec', 'c47d30e1-42a6-4492-b396-f49dae8a6835', '833a6a02-2794-4648-907b-99d8c334277b', '07c3fa77-1f02-4064-99ce-4efe1975720f']",['c47d30e1-42a6-4492-b396-f49dae8a6835'],[],0.009805401720026646,保留,焊盘/过孔接入及原生中心接入；删除将改变完整截面或必要原生接入。实际连接已独立验证。,16124c60-4938-47bd-8ec6-d9bed5226469,Final native DRC0; exact copper469 pads/track/via/branches; stage source hashes in accepted_sequence.json,
18c1af39-494f-419f-887e-8586c43adce8,+24V_CTRL,B.Cu,"[170600000, 83000000]","[170500000, 82900000]",250000,0.14142135623730953,strict,焊盘/过孔接入及原生中心接入,"['J18.1', '2d985e44-efce-4f11-a3e8-5ec7d76c3add', '2f9808a5-5dbd-453e-8003-048b57e91cd6', 'c659578a-a423-455e-8968-f09d372cf29a', '488e74bc-a526-48b2-bdbc-fdd486b19d70', '0fdb2a79-864e-422c-b8dd-c99fe9267a57', '1982abd0-62bb-464a-9464-60de7dc27fce']",['J18.1'],[],0.0,冗余覆盖删除,原线段金属完整包含于其它同网显式铜内；最终焊盘、支路及导体连通重新验证。,e90d4f47-b660-4a1e-b549-ee786b417b7e,Final native DRC0; exact copper469 pads/track/via/branches; stage source hashes in accepted_sequence.json,6
2a9f2e1e-b9a5-4f2a-bdb5-fbc00e0869a9,+24V_CTRL,B.Cu,"[171100000, 95900000]","[171000000, 95800000]",250000,0.14142135623730953,strict,焊盘/过孔接入及原生中心接入,"['038f73b6-a1b0-4ba3-b83e-ea5cb0c3d757', 'd87a9012-3652-47e9-a787-741959ac6145', 'R51.1', '6053dada-4e74-43e5-ae6a-e224f10d154f', '7bebf21c-5178-4d9a-8f69-f167ba9420ba']",['R51.1'],[],0.0,冗余覆盖删除,原线段金属完整包含于其它同网显式铜内；最终焊盘、支路及导体连通重新验证。,无新轨迹；见保留焊盘铜联系人,Final native DRC0; exact copper469 pads/track/via/branches; stage source hashes in accepted_sequence.json,6
2f9808a5-5dbd-453e-8003-048b57e91cd6,+24V_CTRL,B.Cu,"[170400000, 82900000]","[170300000, 82800000]",250000,0.14142135623730953,strict,焊盘/过孔接入及原生中心接入,"['J18.1', 'ed415791-0bb2-4a79-b42f-c1afc0cec7ae', '2d985e44-efce-4f11-a3e8-5ec7d76c3add', 'c659578a-a423-455e-8968-f09d372cf29a', '18c1af39-494f-419f-887e-8586c43adce8', '488e74bc-a526-48b2-bdbc-fdd486b19d70']",['J18.1'],[],0.0,冗余覆盖删除,原线段金属完整包含于其它同网显式铜内；最终焊盘、支路及导体连通重新验证。,无新轨迹；见保留焊盘铜联系人,Final native DRC0; exact copper469 pads/track/via/branches; stage source hashes in accepted_sequence.json,6
40d1ed69-153e-49ea-9ecf-50cbf725129a,+24V_CTRL,B.Cu,"[178700000, 100000000]","[178800000, 100100000]",250000,0.14142135623730953,strict,焊盘/过孔接入及原生中心接入,"['7377dd55-d36b-48ee-9725-90341aead0c4', '845d68a0-a3e1-4e12-8b71-1b514f83080c', '91f4e95c-e907-4487-bed5-cf0323b5af5e']",['7377dd55-d36b-48ee-9725-90341aead0c4'],[],0.0191556762657476,保留,焊盘/过孔接入及原生中心接入；删除将改变完整截面或必要原生接入。实际连接已独立验证。,40d1ed69-153e-49ea-9ecf-50cbf725129a,Final native DRC0; exact copper469 pads/track/via/branches; stage source hashes in accepted_sequence.json,
488e74bc-a526-48b2-bdbc-fdd486b19d70,+24V_CTRL,B.Cu,"[170700000, 83000000]","[170600000, 83000000]",250000,0.1,strict,焊盘/过孔接入及原生中心接入,"['J18.1', '2f9808a5-5dbd-453e-8003-048b57e91cd6', 'c659578a-a423-455e-8968-f09d372cf29a', '18c1af39-494f-419f-887e-8586c43adce8', '0fdb2a79-864e-422c-b8dd-c99fe9267a57', '1982abd0-62bb-464a-9464-60de7dc27fce']",['J18.1'],[],0.0,冗余覆盖删除,原线段金属完整包含于其它同网显式铜内；最终焊盘、支路及导体连通重新验证。,e90d4f47-b660-4a1e-b549-ee786b417b7e,Final native DRC0; exact copper469 pads/track/via/branches; stage source hashes in accepted_sequence.json,6
572874c2-5c2b-4f15-8986-e54190c66ac3,+24V_CTRL,B.Cu,"[178800000, 101100000]","[178700000, 101000000]",250000,0.14142135623730953,strict,焊盘/过孔接入及原生中心接入,"['845d68a0-a3e1-4e12-8b71-1b514f83080c', '6d6c0a28-5362-4861-a717-6ef750dfa94e']",['6d6c0a28-5362-4861-a717-6ef750dfa94e'],[],0.034820675227630236,保留,焊盘/过孔接入及原生中心接入；删除将改变完整截面或必要原生接入。实际连接已独立验证。,572874c2-5c2b-4f15-8986-e54190c66ac3,Final native DRC0; exact copper469 pads/track/via/branches; stage source hashes in accepted_sequence.json,
5fa8d6e1-ba33-4841-a4ec-9df13008bf78,+24V_CTRL,B.Cu,"[177900000, 102200000]","[178000000, 102200000]",250000,0.1,strict,焊盘/过孔接入及原生中心接入,"['e9770249-8965-4484-a1ab-6163b39bc9de', 'ee259528-d0ea-43f1-8473-bf25f7df1b24', '7ddd3062-5189-4c70-ab08-2fc6ddffee94']",['e9770249-8965-4484-a1ab-6163b39bc9de'],[],0.0002458380710300867,保留,焊盘/过孔接入及原生中心接入；删除将改变完整截面或必要原生接入。实际连接已独立验证。,5fa8d6e1-ba33-4841-a4ec-9df13008bf78,Final native DRC0; exact copper469 pads/track/via/branches; stage source hashes in accepted_sequence.json,
6a8fa142-6559-442f-b864-e066ab2150ec,+24V_CTRL,B.Cu,"[173200000, 83900000]","[173100000, 83900000]",250000,0.1,strict,焊盘/过孔接入及原生中心接入,"['dda9f687-8bc2-469d-afd9-2064c4b9d581', '16124c60-4938-47bd-8ec6-d9bed5226469', 'c47d30e1-42a6-4492-b396-f49dae8a6835', '833a6a02-2794-4648-907b-99d8c334277b', '07c3fa77-1f02-4064-99ce-4efe1975720f']",['c47d30e1-42a6-4492-b396-f49dae8a6835'],[],0.0,冗余覆盖删除,原线段金属完整包含于其它同网显式铜内；最终焊盘、支路及导体连通重新验证。,07c3fa77-1f02-4064-99ce-4efe1975720f;16124c60-4938-47bd-8ec6-d9bed5226469;833a6a02-2794-4648-907b-99d8c334277b;c47d30e1-42a6-4492-b396-f49dae8a6835;dda9f687-8bc2-469d-afd9-2064c4b9d581,Final native DRC0; exact copper469 pads/track/via/branches; stage source hashes in accepted_sequence.json,6
78bcf2a1-ad5f-4215-bfe5-d63b6164f500,+24V_CTRL,B.Cu,"[160742500, 113597700]","[160742500, 113597600]",250000,0.0001,strict,拐角或中途侧接的连续足宽铜,['15641630-53a5-4b22-be55-7c56dbbffce5'],[],[],1.2801797769106074e-05,保留,拐角或中途侧接的连续足宽铜；删除将改变完整截面或必要原生接入。实际连接已独立验证。,78bcf2a1-ad5f-4215-bfe5-d63b6164f500,Final native DRC0; exact copper469 pads/track/via/branches; stage source hashes in accepted_sequence.json,
7bebf21c-5178-4d9a-8f69-f167ba9420ba,+24V_CTRL,B.Cu,"[171400000, 96000000]","[171300000, 95900000]",250000,0.14142135623730953,strict,焊盘/过孔接入及原生中心接入,"['038f73b6-a1b0-4ba3-b83e-ea5cb0c3d757', 'R51.1', '2a9f2e1e-b9a5-4f2a-bdb5-fbc00e0869a9', '6053dada-4e74-43e5-ae6a-e224f10d154f', '69e568b1-fb71-4a39-91ca-b442a537b715', '4c43259b-121f-4621-943b-8347de551411']",['R51.1'],[],0.0,冗余覆盖删除,原线段金属完整包含于其它同网显式铜内；最终焊盘、支路及导体连通重新验证。,4c43259b-121f-4621-943b-8347de551411;69e568b1-fb71-4a39-91ca-b442a537b715,Final native DRC0; exact copper469 pads/track/via/branches; stage source hashes in accepted_sequence.json,6
833a6a02-2794-4648-907b-99d8c334277b,+24V_CTRL,B.Cu,"[173100000, 83900000]","[173000000, 84000000]",250000,0.14142135623730953,strict,焊盘/过孔接入及原生中心接入,"['dda9f687-8bc2-469d-afd9-2064c4b9d581', '6a8fa142-6559-442f-b864-e066ab2150ec', '16124c60-4938-47bd-8ec6-d9bed5226469', 'c47d30e1-42a6-4492-b396-f49dae8a6835', '07c3fa77-1f02-4064-99ce-4efe1975720f']",['c47d30e1-42a6-4492-b396-f49dae8a6835'],[],7.613159498318856e-08,保留,焊盘/过孔接入及原生中心接入；删除将改变完整截面或必要原生接入。实际连接已独立验证。,833a6a02-2794-4648-907b-99d8c334277b,Final native DRC0; exact copper469 pads/track/via/branches; stage source hashes in accepted_sequence.json,
982e3476-576b-4d94-a28d-94b8ca32f8f9,+24V_CTRL,B.Cu,"[163500000, 90600000]","[163500000, 90500000]",250000,0.1,strict,焊盘/过孔接入及原生中心接入,"['36d8c74b-79fe-4782-8368-32de8295c25b', '158b2c3d-6822-4a35-a238-37ee544177c0', 'ea9532a2-de8e-441c-8883-5204c281582f']",['36d8c74b-79fe-4782-8368-32de8295c25b'],[],0.024657303848536323,保留,焊盘/过孔接入及原生中心接入；删除将改变完整截面或必要原生接入。实际连接已独立验证。,982e3476-576b-4d94-a28d-94b8ca32f8f9,Final native DRC0; exact copper469 pads/track/via/branches; stage source hashes in accepted_sequence.json,
c659578a-a423-455e-8968-f09d372cf29a,+24V_CTRL,B.Cu,"[170500000, 82900000]","[170400000, 82900000]",250000,0.1,strict,焊盘/过孔接入及原生中心接入,"['J18.1', '2d985e44-efce-4f11-a3e8-5ec7d76c3add', '2f9808a5-5dbd-453e-8003-048b57e91cd6', '18c1af39-494f-419f-887e-8586c43adce8', '488e74bc-a526-48b2-bdbc-fdd486b19d70', '0fdb2a79-864e-422c-b8dd-c99fe9267a57']",['J18.1'],[],0.0,冗余覆盖删除,原线段金属完整包含于其它同网显式铜内；最终焊盘、支路及导体连通重新验证。,e90d4f47-b660-4a1e-b549-ee786b417b7e,Final native DRC0; exact copper469 pads/track/via/branches; stage source hashes in accepted_sequence.json,6
d87a9012-3652-47e9-a787-741959ac6145,+24V_CTRL,B.Cu,"[171000000, 95825000]","[171000000, 95800000]",250000,0.025,strict,焊盘/过孔接入及原生中心接入,"['038f73b6-a1b0-4ba3-b83e-ea5cb0c3d757', 'R51.1', '2a9f2e1e-b9a5-4f2a-bdb5-fbc00e0869a9', '6053dada-4e74-43e5-ae6a-e224f10d154f']",['R51.1'],[],0.0,冗余覆盖删除,原线段金属完整包含于其它同网显式铜内；最终焊盘、支路及导体连通重新验证。,无新轨迹；见保留焊盘铜联系人,Final native DRC0; exact copper469 pads/track/via/branches; stage source hashes in accepted_sequence.json,6
ed415791-0bb2-4a79-b42f-c1afc0cec7ae,+24V_CTRL,B.Cu,"[170100000, 82800000]","[170000000, 82700000]",250000,0.14142135623730953,strict,焊盘/过孔接入及原生中心接入,"['J18.1', '2d985e44-efce-4f11-a3e8-5ec7d76c3add', '2f9808a5-5dbd-453e-8003-048b57e91cd6']",['J18.1'],[],0.0,冗余覆盖删除,原线段金属完整包含于其它同网显式铜内；最终焊盘、支路及导体连通重新验证。,无新轨迹；见保留焊盘铜联系人,Final native DRC0; exact copper469 pads/track/via/branches; stage source hashes in accepted_sequence.json,6
8694347e-19c1-4d31-89b4-e3eb8637a053,+5V_MCU_FEED,F.Cu,"[114438000, 89873000]","[114513000, 89823000]",200000,0.09013878188659973,strict,拐角或中途侧接的连续足宽铜,"['9498e32c-5e26-440f-8e7a-85c38a59714c', '968757c5-68d1-4f34-bba8-94fad174263c', '619644c2-f0c2-4fab-b0a4-f9ac5a220171']",[],[],0.0006265303556840654,局部重布替换,按电源/逻辑/接口组替换；宽度、原有侧接、去耦和回流经阶段及最终检查。,5e2cbd26-1e12-4d8f-900c-ba10658ad4b1;e5ba0e7d-fd61-49c2-bc91-30cea61d55a8,Final native DRC0; exact copper469 pads/track/via/branches; stage source hashes in accepted_sequence.json,0
968757c5-68d1-4f34-bba8-94fad174263c,+5V_MCU_FEED,F.Cu,"[114513000, 89823000]","[114613000, 89723000]",200000,0.14142135623730953,strict,拐角或中途侧接的连续足宽铜,"['6b25443a-0d9e-42ca-b92e-e6336d6d81aa', '9498e32c-5e26-440f-8e7a-85c38a59714c', '8694347e-19c1-4d31-89b4-e3eb8637a053', '619644c2-f0c2-4fab-b0a4-f9ac5a220171']",[],[],0.002551163555424064,局部重布替换,按电源/逻辑/接口组替换；宽度、原有侧接、去耦和回流经阶段及最终检查。,91279451-e03e-4ff5-8d03-3e8825d5ef88;9ea7d7a4-518b-4780-9549-f23eb6226236;e5ba0e7d-fd61-49c2-bc91-30cea61d55a8,Final native DRC0; exact copper469 pads/track/via/branches; stage source hashes in accepted_sequence.json,0
8b6b50d7-d46c-40e7-8366-a9796d526dd1,+5V_MCU,B.Cu,"[97788000, 97098000]","[97788000, 97148000]",200000,0.05,strict,焊盘/过孔接入及原生中心接入,"['b1344799-f371-4b8b-9414-5c27b6a1924e', 'beb900d7-5c24-40f3-8add-097fb38eb8e7']",['beb900d7-5c24-40f3-8add-097fb38eb8e7'],[],0.009997747729865747,局部重布替换,按电源/逻辑/接口组替换；宽度、原有侧接、去耦和回流经阶段及最终检查。,a815a8ad-6168-4bea-817f-48a123fdadfc;cf670826-1e2b-427a-a893-c63470bf5bb5;e4da5303-16cb-4ba6-bf68-6b01e50b3c27,Final native DRC0; exact copper469 pads/track/via/branches; stage source hashes in accepted_sequence.json,0
edeea9d0-9fe3-435f-9623-6b94b43ad7f8,+5V_MCU,B.Cu,"[100388000, 88298000]","[100338000, 88348000]",200000,0.07071067811865477,strict,焊盘/过孔接入及原生中心接入,"['ab11d71c-d82e-45bf-9ea6-b4dcf6f86008', '67fa82e8-17d4-418a-8942-dd70a2b655ee']",['67fa82e8-17d4-418a-8942-dd70a2b655ee'],[],0.013926596563667371,局部重布替换,按电源/逻辑/接口组替换；宽度、原有侧接、去耦和回流经阶段及最终检查。,4bc93f5b-7c19-436b-9bee-2ec5eedc62d0;854bb28c-0217-4ece-ae21-108bf9b6e1e6;a614109e-6255-4974-9479-3549552d311d,Final native DRC0; exact copper469 pads/track/via/branches; stage source hashes in accepted_sequence.json,0
fd79a5aa-1919-4341-b818-1472fa15632a,FUNC_BTN_RET,F.Cu,"[155413000, 75548000]","[155488000, 75548000]",200000,0.075,strict,拐角或中途侧接的连续足宽铜,"['c0e75a56-a39b-44fd-a3de-b0c159d3eb9b', '2598e473-06c1-4324-b42b-22b89bd0f1aa']",[],[],0.02223489409005836,保留,拐角或中途侧接的连续足宽铜；删除将改变完整截面或必要原生接入。实际连接已独立验证。,fd79a5aa-1919-4341-b818-1472fa15632a,Final native DRC0; exact copper469 pads/track/via/branches; stage source hashes in accepted_sequence.json,
b55da151-e2bc-423c-aac0-4c57342bb027,+5V_BUZ,B.Cu,"[185163000, 94998000]","[185163000, 95023000]",250000,0.025,strict,拐角或中途侧接的连续足宽铜,"['78df4f3d-5267-4396-af39-084b5e3714a5', '4fcb96cc-ee46-4c9a-8981-eb1dc503409e']",[],[],0.02224278986884104,保留,拐角或中途侧接的连续足宽铜；删除将改变完整截面或必要原生接入。实际连接已独立验证。,b55da151-e2bc-423c-aac0-4c57342bb027,Final native DRC0; exact copper469 pads/track/via/branches; stage source hashes in accepted_sequence.json,
6636e7e2-8f2e-42dc-85d3-e621316cd4ed,+5V_CTRL,F.Cu,"[127284400, 129459400]","[127359900, 129534900]",250000,0.10677312395916867,strict,焊盘/过孔接入及原生中心接入,"['5471fe5f-ec70-4f62-ac4a-80cd8a113b8d', '52f40b89-57da-48d7-8525-807dc492db62', 'ac607ef3-f0d1-467a-80c2-5e5c21c0289a']",['52f40b89-57da-48d7-8525-807dc492db62'],['5471fe5f-ec70-4f62-ac4a-80cd8a113b8d'],0.010372530821014036,保留,焊盘/过孔接入及原生中心接入；删除将改变完整截面或必要原生接入。实际连接已独立验证。,6636e7e2-8f2e-42dc-85d3-e621316cd4ed,Final native DRC0; exact copper469 pads/track/via/branches; stage source hashes in accepted_sequence.json,
fc16e8a0-2668-4934-b03e-be88285f8157,+5V_CTRL,F.Cu,"[165898700, 121715400]","[165900000, 121700000]",200000,0.01545477272560163,strict,线宽过渡/铜颈,"['f051b301-4723-4f04-ba22-c59ac0a75aca', 'b61ac496-dfd6-4f1b-aaa5-006f423c3213', '3957b4fa-6c43-4c29-92e4-7c43097875eb', 'a4858ec8-bd61-47ff-91da-b00d368e8bcb']",[],"['b61ac496-dfd6-4f1b-aaa5-006f423c3213', 'a4858ec8-bd61-47ff-91da-b00d368e8bcb']",0.0,冗余覆盖删除,原线段金属完整包含于其它同网显式铜内；最终焊盘、支路及导体连通重新验证。,a4858ec8-bd61-47ff-91da-b00d368e8bcb;b61ac496-dfd6-4f1b-aaa5-006f423c3213,Final native DRC0; exact copper469 pads/track/via/branches; stage source hashes in accepted_sequence.json,6
03476d54-40af-4ee1-918f-03bd42dcc60c,+5V_CTRL,B.Cu,"[170087500, 121424999]","[170100000, 121400000]",200000,0.027949955295134193,strict,焊盘/过孔接入及原生中心接入,"['C34.1', '863cda95-5088-4f4c-9302-c023b3d99dfc', 'e303e524-8ac9-4bf9-8ffe-e624852452d4']",['C34.1'],[],0.0,冗余覆盖删除,原线段金属完整包含于其它同网显式铜内；最终焊盘、支路及导体连通重新验证。,863cda95-5088-4f4c-9302-c023b3d99dfc;e303e524-8ac9-4bf9-8ffe-e624852452d4,Final native DRC0; exact copper469 pads/track/via/branches; stage source hashes in accepted_sequence.json,6
0fef3bae-a821-4f4e-b07a-2dd774e22c17,+5V_CTRL,B.Cu,"[115600000, 88200000]","[115700000, 88100000]",350000,0.14142135623730953,strict,焊盘/过孔接入及原生中心接入,"['f3be3313-9711-425e-a20e-9957f6d4b456', 'a755d159-3c04-48c9-a7c5-4435d27cb213']",['f3be3313-9711-425e-a20e-9957f6d4b456'],[],0.03246399311581232,保留,焊盘/过孔接入及原生中心接入；删除将改变完整截面或必要原生接入。实际连接已独立验证。,0fef3bae-a821-4f4e-b07a-2dd774e22c17,Final native DRC0; exact copper469 pads/track/via/branches; stage source hashes in accepted_sequence.json,
19fc3279-a6d1-4633-8f11-2d43d1bd6edd,+5V_CTRL,B.Cu,"[119500000, 89500000]","[119400000, 89400000]",350000,0.14142135623730953,strict,焊盘/过孔接入及原生中心接入,"['22909042-ac4d-48e3-80a8-0e8db63154a7', 'c97b62b9-c192-4433-bf23-14a72ee69517', 'ecdb6ee1-4e12-4699-9aa7-93395acef4ab', 'D9.2', '84a104a4-7886-4271-ba6a-88170eed2dfb', '1f7776c3-6ba9-470e-92eb-1f30ac2c392d']",['D9.2'],"['84a104a4-7886-4271-ba6a-88170eed2dfb', '1f7776c3-6ba9-470e-92eb-1f30ac2c392d']",0.0,冗余覆盖删除,原线段金属完整包含于其它同网显式铜内；最终焊盘、支路及导体连通重新验证。,1f7776c3-6ba9-470e-92eb-1f30ac2c392d,Final native DRC0; exact copper469 pads/track/via/branches; stage source hashes in accepted_sequence.json,6
22909042-ac4d-48e3-80a8-0e8db63154a7,+5V_CTRL,B.Cu,"[119000000, 89300000]","[119100000, 89300000]",350000,0.1,strict,焊盘/过孔接入及原生中心接入,"['c97b62b9-c192-4433-bf23-14a72ee69517', 'ecdb6ee1-4e12-4699-9aa7-93395acef4ab', '19fc3279-a6d1-4633-8f11-2d43d1bd6edd', 'D9.2', '1f7776c3-6ba9-470e-92eb-1f30ac2c392d', '2a5149cf-331e-4879-972a-9bcce0ea59fe', '3af1689d-648b-4710-8f8a-f5a72fc65abf', 'fa42eef1-5fc0-4c2c-9db3-1bf626d980bc']",['D9.2'],['1f7776c3-6ba9-470e-92eb-1f30ac2c392d'],0.0,冗余覆盖删除,原线段金属完整包含于其它同网显式铜内；最终焊盘、支路及导体连通重新验证。,1f7776c3-6ba9-470e-92eb-1f30ac2c392d,Final native DRC0; exact copper469 pads/track/via/branches; stage source hashes in accepted_sequence.json,6
2a5149cf-331e-4879-972a-9bcce0ea59fe,+5V_CTRL,B.Cu,"[118700000, 89100000]","[118800000, 89200000]",350000,0.14142135623730953,strict,焊盘/过孔接入及原生中心接入,"['22909042-ac4d-48e3-80a8-0e8db63154a7', 'c97b62b9-c192-4433-bf23-14a72ee69517', 'D9.2', 'a2c6a7bb-6526-430e-8f4e-02988bb9468f', '1f7776c3-6ba9-470e-92eb-1f30ac2c392d', 'bdfcfb9d-1942-49d6-a361-b3d729d48d84', '4a42097e-4e2a-4cc7-ab88-615432a9b9d4', '3c956888-7eba-4646-913e-9c1d9f8cbbdd', '3af1689d-648b-4710-8f8a-f5a72fc65abf', 'fa42eef1-5fc0-4c2c-9db3-1bf626d980bc']",['D9.2'],['1f7776c3-6ba9-470e-92eb-1f30ac2c392d'],0.0,冗余覆盖删除,原线段金属完整包含于其它同网显式铜内；最终焊盘、支路及导体连通重新验证。,1f7776c3-6ba9-470e-92eb-1f30ac2c392d;a2c6a7bb-6526-430e-8f4e-02988bb9468f,Final native DRC0; exact copper469 pads/track/via/branches; stage source hashes in accepted_sequence.json,6
3655e8a4-62a3-4da6-b143-f293523d324b,+5V_CTRL,B.Cu,"[168600000, 121400000]","[168500000, 121300000]",200000,0.14142135623730953,strict,焊盘/过孔接入及原生中心接入,"['d500e406-c58e-4217-8168-f6e5decd031f', '5008bb4e-06f0-42ec-b0b0-2bbc3fead2cd', 'U44.3', 'b976d8e3-c8ae-4323-b0be-ad12bbf66287', '47220515-4c97-4277-a936-3c16616c060a', '8fe7bc0e-a3bd-4b14-8593-d55034f78147', '863cda95-5088-4f4c-9302-c023b3d99dfc', 'd5209ada-0feb-4777-af15-dba0e949dc3e']",['U44.3'],[],0.0,冗余覆盖删除,原线段金属完整包含于其它同网显式铜内；最终焊盘、支路及导体连通重新验证。,863cda95-5088-4f4c-9302-c023b3d99dfc;d5209ada-0feb-4777-af15-dba0e949dc3e,Final native DRC0; exact copper469 pads/track/via/branches; stage source hashes in accepted_sequence.json,6
3af1689d-648b-4710-8f8a-f5a72fc65abf,+5V_CTRL,B.Cu,"[118800000, 89200000]","[118900000, 89200000]",350000,0.1,strict,焊盘/过孔接入及原生中心接入,"['22909042-ac4d-48e3-80a8-0e8db63154a7', 'c97b62b9-c192-4433-bf23-14a72ee69517', 'D9.2', '1f7776c3-6ba9-470e-92eb-1f30ac2c392d', '4a42097e-4e2a-4cc7-ab88-615432a9b9d4', '3c956888-7eba-4646-913e-9c1d9f8cbbdd', '2a5149cf-331e-4879-972a-9bcce0ea59fe', 'fa42eef1-5fc0-4c2c-9db3-1bf626d980bc']",['D9.2'],['1f7776c3-6ba9-470e-92eb-1f30ac2c392d'],0.0,冗余覆盖删除,原线段金属完整包含于其它同网显式铜内；最终焊盘、支路及导体连通重新验证。,1f7776c3-6ba9-470e-92eb-1f30ac2c392d,Final native DRC0; exact copper469 pads/track/via/branches; stage source hashes in accepted_sequence.json,6
3c956888-7eba-4646-913e-9c1d9f8cbbdd,+5V_CTRL,B.Cu,"[118600000, 89100000]","[118700000, 89100000]",350000,0.1,strict,焊盘/过孔接入及原生中心接入,"['D9.2', 'a2c6a7bb-6526-430e-8f4e-02988bb9468f', '1f7776c3-6ba9-470e-92eb-1f30ac2c392d', 'bdfcfb9d-1942-49d6-a361-b3d729d48d84', '4a42097e-4e2a-4cc7-ab88-615432a9b9d4', '2a5149cf-331e-4879-972a-9bcce0ea59fe', '3af1689d-648b-4710-8f8a-f5a72fc65abf', 'fa42eef1-5fc0-4c2c-9db3-1bf626d980bc']",['D9.2'],['1f7776c3-6ba9-470e-92eb-1f30ac2c392d'],0.0,冗余覆盖删除,原线段金属完整包含于其它同网显式铜内；最终焊盘、支路及导体连通重新验证。,1f7776c3-6ba9-470e-92eb-1f30ac2c392d;a2c6a7bb-6526-430e-8f4e-02988bb9468f,Final native DRC0; exact copper469 pads/track/via/branches; stage source hashes in accepted_sequence.json,6
4876f309-0831-40fb-a330-19133a9a3b7d,+5V_CTRL,B.Cu,"[105600000, 89400000]","[105700000, 89500000]",350000,0.14142135623730953,strict,焊盘/过孔接入及原生中心接入,"['36ab10ac-d3b0-4b00-aaa2-bc941ca10fe2', '3520524c-f440-4aba-8568-cfe5e7f4af3a']",['3520524c-f440-4aba-8568-cfe5e7f4af3a'],[],0.0324639931158096,保留,焊盘/过孔接入及原生中心接入；删除将改变完整截面或必要原生接入。实际连接已独立验证。,4876f309-0831-40fb-a330-19133a9a3b7d,Final native DRC0; exact copper469 pads/track/via/branches; stage source hashes in accepted_sequence.json,
4a42097e-4e2a-4cc7-ab88-615432a9b9d4,+5V_CTRL,B.Cu,"[118500000, 89000000]","[118600000, 89100000]",350000,0.14142135623730953,strict,焊盘/过孔接入及原生中心接入,"['D9.2', 'a2c6a7bb-6526-430e-8f4e-02988bb9468f', 'bdfcfb9d-1942-49d6-a361-b3d729d48d84', '3c956888-7eba-4646-913e-9c1d9f8cbbdd', '2a5149cf-331e-4879-972a-9bcce0ea59fe', '3af1689d-648b-4710-8f8a-f5a72fc65abf', 'fa42eef1-5fc0-4c2c-9db3-1bf626d980bc']",['D9.2'],[],0.0,冗余覆盖删除,原线段金属完整包含于其它同网显式铜内；最终焊盘、支路及导体连通重新验证。,a2c6a7bb-6526-430e-8f4e-02988bb9468f,Final native DRC0; exact copper469 pads/track/via/branches; stage source hashes in accepted_sequence.json,6
4f27e814-c51e-4262-9fce-c01dc7b48a29,+5V_CTRL,B.Cu,"[131400000, 113000000]","[131400000, 113100000]",200000,0.1,strict,焊盘/过孔接入及原生中心接入,"['7e015176-3104-44f2-ab7a-65edd6f50a69', '689a77dd-09ba-4093-b4e8-144baa2b747d', 'ea5c5c41-ca5f-40aa-961f-bb7d22bde075', 'R54.1']",['R54.1'],[],0.0,保留,焊盘/过孔接入及原生中心接入；删除将改变完整截面或必要原生接入。实际连接已独立验证。,4f27e814-c51e-4262-9fce-c01dc7b48a29,Final native DRC0; exact copper469 pads/track/via/branches; stage source hashes in accepted_sequence.json,
5008bb4e-06f0-42ec-b0b0-2bbc3fead2cd,+5V_CTRL,B.Cu,"[168300000, 121300000]","[168200000, 121200000]",200000,0.14142135623730953,strict,焊盘/过孔接入及原生中心接入,"['d500e406-c58e-4217-8168-f6e5decd031f', 'dbb61488-d57c-4336-8c5a-a85b75c5c3fa', 'U44.3', 'b976d8e3-c8ae-4323-b0be-ad12bbf66287', '3655e8a4-62a3-4da6-b143-f293523d324b']",['U44.3'],[],0.0,冗余覆盖删除,原线段金属完整包含于其它同网显式铜内；最终焊盘、支路及导体连通重新验证。,无新轨迹；见保留焊盘铜联系人,Final native DRC0; exact copper469 pads/track/via/branches; stage source hashes in accepted_sequence.json,6
5ffac3c5-292e-44fe-8225-38bb1b8dc1a7,+5V_CTRL,B.Cu,"[131500000, 113400000]","[131600000, 113500000]",200000,0.14142135623730953,strict,焊盘/过孔接入及原生中心接入,"['689a77dd-09ba-4093-b4e8-144baa2b747d', 'ea5c5c41-ca5f-40aa-961f-bb7d22bde075', 'R54.1', '7e31cb6d-c211-4383-8c71-41d617535439', 'b6a560b6-3386-40b3-9a97-546c4d111263']",['R54.1'],[],0.0,冗余覆盖删除,原线段金属完整包含于其它同网显式铜内；最终焊盘、支路及导体连通重新验证。,无新轨迹；见保留焊盘铜联系人,Final native DRC0; exact copper469 pads/track/via/branches; stage source hashes in accepted_sequence.json,6
689a77dd-09ba-4093-b4e8-144baa2b747d,+5V_CTRL,B.Cu,"[131400000, 113100000]","[131500000, 113200000]",200000,0.14142135623730953,strict,焊盘/过孔接入及原生中心接入,"['7e015176-3104-44f2-ab7a-65edd6f50a69', '4f27e814-c51e-4262-9fce-c01dc7b48a29', 'ea5c5c41-ca5f-40aa-961f-bb7d22bde075', 'R54.1', '5ffac3c5-292e-44fe-8225-38bb1b8dc1a7']",['R54.1'],[],0.0,冗余覆盖删除,原线段金属完整包含于其它同网显式铜内；最终焊盘、支路及导体连通重新验证。,4f27e814-c51e-4262-9fce-c01dc7b48a29;7e015176-3104-44f2-ab7a-65edd6f50a69,Final native DRC0; exact copper469 pads/track/via/branches; stage source hashes in accepted_sequence.json,6
7e31cb6d-c211-4383-8c71-41d617535439,+5V_CTRL,B.Cu,"[131600000, 113400000]","[131699999, 113300000]",200000,0.1414206491322961,strict,焊盘/过孔接入及原生中心接入,"['ea5c5c41-ca5f-40aa-961f-bb7d22bde075', 'bb425d88-84e9-4524-8c26-1f5d5b2bf4e9', 'R54.1', '5ffac3c5-292e-44fe-8225-38bb1b8dc1a7', 'b6a560b6-3386-40b3-9a97-546c4d111263']",['R54.1'],[],0.0,冗余覆盖删除,原线段金属完整包含于其它同网显式铜内；最终焊盘、支路及导体连通重新验证。,无新轨迹；见保留焊盘铜联系人,Final native DRC0; exact copper469 pads/track/via/branches; stage source hashes in accepted_sequence.json,6
8fe7bc0e-a3bd-4b14-8593-d55034f78147,+5V_CTRL,B.Cu,"[168700000, 121400000]","[168600000, 121400000]",200000,0.1,strict,焊盘/过孔接入及原生中心接入,"['U44.3', 'b976d8e3-c8ae-4323-b0be-ad12bbf66287', '47220515-4c97-4277-a936-3c16616c060a', '3655e8a4-62a3-4da6-b143-f293523d324b', '863cda95-5088-4f4c-9302-c023b3d99dfc', 'd5209ada-0feb-4777-af15-dba0e949dc3e', 'e303e524-8ac9-4bf9-8ffe-e624852452d4']",['U44.3'],[],0.0,冗余覆盖删除,原线段金属完整包含于其它同网显式铜内；最终焊盘、支路及导体连通重新验证。,863cda95-5088-4f4c-9302-c023b3d99dfc;d5209ada-0feb-4777-af15-dba0e949dc3e;e303e524-8ac9-4bf9-8ffe-e624852452d4,Final native DRC0; exact copper469 pads/track/via/branches; stage source hashes in accepted_sequence.json,6
92b786fc-2c68-4b5f-a95a-2c5cb8800dd2,+5V_CTRL,B.Cu,"[122202600, 81443300]","[122283700, 81524400]",250000,0.114692719908458,strict,焊盘/过孔接入及原生中心接入,"['d687d928-a799-4f5c-b48f-65af99be252e', '058efb7d-dd32-42c2-b81d-f567cec1d132']",['058efb7d-dd32-42c2-b81d-f567cec1d132'],[],0.028302044425797118,保留,焊盘/过孔接入及原生中心接入；删除将改变完整截面或必要原生接入。实际连接已独立验证。,92b786fc-2c68-4b5f-a95a-2c5cb8800dd2,Final native DRC0; exact copper469 pads/track/via/branches; stage source hashes in accepted_sequence.json,
b6a560b6-3386-40b3-9a97-546c4d111263,+5V_CTRL,B.Cu,"[131600000, 113500000]","[131600000, 113400000]",200000,0.1,strict,焊盘/过孔接入及原生中心接入,"['ea5c5c41-ca5f-40aa-961f-bb7d22bde075', 'bb425d88-84e9-4524-8c26-1f5d5b2bf4e9', 'R54.1', '7e31cb6d-c211-4383-8c71-41d617535439', '5ffac3c5-292e-44fe-8225-38bb1b8dc1a7']",['R54.1'],[],0.0,冗余覆盖删除,原线段金属完整包含于其它同网显式铜内；最终焊盘、支路及导体连通重新验证。,无新轨迹；见保留焊盘铜联系人,Final native DRC0; exact copper469 pads/track/via/branches; stage source hashes in accepted_sequence.json,6
bb425d88-84e9-4524-8c26-1f5d5b2bf4e9,+5V_CTRL,B.Cu,"[131699999, 113300000]","[131750000, 113325000]",200000,0.05590259386647457,strict,焊盘/过孔接入及原生中心接入,"['ea5c5c41-ca5f-40aa-961f-bb7d22bde075', 'R54.1', '7e31cb6d-c211-4383-8c71-41d617535439', 'b6a560b6-3386-40b3-9a97-546c4d111263']",['R54.1'],[],0.0,冗余覆盖删除,原线段金属完整包含于其它同网显式铜内；最终焊盘、支路及导体连通重新验证。,无新轨迹；见保留焊盘铜联系人,Final native DRC0; exact copper469 pads/track/via/branches; stage source hashes in accepted_sequence.json,6
bdfcfb9d-1942-49d6-a361-b3d729d48d84,+5V_CTRL,B.Cu,"[118400000, 89000000]","[118500000, 89000000]",350000,0.1,strict,焊盘/过孔接入及原生中心接入,"['D9.2', 'a2c6a7bb-6526-430e-8f4e-02988bb9468f', '4a42097e-4e2a-4cc7-ab88-615432a9b9d4', '3c956888-7eba-4646-913e-9c1d9f8cbbdd', '2a5149cf-331e-4879-972a-9bcce0ea59fe']",['D9.2'],[],0.0,冗余覆盖删除,原线段金属完整包含于其它同网显式铜内；最终焊盘、支路及导体连通重新验证。,a2c6a7bb-6526-430e-8f4e-02988bb9468f,Final native DRC0; exact copper469 pads/track/via/branches; stage source hashes in accepted_sequence.json,6
c97b62b9-c192-4433-bf23-14a72ee69517,+5V_CTRL,B.Cu,"[119100000, 89300000]","[119200000, 89400000]",350000,0.14142135623730953,strict,焊盘/过孔接入及原生中心接入,"['22909042-ac4d-48e3-80a8-0e8db63154a7', 'ecdb6ee1-4e12-4699-9aa7-93395acef4ab', '19fc3279-a6d1-4633-8f11-2d43d1bd6edd', 'D9.2', '1f7776c3-6ba9-470e-92eb-1f30ac2c392d', '2a5149cf-331e-4879-972a-9bcce0ea59fe', '3af1689d-648b-4710-8f8a-f5a72fc65abf', 'fa42eef1-5fc0-4c2c-9db3-1bf626d980bc']",['D9.2'],['1f7776c3-6ba9-470e-92eb-1f30ac2c392d'],0.0,冗余覆盖删除,原线段金属完整包含于其它同网显式铜内；最终焊盘、支路及导体连通重新验证。,1f7776c3-6ba9-470e-92eb-1f30ac2c392d,Final native DRC0; exact copper469 pads/track/via/branches; stage source hashes in accepted_sequence.json,6
d5209ada-0feb-4777-af15-dba0e949dc3e,+5V_CTRL,B.Cu,"[168800000, 121500000]","[168700000, 121400000]",200000,0.14142135623730953,strict,焊盘/过孔接入及原生中心接入,"['U44.3', '47220515-4c97-4277-a936-3c16616c060a', '3655e8a4-62a3-4da6-b143-f293523d324b', '8fe7bc0e-a3bd-4b14-8593-d55034f78147', '863cda95-5088-4f4c-9302-c023b3d99dfc', 'e303e524-8ac9-4bf9-8ffe-e624852452d4']",['U44.3'],[],3.51310759852851e-05,保留,焊盘/过孔接入及原生中心接入；删除将改变完整截面或必要原生接入。实际连接已独立验证。,d5209ada-0feb-4777-af15-dba0e949dc3e,Final native DRC0; exact copper469 pads/track/via/branches; stage source hashes in accepted_sequence.json,
dbb61488-d57c-4336-8c5a-a85b75c5c3fa,+5V_CTRL,B.Cu,"[168200000, 121200000]","[168187500, 121250000]",200000,0.05153882032022076,strict,焊盘/过孔接入及原生中心接入,"['d500e406-c58e-4217-8168-f6e5decd031f', '5008bb4e-06f0-42ec-b0b0-2bbc3fead2cd', 'U44.3', 'b976d8e3-c8ae-4323-b0be-ad12bbf66287']",['U44.3'],[],0.0,冗余覆盖删除,原线段金属完整包含于其它同网显式铜内；最终焊盘、支路及导体连通重新验证。,无新轨迹；见保留焊盘铜联系人,Final native DRC0; exact copper469 pads/track/via/branches; stage source hashes in accepted_sequence.json,6
fa42eef1-5fc0-4c2c-9db3-1bf626d980bc,+5V_CTRL,B.Cu,"[118900000, 89200000]","[119000000, 89300000]",350000,0.14142135623730953,strict,焊盘/过孔接入及原生中心接入,"['22909042-ac4d-48e3-80a8-0e8db63154a7', 'c97b62b9-c192-4433-bf23-14a72ee69517', 'ecdb6ee1-4e12-4699-9aa7-93395acef4ab', 'D9.2', '1f7776c3-6ba9-470e-92eb-1f30ac2c392d', '4a42097e-4e2a-4cc7-ab88-615432a9b9d4', '3c956888-7eba-4646-913e-9c1d9f8cbbdd', '2a5149cf-331e-4879-972a-9bcce0ea59fe', '3af1689d-648b-4710-8f8a-f5a72fc65abf']",['D9.2'],['1f7776c3-6ba9-470e-92eb-1f30ac2c392d'],0.0,冗余覆盖删除,原线段金属完整包含于其它同网显式铜内；最终焊盘、支路及导体连通重新验证。,1f7776c3-6ba9-470e-92eb-1f30ac2c392d,Final native DRC0; exact copper469 pads/track/via/branches; stage source hashes in accepted_sequence.json,6
0106426d-eaac-4f69-9c8c-768c83ed9128,+3V3,F.Cu,"[149538000, 73848000]","[149513000, 73748000]",200000,0.10307764064044152,strict,拐角或中途侧接的连续足宽铜,"['d35640eb-130e-48cd-bae0-6d1906973d53', '61f9ac34-1bd4-4011-ace4-10bf83a20fba']",[],[],0.0008964720279733414,局部重布替换,按电源/逻辑/接口组替换；宽度、原有侧接、去耦和回流经阶段及最终检查。,无新轨迹；见保留焊盘铜联系人,Final native DRC0; exact copper469 pads/track/via/branches; stage source hashes in accepted_sequence.json,3
13401023-ebb6-4059-b1d3-c2879206e939,+3V3,F.Cu,"[145488000, 76273000]","[145488000, 76223000]",200000,0.05,strict,焊盘/过孔接入及原生中心接入,"['71bafc2e-a056-4148-bb41-98ff23a5b931', 'd9c1b25d-f0df-42f1-838e-b6d796dbd56f', 'C35.1']",['C35.1'],[],0.022394866361880202,局部重布替换,按电源/逻辑/接口组替换；宽度、原有侧接、去耦和回流经阶段及最终检查。,2c147334-5e92-4103-9a32-157f48152fe8,Final native DRC0; exact copper469 pads/track/via/branches; stage source hashes in accepted_sequence.json,3
409ce3ed-c5a9-498e-b15c-03f2e19e9ac0,+3V3,F.Cu,"[160000000, 103900000]","[160000000, 104000000]",200000,0.1,strict,焊盘/过孔接入及原生中心接入,"['42c90d83-483e-4a91-a65b-181fe703d15d', '0e484792-8327-4f72-a855-261bad140129']",['0e484792-8327-4f72-a855-261bad140129'],[],0.019784460939933184,保留,焊盘/过孔接入及原生中心接入；删除将改变完整截面或必要原生接入。实际连接已独立验证。,409ce3ed-c5a9-498e-b15c-03f2e19e9ac0,Final native DRC0; exact copper469 pads/track/via/branches; stage source hashes in accepted_sequence.json,
4e7e5f84-1345-4294-93c1-5dbafc86eb7c,+3V3,F.Cu,"[165900000, 98800000]","[166000000, 98700000]",200000,0.14142135623730953,strict,焊盘/过孔接入及原生中心接入,"['9d495da9-6505-474e-87e5-1a3adf779691', 'f1832a8b-ca0e-404c-986a-9f9be79e1ee7']",['9d495da9-6505-474e-87e5-1a3adf779691'],[],0.028031655467495052,保留,焊盘/过孔接入及原生中心接入；删除将改变完整截面或必要原生接入。实际连接已独立验证。,4e7e5f84-1345-4294-93c1-5dbafc86eb7c,Final native DRC0; exact copper469 pads/track/via/branches; stage source hashes in accepted_sequence.json,
600919c6-d98d-4e60-8495-05c7b78512c2,+3V3,F.Cu,"[152613000, 77873000]","[152613000, 77973000]",200000,0.1,strict,拐角或中途侧接的连续足宽铜,"['9775670b-a311-4eb5-9e09-a64b907d1be8', '380aea10-4f74-47a7-84c7-fc015ce04341']",[],[],0.024553789835154327,保留,拐角或中途侧接的连续足宽铜；删除将改变完整截面或必要原生接入。实际连接已独立验证。,600919c6-d98d-4e60-8495-05c7b78512c2,Final native DRC0; exact copper469 pads/track/via/branches; stage source hashes in accepted_sequence.json,
81f12e1e-ccd2-41d7-8ef8-86635d4583a1,+3V3,F.Cu,"[171638000, 107698000]","[171638000, 107748000]",200000,0.05,strict,焊盘/过孔接入及原生中心接入,"['bb4c61b0-3705-4fee-86a0-49eab4f6f9d5', '70460b1a-2429-4fdc-a032-e6d0351c5704', 'a8f81ede-f404-4932-a8b5-89aba393d24f', 'de1b264a-7974-4730-b2d5-17bf626317a6', '9038f1d4-21f3-42c9-84d2-aa53f4fec96c', 'a58c8185-67e4-42d7-9319-242444d22b75', 'C26.1']",['C26.1'],"['70460b1a-2429-4fdc-a032-e6d0351c5704', 'a8f81ede-f404-4932-a8b5-89aba393d24f', '9038f1d4-21f3-42c9-84d2-aa53f4fec96c']",0.0,冗余覆盖删除,原线段金属完整包含于其它同网显式铜内；最终焊盘、支路及导体连通重新验证。,70460b1a-2429-4fdc-a032-e6d0351c5704;9038f1d4-21f3-42c9-84d2-aa53f4fec96c;a58c8185-67e4-42d7-9319-242444d22b75;a8f81ede-f404-4932-a8b5-89aba393d24f,Final native DRC0; exact copper469 pads/track/via/branches; stage source hashes in accepted_sequence.json,6
8f8cc759-6fa4-4615-b35b-71db7b3762d3,+3V3,F.Cu,"[164906600, 102346200]","[164900000, 102300000]",200000,0.04666904755831214,strict,线宽过渡/铜颈,"['e7a4f55a-a702-40ee-9788-032d0009f2a2', '9fcba95e-acbf-434a-b4bc-58e5a17b2949', 'b2522285-ca8d-45bf-b18a-d99957c7a5d3']",[],['b2522285-ca8d-45bf-b18a-d99957c7a5d3'],6.318059095431967e-08,保留,线宽过渡/铜颈；删除将改变完整截面或必要原生接入。实际连接已独立验证。,8f8cc759-6fa4-4615-b35b-71db7b3762d3,Final native DRC0; exact copper469 pads/track/via/branches; stage source hashes in accepted_sequence.json,
9038f1d4-21f3-42c9-84d2-aa53f4fec96c,+3V3,F.Cu,"[171638000, 107698000]","[171638000, 107748000]",250000,0.05,strict,焊盘/过孔接入及原生中心接入,"['bb4c61b0-3705-4fee-86a0-49eab4f6f9d5', '70460b1a-2429-4fdc-a032-e6d0351c5704', 'a8f81ede-f404-4932-a8b5-89aba393d24f', 'de1b264a-7974-4730-b2d5-17bf626317a6', '81f12e1e-ccd2-41d7-8ef8-86635d4583a1', 'a58c8185-67e4-42d7-9319-242444d22b75', 'C26.1']",['C26.1'],"['bb4c61b0-3705-4fee-86a0-49eab4f6f9d5', 'de1b264a-7974-4730-b2d5-17bf626317a6', '81f12e1e-ccd2-41d7-8ef8-86635d4583a1', 'a58c8185-67e4-42d7-9319-242444d22b75']",0.003017443436485907,保留,焊盘/过孔接入及原生中心接入；删除将改变完整截面或必要原生接入。实际连接已独立验证。,9038f1d4-21f3-42c9-84d2-aa53f4fec96c,Final native DRC0; exact copper469 pads/track/via/branches; stage source hashes in accepted_sequence.json,
96aee235-7578-4771-b9a8-e8510be60373,+3V3,F.Cu,"[157163000, 78248000]","[157138000, 78248000]",200000,0.025,strict,拐角或中途侧接的连续足宽铜,"['c56be162-5d9a-4c6b-9d3b-adb172a4c7c7', '35bc2ac5-e2f3-47c5-81f6-5f8ec69dc73f']",[],[],0.004793075157511327,保留,拐角或中途侧接的连续足宽铜；删除将改变完整截面或必要原生接入。实际连接已独立验证。,96aee235-7578-4771-b9a8-e8510be60373,Final native DRC0; exact copper469 pads/track/via/branches; stage source hashes in accepted_sequence.json,
9d395a76-01e9-46fd-9abe-c514d21d9e72,+3V3,F.Cu,"[184000000, 97300000]","[183950000, 97300000]",200000,0.05,strict,焊盘/过孔接入及原生中心接入,"['6d07b80f-495c-4d50-9232-9e2f1ee04b89', '57667c6a-913c-49d6-aac2-0111d3506f03']",['6d07b80f-495c-4d50-9232-9e2f1ee04b89'],['57667c6a-913c-49d6-aac2-0111d3506f03'],0.003028778407808427,保留,焊盘/过孔接入及原生中心接入；删除将改变完整截面或必要原生接入。实际连接已独立验证。,9d395a76-01e9-46fd-9abe-c514d21d9e72,Final native DRC0; exact copper469 pads/track/via/branches; stage source hashes in accepted_sequence.json,
9fcba95e-acbf-434a-b4bc-58e5a17b2949,+3V3,F.Cu,"[164900000, 102300000]","[165000000, 102200000]",200000,0.14142135623730953,strict,焊盘/过孔接入及原生中心接入,"['e7a4f55a-a702-40ee-9788-032d0009f2a2', '8f8cc759-6fa4-4615-b35b-71db7b3762d3', 'f4a74621-cd2f-4841-be76-8a4f3e06a184', 'b2522285-ca8d-45bf-b18a-d99957c7a5d3']",['f4a74621-cd2f-4841-be76-8a4f3e06a184'],['b2522285-ca8d-45bf-b18a-d99957c7a5d3'],0.0005051085580932333,保留,焊盘/过孔接入及原生中心接入；删除将改变完整截面或必要原生接入。实际连接已独立验证。,9fcba95e-acbf-434a-b4bc-58e5a17b2949,Final native DRC0; exact copper469 pads/track/via/branches; stage source hashes in accepted_sequence.json,
a58c8185-67e4-42d7-9319-242444d22b75,+3V3,F.Cu,"[171638000, 107748000]","[171663000, 107773000]",200000,0.03535533905932738,strict,焊盘/过孔接入及原生中心接入,"['bb4c61b0-3705-4fee-86a0-49eab4f6f9d5', '70460b1a-2429-4fdc-a032-e6d0351c5704', 'a8f81ede-f404-4932-a8b5-89aba393d24f', 'de1b264a-7974-4730-b2d5-17bf626317a6', '81f12e1e-ccd2-41d7-8ef8-86635d4583a1', '9038f1d4-21f3-42c9-84d2-aa53f4fec96c', 'C26.1']",['C26.1'],"['70460b1a-2429-4fdc-a032-e6d0351c5704', 'a8f81ede-f404-4932-a8b5-89aba393d24f', '9038f1d4-21f3-42c9-84d2-aa53f4fec96c']",2.062079024058944e-05,保留,焊盘/过孔接入及原生中心接入；删除将改变完整截面或必要原生接入。实际连接已独立验证。,a58c8185-67e4-42d7-9319-242444d22b75,Final native DRC0; exact copper469 pads/track/via/branches; stage source hashes in accepted_sequence.json,
a8f81ede-f404-4932-a8b5-89aba393d24f,+3V3,F.Cu,"[171638000, 107698000]","[171588000, 107598000]",250000,0.11180339887498948,strict,焊盘/过孔接入及原生中心接入,"['bb4c61b0-3705-4fee-86a0-49eab4f6f9d5', '70460b1a-2429-4fdc-a032-e6d0351c5704', 'de1b264a-7974-4730-b2d5-17bf626317a6', '81f12e1e-ccd2-41d7-8ef8-86635d4583a1', '9038f1d4-21f3-42c9-84d2-aa53f4fec96c', 'a58c8185-67e4-42d7-9319-242444d22b75', 'C26.1']",['C26.1'],"['bb4c61b0-3705-4fee-86a0-49eab4f6f9d5', 'de1b264a-7974-4730-b2d5-17bf626317a6', '81f12e1e-ccd2-41d7-8ef8-86635d4583a1', 'a58c8185-67e4-42d7-9319-242444d22b75']",0.0008846202474304068,保留,焊盘/过孔接入及原生中心接入；删除将改变完整截面或必要原生接入。实际连接已独立验证。,a8f81ede-f404-4932-a8b5-89aba393d24f,Final native DRC0; exact copper469 pads/track/via/branches; stage source hashes in accepted_sequence.json,
c56be162-5d9a-4c6b-9d3b-adb172a4c7c7,+3V3,F.Cu,"[157138000, 78248000]","[157038000, 78348000]",200000,0.14142135623730953,strict,焊盘/过孔接入及原生中心接入,"['2871043b-ef41-488f-a3ba-5f7dfd2d0fe0', '96aee235-7578-4771-b9a8-e8510be60373', '35bc2ac5-e2f3-47c5-81f6-5f8ec69dc73f']",['2871043b-ef41-488f-a3ba-5f7dfd2d0fe0'],[],0.00198521347156351,保留,焊盘/过孔接入及原生中心接入；删除将改变完整截面或必要原生接入。实际连接已独立验证。,c56be162-5d9a-4c6b-9d3b-adb172a4c7c7,Final native DRC0; exact copper469 pads/track/via/branches; stage source hashes in accepted_sequence.json,
de1b264a-7974-4730-b2d5-17bf626317a6,+3V3,F.Cu,"[171638000, 107698000]","[171588000, 107598000]",200000,0.11180339887498948,strict,焊盘/过孔接入及原生中心接入,"['bb4c61b0-3705-4fee-86a0-49eab4f6f9d5', '70460b1a-2429-4fdc-a032-e6d0351c5704', 'a8f81ede-f404-4932-a8b5-89aba393d24f', '81f12e1e-ccd2-41d7-8ef8-86635d4583a1', '9038f1d4-21f3-42c9-84d2-aa53f4fec96c', 'a58c8185-67e4-42d7-9319-242444d22b75', 'C26.1']",['C26.1'],"['70460b1a-2429-4fdc-a032-e6d0351c5704', 'a8f81ede-f404-4932-a8b5-89aba393d24f', '9038f1d4-21f3-42c9-84d2-aa53f4fec96c']",0.0,冗余覆盖删除,原线段金属完整包含于其它同网显式铜内；最终焊盘、支路及导体连通重新验证。,70460b1a-2429-4fdc-a032-e6d0351c5704;9038f1d4-21f3-42c9-84d2-aa53f4fec96c;a58c8185-67e4-42d7-9319-242444d22b75;a8f81ede-f404-4932-a8b5-89aba393d24f,Final native DRC0; exact copper469 pads/track/via/branches; stage source hashes in accepted_sequence.json,6
e7a4f55a-a702-40ee-9788-032d0009f2a2,+3V3,F.Cu,"[165000000, 102200000]","[165000000, 102100000]",200000,0.1,strict,焊盘/过孔接入及原生中心接入,"['9fcba95e-acbf-434a-b4bc-58e5a17b2949', '8f8cc759-6fa4-4615-b35b-71db7b3762d3', 'f4a74621-cd2f-4841-be76-8a4f3e06a184', 'b2522285-ca8d-45bf-b18a-d99957c7a5d3']",['f4a74621-cd2f-4841-be76-8a4f3e06a184'],['b2522285-ca8d-45bf-b18a-d99957c7a5d3'],0.017802168815248848,保留,焊盘/过孔接入及原生中心接入；删除将改变完整截面或必要原生接入。实际连接已独立验证。,e7a4f55a-a702-40ee-9788-032d0009f2a2,Final native DRC0; exact copper469 pads/track/via/branches; stage source hashes in accepted_sequence.json,
efdda208-0935-4184-8867-6f684d25cd04,+3V3,F.Cu,"[151526800, 96674600]","[151544100, 96674600]",250000,0.0173,strict,拐角或中途侧接的连续足宽铜,"['780b78dc-fe09-493c-a2a2-68549a83f9ae', '4c1dc68b-b440-464a-9741-030d51330873']",[],[],0.0,保留,拐角或中途侧接的连续足宽铜；删除将改变完整截面或必要原生接入。实际连接已独立验证。,efdda208-0935-4184-8867-6f684d25cd04,Final native DRC0; exact copper469 pads/track/via/branches; stage source hashes in accepted_sequence.json,
0007c6fc-6534-4154-92d5-5683bd2b6de5,+3V3,B.Cu,"[177000000, 100462500]","[177000000, 100500000]",250000,0.0375,strict,焊盘/过孔接入及原生中心接入,"['R32.1', '5ea4a514-e61d-4e02-9170-55fee204e1cb', 'b2006014-5b84-4ca6-af23-00dbb0b79745', 'a2b0565a-07e2-44d3-bc33-29aac1ebf8a9']",['R32.1'],['b2006014-5b84-4ca6-af23-00dbb0b79745'],0.0,冗余覆盖删除,原线段金属完整包含于其它同网显式铜内；最终焊盘、支路及导体连通重新验证。,5ea4a514-e61d-4e02-9170-55fee204e1cb;a2b0565a-07e2-44d3-bc33-29aac1ebf8a9;b2006014-5b84-4ca6-af23-00dbb0b79745,Final native DRC0; exact copper469 pads/track/via/branches; stage source hashes in accepted_sequence.json,6
055fa69c-53a3-4c5a-99e9-4cc93fd73caf,+3V3,B.Cu,"[140900000, 96400000]","[140862500, 96450000]",200000,0.0625,strict,焊盘/过孔接入及原生中心接入,"['5d78b5a0-f26a-4498-b0d3-6fc0b3602ea3', 'U40.14', '77081368-503d-43ef-90bf-756b6175f9dc', 'fef65eb1-f11f-4abe-84f0-5101db576fdc']",['U40.14'],[],0.0,冗余覆盖删除,原线段金属完整包含于其它同网显式铜内；最终焊盘、支路及导体连通重新验证。,5d78b5a0-f26a-4498-b0d3-6fc0b3602ea3;77081368-503d-43ef-90bf-756b6175f9dc;fef65eb1-f11f-4abe-84f0-5101db576fdc,Final native DRC0; exact copper469 pads/track/via/branches; stage source hashes in accepted_sequence.json,6
06cf5808-9894-4087-90d0-1c36fbef4615,+3V3,B.Cu,"[119388800, 112000000]","[119388800, 112001100]",250000,0.0011,strict,拐角或中途侧接的连续足宽铜,"['bfe21843-3bd4-4231-bbd9-654f78e33245', 'a0942bff-2c7c-40ff-8c6e-0c44c2f9b3a5']",[],[],2.408382243141233e-05,保留,拐角或中途侧接的连续足宽铜；删除将改变完整截面或必要原生接入。实际连接已独立验证。,06cf5808-9894-4087-90d0-1c36fbef4615,Final native DRC0; exact copper469 pads/track/via/branches; stage source hashes in accepted_sequence.json,
0d043579-7324-4e4d-88db-59cfc0d7d51a,+3V3,B.Cu,"[154162500, 124225000]","[154200000, 124200000]",200000,0.04506939094329986,strict,焊盘/过孔接入及原生中心接入,"['db9b7924-c71a-4bfc-a57c-cff79133a910', 'C27.1']",['C27.1'],[],0.0,冗余覆盖删除,原线段金属完整包含于其它同网显式铜内；最终焊盘、支路及导体连通重新验证。,db9b7924-c71a-4bfc-a57c-cff79133a910,Final native DRC0; exact copper469 pads/track/via/branches; stage source hashes in accepted_sequence.json,6
0d70354f-be1a-4f18-b819-d37e2827e96e,+3V3,B.Cu,"[181100000, 107800000]","[181000000, 107800000]",200000,0.1,strict,焊盘/过孔接入及原生中心接入,"['066d4d5d-ef73-4903-82cc-9640a574e8ec', 'c721fb12-577e-40bb-ab4d-3334ecb53aff', 'c3b4a5de-7864-47f8-a0c6-5c89474d6b88', 'C28.1']",['C28.1'],[],0.0,冗余覆盖删除,原线段金属完整包含于其它同网显式铜内；最终焊盘、支路及导体连通重新验证。,066d4d5d-ef73-4903-82cc-9640a574e8ec,Final native DRC0; exact copper469 pads/track/via/branches; stage source hashes in accepted_sequence.json,6
1367bf15-b467-426d-bbec-fa2365eadec8,+3V3,B.Cu,"[159900000, 103900000]","[159862500, 103950000]",200000,0.0625,strict,焊盘/过孔接入及原生中心接入,"['e57b7f79-12c1-45db-bfb1-c977d826d1f4', '61994c5d-6044-4d3d-925d-aa6939311a62', 'U35.14', '8ab343fd-f4b8-4f7b-87fc-ed01947274fe', '0e484792-8327-4f72-a855-261bad140129']","['U35.14', '0e484792-8327-4f72-a855-261bad140129']",['61994c5d-6044-4d3d-925d-aa6939311a62'],0.0,冗余覆盖删除,原线段金属完整包含于其它同网显式铜内；最终焊盘、支路及导体连通重新验证。,0e484792-8327-4f72-a855-261bad140129;61994c5d-6044-4d3d-925d-aa6939311a62;8ab343fd-f4b8-4f7b-87fc-ed01947274fe;e57b7f79-12c1-45db-bfb1-c977d826d1f4,Final native DRC0; exact copper469 pads/track/via/branches; stage source hashes in accepted_sequence.json,6
15330a8a-bf29-4b7f-b46e-0795a837e6ee,+3V3,B.Cu,"[154800000, 122500000]","[154900000, 122400000]",200000,0.14142135623730953,strict,焊盘/过孔接入及原生中心接入,"['898caea0-4306-49a1-a1fd-26112edccc29', 'U37.14', 'db9b7924-c71a-4bfc-a57c-cff79133a910', '33ea951f-8b14-40f7-89c1-0b177067db6c']",['U37.14'],['33ea951f-8b14-40f7-89c1-0b177067db6c'],0.0,冗余覆盖删除,原线段金属完整包含于其它同网显式铜内；最终焊盘、支路及导体连通重新验证。,33ea951f-8b14-40f7-89c1-0b177067db6c;db9b7924-c71a-4bfc-a57c-cff79133a910,Final native DRC0; exact copper469 pads/track/via/branches; stage source hashes in accepted_sequence.json,6
1f338b02-fe09-4ff3-966a-1d94c914e3d8,+3V3,B.Cu,"[171000000, 107000000]","[170900000, 106900000]",200000,0.14142135623730953,strict,焊盘/过孔接入及原生中心接入,"['aebc1282-9ac1-424b-bfdf-e0561a6618b8', '6d7f38f6-c42c-4725-a55a-be36128bc7df', 'U36.14', '934fcae7-4678-4ee3-aa11-7d616201b72d']","['U36.14', '934fcae7-4678-4ee3-aa11-7d616201b72d']",['6d7f38f6-c42c-4725-a55a-be36128bc7df'],0.0,保留,焊盘/过孔接入及原生中心接入；删除将改变完整截面或必要原生接入。实际连接已独立验证。,1f338b02-fe09-4ff3-966a-1d94c914e3d8,Final native DRC0; exact copper469 pads/track/via/branches; stage source hashes in accepted_sequence.json,
4ec35689-2339-4022-8b14-d08a56f5e3c4,+3V3,B.Cu,"[166000000, 98700000]","[166000000, 98800000]",200000,0.1,strict,焊盘/过孔接入及原生中心接入,"['9d495da9-6505-474e-87e5-1a3adf779691', 'dbb3aa69-642b-4c53-a353-c24830552109']",['9d495da9-6505-474e-87e5-1a3adf779691'],[],0.019784460939933114,保留,焊盘/过孔接入及原生中心接入；删除将改变完整截面或必要原生接入。实际连接已独立验证。,4ec35689-2339-4022-8b14-d08a56f5e3c4,Final native DRC0; exact copper469 pads/track/via/branches; stage source hashes in accepted_sequence.json,
508c43ea-2f9c-4d63-96a8-c7b85221856b,+3V3,B.Cu,"[125275000, 88687500]","[125300000, 88700000]",200000,0.02795084971874737,strict,焊盘/过孔接入及原生中心接入,"['C32.1', '3850caf0-fe18-46ee-9abd-8ec067334489']",['C32.1'],[],0.0,冗余覆盖删除,原线段金属完整包含于其它同网显式铜内；最终焊盘、支路及导体连通重新验证。,3850caf0-fe18-46ee-9abd-8ec067334489,Final native DRC0; exact copper469 pads/track/via/branches; stage source hashes in accepted_sequence.json,6
645afeee-3c22-4b80-b560-8d73451ec251,+3V3,B.Cu,"[162900000, 102300000]","[162900000, 102200000]",200000,0.1,strict,焊盘/过孔接入及原生中心接入,"['afd9eb9e-a5cf-426c-875c-b359f9a62b7b', '3852ddcf-2d33-4206-aad6-4a1ac0c99927', 'b35493d5-3f16-4b12-9200-42758b8dbcef', 'cae7ee93-5f38-4765-b44b-d3a79d7fddfb', 'f6ea5f9a-5cd6-4557-90fd-11e66463f00c', '9cf88601-34cf-47e1-8844-0f7313afd13b', 'C25.1']","['cae7ee93-5f38-4765-b44b-d3a79d7fddfb', 'C25.1']",[],0.0,保留,焊盘/过孔接入及原生中心接入；删除将改变完整截面或必要原生接入。实际连接已独立验证。,645afeee-3c22-4b80-b560-8d73451ec251,Final native DRC0; exact copper469 pads/track/via/branches; stage source hashes in accepted_sequence.json,
797c1d70-94ea-488b-8a3e-fda61ecfb7f2,+3V3,B.Cu,"[142937600, 93096100]","[142937600, 93123300]",250000,0.0272,strict,焊盘/过孔接入及原生中心接入,"['8877ccf5-df42-4e6f-9aab-00e6f58aaf97', '62cc0253-3d85-46a4-b9eb-3de9fa0fc014']",['8877ccf5-df42-4e6f-9aab-00e6f58aaf97'],[],0.002540752345858731,保留,焊盘/过孔接入及原生中心接入；删除将改变完整截面或必要原生接入。实际连接已独立验证。,797c1d70-94ea-488b-8a3e-fda61ecfb7f2,Final native DRC0; exact copper469 pads/track/via/branches; stage source hashes in accepted_sequence.json,
8237b54e-57dc-428d-96dd-50637325617e,+3V3,B.Cu,"[149900000, 96400000]","[149862500, 96450000]",200000,0.0625,strict,焊盘/过孔接入及原生中心接入,"['U34.14', 'bb546c73-5fc9-4c68-9f7d-433f23674caa', 'c79beb03-78a7-4bee-a8fe-e10643b4f928', 'fd6cf0b4-7d65-4b53-9212-aac035689a16']",['U34.14'],['c79beb03-78a7-4bee-a8fe-e10643b4f928'],0.0,冗余覆盖删除,原线段金属完整包含于其它同网显式铜内；最终焊盘、支路及导体连通重新验证。,c79beb03-78a7-4bee-a8fe-e10643b4f928;fd6cf0b4-7d65-4b53-9212-aac035689a16,Final native DRC0; exact copper469 pads/track/via/branches; stage source hashes in accepted_sequence.json,6
898caea0-4306-49a1-a1fd-26112edccc29,+3V3,B.Cu,"[154900000, 122400000]","[154862500, 122450000]",200000,0.0625,strict,焊盘/过孔接入及原生中心接入,"['15330a8a-bf29-4b7f-b46e-0795a837e6ee', 'U37.14', 'db9b7924-c71a-4bfc-a57c-cff79133a910', '33ea951f-8b14-40f7-89c1-0b177067db6c']",['U37.14'],['33ea951f-8b14-40f7-89c1-0b177067db6c'],0.0,冗余覆盖删除,原线段金属完整包含于其它同网显式铜内；最终焊盘、支路及导体连通重新验证。,33ea951f-8b14-40f7-89c1-0b177067db6c;db9b7924-c71a-4bfc-a57c-cff79133a910,Final native DRC0; exact copper469 pads/track/via/branches; stage source hashes in accepted_sequence.json,6
8ab343fd-f4b8-4f7b-87fc-ed01947274fe,+3V3,B.Cu,"[160000000, 104000000]","[159900000, 103900000]",200000,0.14142135623730953,strict,焊盘/过孔接入及原生中心接入,"['e57b7f79-12c1-45db-bfb1-c977d826d1f4', '1367bf15-b467-426d-bbec-fa2365eadec8', '61994c5d-6044-4d3d-925d-aa6939311a62', 'U35.14', '0e484792-8327-4f72-a855-261bad140129']","['U35.14', '0e484792-8327-4f72-a855-261bad140129']",['61994c5d-6044-4d3d-925d-aa6939311a62'],0.0,保留,焊盘/过孔接入及原生中心接入；删除将改变完整截面或必要原生接入。实际连接已独立验证。,8ab343fd-f4b8-4f7b-87fc-ed01947274fe,Final native DRC0; exact copper469 pads/track/via/branches; stage source hashes in accepted_sequence.json,
9b406f89-1059-473f-b2c0-b761d7c37d3e,+3V3,B.Cu,"[134025600, 95800000]","[134074400, 95800000]",200000,0.0488,strict,线宽过渡/铜颈,"['a0c3c827-73cf-4dae-85cb-fdd7c8af5bea', 'c1756b58-270e-45c3-8502-fc9101305fa9', 'ced023c0-a152-4308-96d6-de8e21be6bb8', 'e58157b2-5961-4932-8f81-78c77c6e50c0']",[],"['a0c3c827-73cf-4dae-85cb-fdd7c8af5bea', 'c1756b58-270e-45c3-8502-fc9101305fa9', 'e58157b2-5961-4932-8f81-78c77c6e50c0']",0.0,冗余覆盖删除,原线段金属完整包含于其它同网显式铜内；最终焊盘、支路及导体连通重新验证。,a0c3c827-73cf-4dae-85cb-fdd7c8af5bea;c1756b58-270e-45c3-8502-fc9101305fa9;ced023c0-a152-4308-96d6-de8e21be6bb8;e58157b2-5961-4932-8f81-78c77c6e50c0,Final native DRC0; exact copper469 pads/track/via/branches; stage source hashes in accepted_sequence.json,6
a2ee81f9-d2d1-45bb-8f19-e7defa2e6bf4,+3V3,B.Cu,"[178900000, 106900000]","[178862500, 106950000]",200000,0.0625,strict,焊盘/过孔接入及原生中心接入,"['9c2d4e6e-542d-4c2a-93e1-b6332e9c26ae', '30d5ceab-5e36-4042-a583-6ac01b9d8c8c', 'b0f02bbc-5f0e-4841-a0c8-a235171dafc2', 'U38.14', '515f24cb-0562-419f-bf89-5d5e1114c00b']",['U38.14'],[],0.0,冗余覆盖删除,原线段金属完整包含于其它同网显式铜内；最终焊盘、支路及导体连通重新验证。,30d5ceab-5e36-4042-a583-6ac01b9d8c8c;9c2d4e6e-542d-4c2a-93e1-b6332e9c26ae,Final native DRC0; exact copper469 pads/track/via/branches; stage source hashes in accepted_sequence.json,6
a5164565-dac7-4d4b-a372-d4169da8b66c,+3V3,B.Cu,"[125900000, 90600000]","[125950000, 90637500]",200000,0.0625,strict,焊盘/过孔接入及原生中心接入,"['9a359235-6391-4b6d-9a93-00825780c437', 'b1539a9e-ca63-4c2f-8270-e95e06b0c2de', 'U42.14']",['U42.14'],['9a359235-6391-4b6d-9a93-00825780c437'],0.0,冗余覆盖删除,原线段金属完整包含于其它同网显式铜内；最终焊盘、支路及导体连通重新验证。,9a359235-6391-4b6d-9a93-00825780c437,Final native DRC0; exact copper469 pads/track/via/branches; stage source hashes in accepted_sequence.json,6
aebc1282-9ac1-424b-bfdf-e0561a6618b8,+3V3,B.Cu,"[170900000, 106900000]","[170862500, 106950000]",200000,0.0625,strict,焊盘/过孔接入及原生中心接入,"['1f338b02-fe09-4ff3-966a-1d94c914e3d8', '6d7f38f6-c42c-4725-a55a-be36128bc7df', 'U36.14', '934fcae7-4678-4ee3-aa11-7d616201b72d']","['U36.14', '934fcae7-4678-4ee3-aa11-7d616201b72d']",['6d7f38f6-c42c-4725-a55a-be36128bc7df'],0.0,冗余覆盖删除,原线段金属完整包含于其它同网显式铜内；最终焊盘、支路及导体连通重新验证。,1f338b02-fe09-4ff3-966a-1d94c914e3d8;6d7f38f6-c42c-4725-a55a-be36128bc7df;934fcae7-4678-4ee3-aa11-7d616201b72d,Final native DRC0; exact copper469 pads/track/via/branches; stage source hashes in accepted_sequence.json,6
b0f02bbc-5f0e-4841-a0c8-a235171dafc2,+3V3,B.Cu,"[179000000, 107000000]","[178900000, 106900000]",200000,0.14142135623730953,strict,焊盘/过孔接入及原生中心接入,"['9c2d4e6e-542d-4c2a-93e1-b6332e9c26ae', '30d5ceab-5e36-4042-a583-6ac01b9d8c8c', 'a2ee81f9-d2d1-45bb-8f19-e7defa2e6bf4', 'U38.14', '515f24cb-0562-419f-bf89-5d5e1114c00b', 'ed4ec4c2-5d5c-411e-958e-b0e00cea5599']",['U38.14'],[],0.0,冗余覆盖删除,原线段金属完整包含于其它同网显式铜内；最终焊盘、支路及导体连通重新验证。,30d5ceab-5e36-4042-a583-6ac01b9d8c8c;9c2d4e6e-542d-4c2a-93e1-b6332e9c26ae;ed4ec4c2-5d5c-411e-958e-b0e00cea5599,Final native DRC0; exact copper469 pads/track/via/branches; stage source hashes in accepted_sequence.json,6
b35493d5-3f16-4b12-9200-42758b8dbcef,+3V3,B.Cu,"[163000000, 102400000]","[162900000, 102300000]",200000,0.14142135623730953,strict,焊盘/过孔接入及原生中心接入,"['afd9eb9e-a5cf-426c-875c-b359f9a62b7b', '3852ddcf-2d33-4206-aad6-4a1ac0c99927', '645afeee-3c22-4b80-b560-8d73451ec251', 'cae7ee93-5f38-4765-b44b-d3a79d7fddfb', 'f6ea5f9a-5cd6-4557-90fd-11e66463f00c', '9cf88601-34cf-47e1-8844-0f7313afd13b', 'adadae95-fff3-419d-9bc8-6491df83c5fd', 'C25.1']","['cae7ee93-5f38-4765-b44b-d3a79d7fddfb', 'C25.1']",[],0.0,冗余覆盖删除,原线段金属完整包含于其它同网显式铜内；最终焊盘、支路及导体连通重新验证。,645afeee-3c22-4b80-b560-8d73451ec251;6b2f5dfa-9bd3-4995-9c69-43c24ed15c43;a34e112d-a17d-4066-8e4c-e929b9171a0e;afd9eb9e-a5cf-426c-875c-b359f9a62b7b;cae7ee93-5f38-4765-b44b-d3a79d7fddfb,Final native DRC0; exact copper469 pads/track/via/branches; stage source hashes in accepted_sequence.json,6
bb546c73-5fc9-4c68-9f7d-433f23674caa,+3V3,B.Cu,"[150000000, 96500000]","[149900000, 96400000]",200000,0.14142135623730953,strict,焊盘/过孔接入及原生中心接入,"['8237b54e-57dc-428d-96dd-50637325617e', 'U34.14', 'c79beb03-78a7-4bee-a8fe-e10643b4f928', 'fd6cf0b4-7d65-4b53-9212-aac035689a16']",['U34.14'],['c79beb03-78a7-4bee-a8fe-e10643b4f928'],0.0,冗余覆盖删除,原线段金属完整包含于其它同网显式铜内；最终焊盘、支路及导体连通重新验证。,c79beb03-78a7-4bee-a8fe-e10643b4f928;fd6cf0b4-7d65-4b53-9212-aac035689a16,Final native DRC0; exact copper469 pads/track/via/branches; stage source hashes in accepted_sequence.json,6
c1756b58-270e-45c3-8502-fc9101305fa9,+3V3,B.Cu,"[134162600, 95800000]","[134074400, 95800000]",250000,0.0882,strict,线宽过渡/铜颈,"['a0c3c827-73cf-4dae-85cb-fdd7c8af5bea', '9b406f89-1059-473f-b2c0-b761d7c37d3e', 'ced023c0-a152-4308-96d6-de8e21be6bb8', 'e58157b2-5961-4932-8f81-78c77c6e50c0']",[],"['9b406f89-1059-473f-b2c0-b761d7c37d3e', 'ced023c0-a152-4308-96d6-de8e21be6bb8']",0.004363496109991288,保留,线宽过渡/铜颈；删除将改变完整截面或必要原生接入。实际连接已独立验证。,c1756b58-270e-45c3-8502-fc9101305fa9,Final native DRC0; exact copper469 pads/track/via/branches; stage source hashes in accepted_sequence.json,
c57de541-3404-47a4-ac81-1e1cdbb45a55,+3V3,B.Cu,"[181262500, 108025000]","[181300000, 108000000]",200000,0.04506939094329986,strict,焊盘/过孔接入及原生中心接入,"['c3b4a5de-7864-47f8-a0c6-5c89474d6b88', 'C28.1']",['C28.1'],[],0.0,冗余覆盖删除,原线段金属完整包含于其它同网显式铜内；最终焊盘、支路及导体连通重新验证。,无新轨迹；见保留焊盘铜联系人,Final native DRC0; exact copper469 pads/track/via/branches; stage source hashes in accepted_sequence.json,6
c721fb12-577e-40bb-ab4d-3334ecb53aff,+3V3,B.Cu,"[181000000, 107800000]","[180900000, 107700000]",200000,0.14142135623730953,strict,焊盘/过孔接入及原生中心接入,"['066d4d5d-ef73-4903-82cc-9640a574e8ec', '0d70354f-be1a-4f18-b819-d37e2827e96e', 'c3b4a5de-7864-47f8-a0c6-5c89474d6b88', 'C28.1']",['C28.1'],[],0.0,冗余覆盖删除,原线段金属完整包含于其它同网显式铜内；最终焊盘、支路及导体连通重新验证。,066d4d5d-ef73-4903-82cc-9640a574e8ec,Final native DRC0; exact copper469 pads/track/via/branches; stage source hashes in accepted_sequence.json,6
cbc734f7-84f9-4027-bee1-0d16122a12ec,+3V3,B.Cu,"[159263000, 78748000]","[159288000, 78773000]",200000,0.03535533905932738,strict,拐角或中途侧接的连续足宽铜,['741f385d-0f8e-4de0-b13e-ade7ea038f45'],[],[],0.007071067506554124,保留,拐角或中途侧接的连续足宽铜；删除将改变完整截面或必要原生接入。实际连接已独立验证。,cbc734f7-84f9-4027-bee1-0d16122a12ec,Final native DRC0; exact copper469 pads/track/via/branches; stage source hashes in accepted_sequence.json,
cf363e89-c6f5-4390-8fe7-8ccc168c1070,+3V3,B.Cu,"[140488000, 96648000]","[140488000, 96673000]",200000,0.025,strict,焊盘/过孔接入及原生中心接入,"['U40.14', '305e2a5a-7f52-4ec3-b14b-d3ac5b52dfff', '42a6b3af-cc23-4eac-ac5c-605f584d1047']","['U40.14', '42a6b3af-cc23-4eac-ac5c-605f584d1047']",['305e2a5a-7f52-4ec3-b14b-d3ac5b52dfff'],0.0,冗余覆盖删除,原线段金属完整包含于其它同网显式铜内；最终焊盘、支路及导体连通重新验证。,305e2a5a-7f52-4ec3-b14b-d3ac5b52dfff;42a6b3af-cc23-4eac-ac5c-605f584d1047,Final native DRC0; exact copper469 pads/track/via/branches; stage source hashes in accepted_sequence.json,6
d0776e0c-6362-4a6c-b5d3-d083f21e35f2,+3V3,B.Cu,"[163162500, 102674999]","[163200000, 102700000]",200000,0.04506994565117646,strict,焊盘/过孔接入及原生中心接入,"['3852ddcf-2d33-4206-aad6-4a1ac0c99927', '9cf88601-34cf-47e1-8844-0f7313afd13b', 'adadae95-fff3-419d-9bc8-6491df83c5fd', 'C25.1']",['C25.1'],[],0.0,冗余覆盖删除,原线段金属完整包含于其它同网显式铜内；最终焊盘、支路及导体连通重新验证。,6b2f5dfa-9bd3-4995-9c69-43c24ed15c43;a34e112d-a17d-4066-8e4c-e929b9171a0e,Final native DRC0; exact copper469 pads/track/via/branches; stage source hashes in accepted_sequence.json,6
d16179a4-6ec7-4fe4-9051-d75f78a838fb,+3V3,B.Cu,"[151362500, 98225000]","[151400000, 98200000]",200000,0.04506939094329986,strict,焊盘/过孔接入及原生中心接入,"['C24.1', 'fd6cf0b4-7d65-4b53-9212-aac035689a16']",['C24.1'],[],0.0,冗余覆盖删除,原线段金属完整包含于其它同网显式铜内；最终焊盘、支路及导体连通重新验证。,fd6cf0b4-7d65-4b53-9212-aac035689a16,Final native DRC0; exact copper469 pads/track/via/branches; stage source hashes in accepted_sequence.json,6
ed4ec4c2-5d5c-411e-958e-b0e00cea5599,+3V3,B.Cu,"[179300000, 107100000]","[179200000, 107000000]",200000,0.14142135623730953,strict,焊盘/过孔接入及原生中心接入,"['9c2d4e6e-542d-4c2a-93e1-b6332e9c26ae', 'b0f02bbc-5f0e-4841-a0c8-a235171dafc2', 'U38.14', '515f24cb-0562-419f-bf89-5d5e1114c00b', 'f383190b-c0fa-4369-aa0f-aca109426e94', '066d4d5d-ef73-4903-82cc-9640a574e8ec']",['U38.14'],[],3.513107598537783e-05,保留,焊盘/过孔接入及原生中心接入；删除将改变完整截面或必要原生接入。实际连接已独立验证。,ed4ec4c2-5d5c-411e-958e-b0e00cea5599,Final native DRC0; exact copper469 pads/track/via/branches; stage source hashes in accepted_sequence.json,
f383190b-c0fa-4369-aa0f-aca109426e94,+3V3,B.Cu,"[179400000, 107100000]","[179300000, 107100000]",200000,0.1,strict,焊盘/过孔接入及原生中心接入,"['U38.14', '515f24cb-0562-419f-bf89-5d5e1114c00b', 'ed4ec4c2-5d5c-411e-958e-b0e00cea5599', '066d4d5d-ef73-4903-82cc-9640a574e8ec']",['U38.14'],[],0.000410927989007463,保留,焊盘/过孔接入及原生中心接入；删除将改变完整截面或必要原生接入。实际连接已独立验证。,f383190b-c0fa-4369-aa0f-aca109426e94,Final native DRC0; exact copper469 pads/track/via/branches; stage source hashes in accepted_sequence.json,
f6ea5f9a-5cd6-4557-90fd-11e66463f00c,+3V3,B.Cu,"[163000000, 102500000]","[163000000, 102400000]",200000,0.1,strict,焊盘/过孔接入及原生中心接入,"['3852ddcf-2d33-4206-aad6-4a1ac0c99927', '645afeee-3c22-4b80-b560-8d73451ec251', 'b35493d5-3f16-4b12-9200-42758b8dbcef', 'cae7ee93-5f38-4765-b44b-d3a79d7fddfb', '9cf88601-34cf-47e1-8844-0f7313afd13b', 'adadae95-fff3-419d-9bc8-6491df83c5fd', 'C25.1']","['cae7ee93-5f38-4765-b44b-d3a79d7fddfb', 'C25.1']",[],0.0,冗余覆盖删除,原线段金属完整包含于其它同网显式铜内；最终焊盘、支路及导体连通重新验证。,645afeee-3c22-4b80-b560-8d73451ec251;6b2f5dfa-9bd3-4995-9c69-43c24ed15c43;a34e112d-a17d-4066-8e4c-e929b9171a0e;cae7ee93-5f38-4765-b44b-d3a79d7fddfb,Final native DRC0; exact copper469 pads/track/via/branches; stage source hashes in accepted_sequence.json,6
fe21c7bb-ea6f-43c6-b3e2-1e3b45280f84,+3V3,B.Cu,"[183900000, 102800000]","[184000000, 102800000]",200000,0.1,strict,焊盘/过孔接入及原生中心接入,"['354ec5f6-2497-4137-83ff-c34165ac683e', 'c8ef948b-66f7-4398-ab51-e502dd574593']",['354ec5f6-2497-4137-83ff-c34165ac683e'],[],0.019822642188921956,保留,焊盘/过孔接入及原生中心接入；删除将改变完整截面或必要原生接入。实际连接已独立验证。,fe21c7bb-ea6f-43c6-b3e2-1e3b45280f84,Final native DRC0; exact copper469 pads/track/via/branches; stage source hashes in accepted_sequence.json,
99e0b6d7-de07-4ec5-b0b3-ea6059ab85bd,I2C_SDA_EXT,F.Cu,"[102588000, 87948000]","[102738000, 87948000]",200000,0.15,boundary,焊盘/过孔接入及原生中心接入,"['818278af-d712-4ec6-b91a-e6446be9aa16', 'D15.3']",['D15.3'],[],0.013655417700043887,保留,焊盘/过孔接入及原生中心接入；删除将改变完整截面或必要原生接入。实际连接已独立验证。,99e0b6d7-de07-4ec5-b0b3-ea6059ab85bd,Final native DRC0; exact copper469 pads/track/via/branches; stage source hashes in accepted_sequence.json,
45c22665-6d64-42aa-928a-f7177d98e0d8,I2C_SDA,B.Cu,"[117613000, 94173000]","[117488000, 94173000]",200000,0.125,strict,拐角或中途侧接的连续足宽铜,"['f0c8e962-9f1d-4d37-a68c-e4664b407c46', '7acf8c96-c4b8-4c2c-af6b-b36ca2893b97']",[],[],0.013241017318228169,保留,拐角或中途侧接的连续足宽铜；删除将改变完整截面或必要原生接入。实际连接已独立验证。,45c22665-6d64-42aa-928a-f7177d98e0d8,Final native DRC0; exact copper469 pads/track/via/branches; stage source hashes in accepted_sequence.json,
58a950d2-a469-404a-8eff-afbc6298fc3b,I2C_SDA,B.Cu,"[105088000, 91598000]","[105088000, 91698000]",200000,0.1,strict,焊盘/过孔接入及原生中心接入,"['7a97cdaa-f1af-4543-a09b-2139509679fa', '1e572b62-d9ba-4f9b-a2b9-5a153a8b422d']",['7a97cdaa-f1af-4543-a09b-2139509679fa'],['1e572b62-d9ba-4f9b-a2b9-5a153a8b422d'],0.035766385150141695,保留,焊盘/过孔接入及原生中心接入；删除将改变完整截面或必要原生接入。实际连接已独立验证。,58a950d2-a469-404a-8eff-afbc6298fc3b,Final native DRC0; exact copper469 pads/track/via/branches; stage source hashes in accepted_sequence.json,
7f535ada-2679-4cf3-bcb3-63da7786afa3,MCU_RESET_N,F.Cu,"[101338000, 88498000]","[101338000, 88648000]",200000,0.15,boundary,焊盘/过孔接入及原生中心接入,"['6c5b8d8b-abb4-49e5-9f40-c34c29a092fe', '21b4c1aa-23aa-4b04-b3bb-1daefca362dd']",['6c5b8d8b-abb4-49e5-9f40-c34c29a092fe'],[],0.029707760372158176,保留,焊盘/过孔接入及原生中心接入；删除将改变完整截面或必要原生接入。实际连接已独立验证。,7f535ada-2679-4cf3-bcb3-63da7786afa3,Final native DRC0; exact copper469 pads/track/via/branches; stage source hashes in accepted_sequence.json,
c18e6482-3220-4cf6-a4a6-9e264b9eb42a,MCU_RESET_N,F.Cu,"[101488000, 85398000]","[101338000, 85398000]",200000,0.15,boundary,焊盘/过孔接入及原生中心接入,"['eb6f4115-d95c-4742-a650-e3e10df4b46d', 'fca9805f-e606-48ae-9f9c-502294b59445']",['fca9805f-e606-48ae-9f9c-502294b59445'],[],0.029759640155685583,保留,焊盘/过孔接入及原生中心接入；删除将改变完整截面或必要原生接入。实际连接已独立验证。,c18e6482-3220-4cf6-a4a6-9e264b9eb42a,Final native DRC0; exact copper469 pads/track/via/branches; stage source hashes in accepted_sequence.json,
264af06e-f3e8-4810-81d9-600c38d01dba,MCU_RESET_N,B.Cu,"[146838000, 78298000]","[146788000, 78348000]",200000,0.07071067811865477,strict,焊盘/过孔接入及原生中心接入,"['baa7e99e-2d8d-48d0-be57-d4fca37c803a', '9752d59f-cf2a-4720-8294-7b072a611fed']",['baa7e99e-2d8d-48d0-be57-d4fca37c803a'],[],0.024467739281302074,保留,焊盘/过孔接入及原生中心接入；删除将改变完整截面或必要原生接入。实际连接已独立验证。,264af06e-f3e8-4810-81d9-600c38d01dba,Final native DRC0; exact copper469 pads/track/via/branches; stage source hashes in accepted_sequence.json,
80c57798-04d2-455d-80af-9c19b2bdfee4,LIM_RC_SENSE,B.Cu,"[134016300, 115371200]","[134016200, 115371200]",250000,0.0001,strict,拐角或中途侧接的连续足宽铜,"['2837fb3c-d881-4f45-8665-fa878230be57', '1181aea3-93a4-4228-8220-a27c904b2564']",[],[],1.2801797769117937e-05,保留,拐角或中途侧接的连续足宽铜；删除将改变完整截面或必要原生接入。实际连接已独立验证。,80c57798-04d2-455d-80af-9c19b2bdfee4,Final native DRC0; exact copper469 pads/track/via/branches; stage source hashes in accepted_sequence.json,
0d222b51-001d-4d6c-bcb2-86d65ab25370,STOP_FAULT,B.Cu,"[135962600, 118150400]","[135962700, 118150400]",250000,0.0001,strict,焊盘/过孔接入及原生中心接入,"['beff4fac-ef8b-47ba-91ab-07ddbc0d2308', '4a45617e-f720-49a6-869c-9307921b0bdd', '5fa3e0a2-9430-4d08-892e-d1a24f29e0b3']",['beff4fac-ef8b-47ba-91ab-07ddbc0d2308'],[],1.6613229934823017e-08,保留,焊盘/过孔接入及原生中心接入；删除将改变完整截面或必要原生接入。实际连接已独立验证。,0d222b51-001d-4d6c-bcb2-86d65ab25370,Final native DRC0; exact copper469 pads/track/via/branches; stage source hashes in accepted_sequence.json,
4a45617e-f720-49a6-869c-9307921b0bdd,STOP_FAULT,B.Cu,"[135907600, 118095400]","[135962600, 118150400]",250000,0.07778174593052022,strict,焊盘/过孔接入及原生中心接入,"['beff4fac-ef8b-47ba-91ab-07ddbc0d2308', '0d222b51-001d-4d6c-bcb2-86d65ab25370', '5fa3e0a2-9430-4d08-892e-d1a24f29e0b3']",['beff4fac-ef8b-47ba-91ab-07ddbc0d2308'],[],0.01928354002291898,保留,焊盘/过孔接入及原生中心接入；删除将改变完整截面或必要原生接入。实际连接已独立验证。,4a45617e-f720-49a6-869c-9307921b0bdd,Final native DRC0; exact copper469 pads/track/via/branches; stage source hashes in accepted_sequence.json,
90c29fae-75ab-4857-bbea-0ed52913643f,BTN_CLOSE,F.Cu,"[163693900, 121201600]","[163746700, 121201600]",250000,0.0528,strict,焊盘/过孔接入及原生中心接入,"['18b8f25a-5ddc-45ea-8093-e1d2f6dea3f2', '47001fc5-2e7d-4850-8fd3-67dcc80ad255']",['47001fc5-2e7d-4850-8fd3-67dcc80ad255'],[],0.012863220218646108,保留,焊盘/过孔接入及原生中心接入；删除将改变完整截面或必要原生接入。实际连接已独立验证。,90c29fae-75ab-4857-bbea-0ed52913643f,Final native DRC0; exact copper469 pads/track/via/branches; stage source hashes in accepted_sequence.json,
00e6038e-fe75-450f-9fda-89fe53bab34c,BUZZER,F.Cu,"[175069600, 115944100]","[174966200, 115944100]",250000,0.1034,strict,焊盘/过孔接入及原生中心接入,"['b795d9d2-3c49-48cd-9fe5-3e3a94059622', '8c57546d-7931-4319-abfb-f6f01d5796a2', '73f1bb50-bba1-4d0a-8d73-5bce6a4adc05']",['8c57546d-7931-4319-abfb-f6f01d5796a2'],[],7.804441737874833e-05,保留,焊盘/过孔接入及原生中心接入；删除将改变完整截面或必要原生接入。实际连接已独立验证。,00e6038e-fe75-450f-9fda-89fe53bab34c,Final native DRC0; exact copper469 pads/track/via/branches; stage source hashes in accepted_sequence.json,
b795d9d2-3c49-48cd-9fe5-3e3a94059622,BUZZER,F.Cu,"[175150500, 116025000]","[175069600, 115944100]",250000,0.11440987719598339,strict,焊盘/过孔接入及原生中心接入,"['00e6038e-fe75-450f-9fda-89fe53bab34c', '8c57546d-7931-4319-abfb-f6f01d5796a2', '73f1bb50-bba1-4d0a-8d73-5bce6a4adc05']",['8c57546d-7931-4319-abfb-f6f01d5796a2'],[],0.02823218037653387,保留,焊盘/过孔接入及原生中心接入；删除将改变完整截面或必要原生接入。实际连接已独立验证。,b795d9d2-3c49-48cd-9fe5-3e3a94059622,Final native DRC0; exact copper469 pads/track/via/branches; stage source hashes in accepted_sequence.json,
0518a507-5f5b-4282-abbc-2241430aae97,MCU_WDI,F.Cu,"[137638000, 94998000]","[137663000, 94973000]",200000,0.03535533905932738,strict,拐角或中途侧接的连续足宽铜,['07f2c03c-eb41-4296-9478-a8bba0ae27b1'],[],[],0.006855950848638977,保留,拐角或中途侧接的连续足宽铜；删除将改变完整截面或必要原生接入。实际连接已独立验证。,0518a507-5f5b-4282-abbc-2241430aae97,Final native DRC0; exact copper469 pads/track/via/branches; stage source hashes in accepted_sequence.json,
a75dfc04-520a-4383-81fd-5e187f92ffe2,MCU_WDI,B.Cu,"[137663000, 94973000]","[137613000, 95023000]",200000,0.07071067811865477,strict,焊盘/过孔接入及原生中心接入,"['e5600496-ed51-4470-9f46-327c57529ce3', 'f156a2e4-4e6a-4e58-97f4-fa9eb122a850']",['e5600496-ed51-4470-9f46-327c57529ce3'],[],0.013926596563667125,保留,焊盘/过孔接入及原生中心接入；删除将改变完整截面或必要原生接入。实际连接已独立验证。,a75dfc04-520a-4383-81fd-5e187f92ffe2,Final native DRC0; exact copper469 pads/track/via/branches; stage source hashes in accepted_sequence.json,
ec1c247a-613a-4769-9f31-3f4b6aa76681,MCU_WDI,B.Cu,"[137563000, 96523000]","[137613000, 96398000]",200000,0.1346291201783626,strict,拐角或中途侧接的连续足宽铜,"['f156a2e4-4e6a-4e58-97f4-fa9eb122a850', 'a5f52884-1b03-4bcd-ad77-686448a8ecb0']",[],[],0.002156203749216661,保留,拐角或中途侧接的连续足宽铜；删除将改变完整截面或必要原生接入。实际连接已独立验证。,ec1c247a-613a-4769-9f31-3f4b6aa76681,Final native DRC0; exact copper469 pads/track/via/branches; stage source hashes in accepted_sequence.json,
8efe70fd-b724-4afc-a939-310b5db80424,FUNC_BTN_N,B.Cu,"[151193100, 86379200]","[151113800, 86458500]",250000,0.11214713549618645,strict,焊盘/过孔接入及原生中心接入,"['18fa2631-9640-4bc8-b986-1b61f4d91775', '24460113-57c2-4469-9971-bc4c3c94b158']",['24460113-57c2-4469-9971-bc4c3c94b158'],[],0.027982474374127087,共线合并,同网同层同宽，整数坐标区间覆盖并集完全相同；保留中途接入。,24460113-57c2-4469-9971-bc4c3c94b158;4126b674-51f9-4477-8aa1-24b03d388c6b,Final native DRC0; exact copper469 pads/track/via/branches; stage source hashes in accepted_sequence.json,6
3099c7ad-8e18-4e22-b90c-ece94262bef3,WDI,F.Cu,"[150538000, 78998000]","[150613000, 78948000]",200000,0.09013878188659973,strict,焊盘/过孔接入及原生中心接入,"['d7af4ef1-0a29-4b06-bea5-e158b9b6828a', 'e040f31b-2283-450c-9cb7-a4204e96917b', 'a9b2da60-3f45-4b06-a640-22ab601cd7ac', '367dbc2f-8113-443a-a469-a2fd8c0ffbfb', '52e5cca2-2955-4069-9782-4d57cd278886']",['d7af4ef1-0a29-4b06-bea5-e158b9b6828a'],[],0.008029083372102714,保留,焊盘/过孔接入及原生中心接入；删除将改变完整截面或必要原生接入。实际连接已独立验证。,3099c7ad-8e18-4e22-b90c-ece94262bef3,Final native DRC0; exact copper469 pads/track/via/branches; stage source hashes in accepted_sequence.json,
349bb0bf-2a27-4c08-a6d9-844fdb0fdca6,WDI,F.Cu,"[150913000, 79048000]","[150788000, 79048000]",200000,0.125,strict,焊盘/过孔接入及原生中心接入,"['d7af4ef1-0a29-4b06-bea5-e158b9b6828a', 'e040f31b-2283-450c-9cb7-a4204e96917b', 'a9b2da60-3f45-4b06-a640-22ab601cd7ac', '367dbc2f-8113-443a-a469-a2fd8c0ffbfb']",['d7af4ef1-0a29-4b06-bea5-e158b9b6828a'],[],0.024781274447736593,保留,焊盘/过孔接入及原生中心接入；删除将改变完整截面或必要原生接入。实际连接已独立验证。,349bb0bf-2a27-4c08-a6d9-844fdb0fdca6,Final native DRC0; exact copper469 pads/track/via/branches; stage source hashes in accepted_sequence.json,
367dbc2f-8113-443a-a469-a2fd8c0ffbfb,WDI,F.Cu,"[150788000, 79048000]","[150763000, 79023000]",200000,0.03535533905932738,strict,焊盘/过孔接入及原生中心接入,"['3099c7ad-8e18-4e22-b90c-ece94262bef3', 'd7af4ef1-0a29-4b06-bea5-e158b9b6828a', 'e040f31b-2283-450c-9cb7-a4204e96917b', 'a9b2da60-3f45-4b06-a640-22ab601cd7ac', '349bb0bf-2a27-4c08-a6d9-844fdb0fdca6']",['d7af4ef1-0a29-4b06-bea5-e158b9b6828a'],[],0.0,保留,焊盘/过孔接入及原生中心接入；删除将改变完整截面或必要原生接入。实际连接已独立验证。,367dbc2f-8113-443a-a469-a2fd8c0ffbfb,Final native DRC0; exact copper469 pads/track/via/branches; stage source hashes in accepted_sequence.json,
a9b2da60-3f45-4b06-a640-22ab601cd7ac,WDI,F.Cu,"[150763000, 79023000]","[150713000, 79023000]",200000,0.05,strict,焊盘/过孔接入及原生中心接入,"['3099c7ad-8e18-4e22-b90c-ece94262bef3', 'd7af4ef1-0a29-4b06-bea5-e158b9b6828a', 'e040f31b-2283-450c-9cb7-a4204e96917b', '367dbc2f-8113-443a-a469-a2fd8c0ffbfb', '349bb0bf-2a27-4c08-a6d9-844fdb0fdca6', '52e5cca2-2955-4069-9782-4d57cd278886']",['d7af4ef1-0a29-4b06-bea5-e158b9b6828a'],[],6.946351298192924e-17,保留,焊盘/过孔接入及原生中心接入；删除将改变完整截面或必要原生接入。实际连接已独立验证。,a9b2da60-3f45-4b06-a640-22ab601cd7ac,Final native DRC0; exact copper469 pads/track/via/branches; stage source hashes in accepted_sequence.json,
b557d86b-fd5d-4d3d-9bb5-f6196925f87f,WDI,F.Cu,"[143888000, 88998000]","[143913000, 88973000]",200000,0.03535533905932738,strict,拐角或中途侧接的连续足宽铜,['15d02224-30cf-42a2-ac1d-461ea0536abe'],[],[],0.006855950848638972,保留,拐角或中途侧接的连续足宽铜；删除将改变完整截面或必要原生接入。实际连接已独立验证。,b557d86b-fd5d-4d3d-9bb5-f6196925f87f,Final native DRC0; exact copper469 pads/track/via/branches; stage source hashes in accepted_sequence.json,
e040f31b-2283-450c-9cb7-a4204e96917b,WDI,F.Cu,"[150713000, 79023000]","[150688000, 78998000]",200000,0.03535533905932738,strict,焊盘/过孔接入及原生中心接入,"['3099c7ad-8e18-4e22-b90c-ece94262bef3', 'd7af4ef1-0a29-4b06-bea5-e158b9b6828a', 'a9b2da60-3f45-4b06-a640-22ab601cd7ac', '367dbc2f-8113-443a-a469-a2fd8c0ffbfb', '349bb0bf-2a27-4c08-a6d9-844fdb0fdca6', '52e5cca2-2955-4069-9782-4d57cd278886']",['d7af4ef1-0a29-4b06-bea5-e158b9b6828a'],[],0.00014182277191738315,保留,焊盘/过孔接入及原生中心接入；删除将改变完整截面或必要原生接入。实际连接已独立验证。,e040f31b-2283-450c-9cb7-a4204e96917b,Final native DRC0; exact copper469 pads/track/via/branches; stage source hashes in accepted_sequence.json,
c2e6dc9c-d795-4e60-959d-269675494773,I2C_SCL_EXT,F.Cu,"[104388000, 88248000]","[104338000, 88298000]",200000,0.07071067811865477,strict,拐角或中途侧接的连续足宽铜,"['cc8caaf9-84e6-4e34-9988-19744c05a724', 'd776e2aa-8da1-4226-adf2-d1864757f424', '35e0b6d9-8a87-48ba-a0c6-a2586bcc2003']",[],[],7.026215197040497e-05,共线合并,同网同层同宽，整数坐标区间覆盖并集完全相同；保留中途接入。,cc8caaf9-84e6-4e34-9988-19744c05a724;d776e2aa-8da1-4226-adf2-d1864757f424;ef1ee09d-4ef7-4c74-9555-c6e03e3499c7,Final native DRC0; exact copper469 pads/track/via/branches; stage source hashes in accepted_sequence.json,6
378fe9db-5d55-4701-bd7a-8a872a363d22,ALM_SELECT,F.Cu,"[160840700, 105448300]","[160831500, 105439100]",250000,0.013010764773832475,strict,拐角或中途侧接的连续足宽铜,['f857aab7-da79-4a77-9a3a-67c975e9e6bb'],[],[],0.0030245964483731043,保留,拐角或中途侧接的连续足宽铜；删除将改变完整截面或必要原生接入。实际连接已独立验证。,378fe9db-5d55-4701-bd7a-8a872a363d22,Final native DRC0; exact copper469 pads/track/via/branches; stage source hashes in accepted_sequence.json,
5f4a0e32-1c11-41c9-bde4-97fb2bf86be4,ALM_SELECT,B.Cu,"[144000000, 102863700]","[144043200, 102820500]",250000,0.061094025894517706,strict,焊盘/过孔接入及原生中心接入,"['43914d92-32b0-4954-a6ec-4404e23bd27b', '78dbff25-07af-4fa3-9d10-cf3b00b326a7']",['43914d92-32b0-4954-a6ec-4404e23bd27b'],[],0.014936726692280085,保留,焊盘/过孔接入及原生中心接入；删除将改变完整截面或必要原生接入。实际连接已独立验证。,5f4a0e32-1c11-41c9-bde4-97fb2bf86be4,Final native DRC0; exact copper469 pads/track/via/branches; stage source hashes in accepted_sequence.json,
67738334-4aae-4c48-88b5-2ea43b4ed62b,ALM_SELECT,B.Cu,"[148792800, 106791400]","[148792900, 106791400]",250000,0.0001,strict,拐角或中途侧接的连续足宽铜,['04628cd1-3f78-4956-990c-630bc4665298'],[],[],1.750568473522785e-05,保留,拐角或中途侧接的连续足宽铜；删除将改变完整截面或必要原生接入。实际连接已独立验证。,67738334-4aae-4c48-88b5-2ea43b4ed62b,Final native DRC0; exact copper469 pads/track/via/branches; stage source hashes in accepted_sequence.json,
98b33f73-4218-440c-aefa-00cda7abd839,ALM_SELECT,B.Cu,"[114888000, 94873000]","[114888000, 94923000]",200000,0.05,strict,焊盘/过孔接入及原生中心接入,"['68e8cc38-1f48-41c5-bbad-e66098851bb6', '8579aebf-c1e5-4ad7-9da0-40f1f5b2f01b']",['68e8cc38-1f48-41c5-bbad-e66098851bb6'],[],0.00978446093993384,保留,焊盘/过孔接入及原生中心接入；删除将改变完整截面或必要原生接入。实际连接已独立验证。,98b33f73-4218-440c-aefa-00cda7abd839,Final native DRC0; exact copper469 pads/track/via/branches; stage source hashes in accepted_sequence.json,
97a91b3f-6ed8-4b51-b8b7-ef33fa3c0472,MOTOR_ENA_N,B.Cu,"[134751900, 123310600]","[134823300, 123310600]",250000,0.0714,strict,焊盘/过孔接入及原生中心接入,"['2c8be6c5-6bed-4306-9026-4c2f975dbb79', '57b96f4d-96ef-405d-bbd1-25f4b62ee7b3']",['2c8be6c5-6bed-4306-9026-4c2f975dbb79'],[],0.0175132202186442,保留,焊盘/过孔接入及原生中心接入；删除将改变完整截面或必要原生接入。实际连接已独立验证。,97a91b3f-6ed8-4b51-b8b7-ef33fa3c0472,Final native DRC0; exact copper469 pads/track/via/branches; stage source hashes in accepted_sequence.json,
8d8b205b-bdc6-4d2e-b20a-41549c356898,DISABLE_GATE,B.Cu,"[129028800, 130229300]","[129074800, 130319100]",250000,0.10089618426878194,strict,线宽过渡/铜颈,"['b7914a54-3725-47fe-bed8-0b97721cc347', 'da8b5ea3-2de3-474d-82f0-676efb495fce']",[],"['b7914a54-3725-47fe-bed8-0b97721cc347', 'da8b5ea3-2de3-474d-82f0-676efb495fce']",0.011061534375056532,保留,线宽过渡/铜颈；删除将改变完整截面或必要原生接入。实际连接已独立验证。,8d8b205b-bdc6-4d2e-b20a-41549c356898,Final native DRC0; exact copper469 pads/track/via/branches; stage source hashes in accepted_sequence.json,
b77136fe-b7b7-4a4b-bebb-4ee31d69d7ee,FUNC_BTN_LED,B.Cu,"[153100000, 75900000]","[153100000, 76000000]",200000,0.1,strict,焊盘/过孔接入及原生中心接入,"['e3ea03f3-9adc-42ac-97c2-9aa75398e695', 'D14.1']",['D14.1'],[],0.0,保留,焊盘/过孔接入及原生中心接入；删除将改变完整截面或必要原生接入。实际连接已独立验证。,b77136fe-b7b7-4a4b-bebb-4ee31d69d7ee,Final native DRC0; exact copper469 pads/track/via/branches; stage source hashes in accepted_sequence.json,
2ab359cd-56d1-4348-9901-08a4b0bc46ad,FUNC_BTN_RAW_N,F.Cu,"[169101400, 104460400]","[169091900, 104460400]",250000,0.0095,strict,拐角或中途侧接的连续足宽铜,['65ddc5d7-1360-42e1-a405-9ddea2c07e6a'],[],[],0.0021864063156820735,保留,拐角或中途侧接的连续足宽铜；删除将改变完整截面或必要原生接入。实际连接已独立验证。,2ab359cd-56d1-4348-9901-08a4b0bc46ad,Final native DRC0; exact copper469 pads/track/via/branches; stage source hashes in accepted_sequence.json,
0cf943c2-8983-4a62-8464-5e7ec36f9330,ESTOP_INTERLOCK,F.Cu,"[137100000, 105500000]","[137145000, 105500000]",200000,0.045,strict,拐角或中途侧接的连续足宽铜,"['0914736d-b2b8-4dac-ae0e-ba61fbf08215', 'a90f09d5-44d3-4b60-87e9-0fc3ab861248']",[],[],0.008784460939938236,保留,拐角或中途侧接的连续足宽铜；删除将改变完整截面或必要原生接入。实际连接已独立验证。,0cf943c2-8983-4a62-8464-5e7ec36f9330,Final native DRC0; exact copper469 pads/track/via/branches; stage source hashes in accepted_sequence.json,
73f1331f-aa8b-480d-b387-176aa722c111,ESTOP_INTERLOCK,F.Cu,"[149585400, 101349400]","[149542600, 101306600]",250000,0.06052834046956847,strict,拐角或中途侧接的连续足宽铜,"['6023239c-79ca-4af4-9213-0fb313246f6f', '52fe7197-fe8d-4e68-a108-6ed945b62449']",[],[],1.8107234453167866e-06,保留,拐角或中途侧接的连续足宽铜；删除将改变完整截面或必要原生接入。实际连接已独立验证。,73f1331f-aa8b-480d-b387-176aa722c111,Final native DRC0; exact copper469 pads/track/via/branches; stage source hashes in accepted_sequence.json,
a90f09d5-44d3-4b60-87e9-0fc3ab861248,ESTOP_INTERLOCK,F.Cu,"[137000000, 105400000]","[137100000, 105500000]",200000,0.14142135623730953,strict,焊盘/过孔接入及原生中心接入,"['277d63f8-3572-4fc0-836c-724874750bd0', '0cf943c2-8983-4a62-8464-5e7ec36f9330', '0914736d-b2b8-4dac-ae0e-ba61fbf08215']",['277d63f8-3572-4fc0-836c-724874750bd0'],[],0.0013223767245755438,保留,焊盘/过孔接入及原生中心接入；删除将改变完整截面或必要原生接入。实际连接已独立验证。,a90f09d5-44d3-4b60-87e9-0fc3ab861248,Final native DRC0; exact copper469 pads/track/via/branches; stage source hashes in accepted_sequence.json,
f52d9787-e62d-4102-bade-ff3aa79dcfbe,ESTOP_INTERLOCK,F.Cu,"[150377600, 100333600]","[150414300, 100370300]",250000,0.05190163773909259,strict,焊盘/过孔接入及原生中心接入,"['0bc657d5-0e40-46a9-948f-b529f3ff411b', 'fb5fdd29-f70f-42f9-8c14-605ead3d766b']",['0bc657d5-0e40-46a9-948f-b529f3ff411b'],[],0.012638629653419914,保留,焊盘/过孔接入及原生中心接入；删除将改变完整截面或必要原生接入。实际连接已独立验证。,f52d9787-e62d-4102-bade-ff3aa79dcfbe,Final native DRC0; exact copper469 pads/track/via/branches; stage source hashes in accepted_sequence.json,
f83279cf-09a9-4887-96cf-9cc663d1e316,ESTOP_INTERLOCK,F.Cu,"[123005000, 118460769]","[123000000, 118500000]",200000,0.039548342076501763,strict,拐角或中途侧接的连续足宽铜,['f4e20a9d-449f-4952-9e8e-9e760b96a393'],[],[],0.003918498102622564,保留,拐角或中途侧接的连续足宽铜；删除将改变完整截面或必要原生接入。实际连接已独立验证。,f83279cf-09a9-4887-96cf-9cc663d1e316,Final native DRC0; exact copper469 pads/track/via/branches; stage source hashes in accepted_sequence.json,
18e290b0-6a4a-4e58-b4a8-222a6fb4e703,ESTOP_INTERLOCK,B.Cu,"[122405000, 119500000]","[122400000, 119500000]",200000,0.005,strict,焊盘/过孔接入及原生中心接入,"['c42b6c8e-4fad-4e7d-a192-492c20a572a5', 'a7ed8623-b896-49de-bd9c-4cdeaf4027b4', 'R37.1']",['R37.1'],[],0.0,冗余覆盖删除,原线段金属完整包含于其它同网显式铜内；最终焊盘、支路及导体连通重新验证。,a7ed8623-b896-49de-bd9c-4cdeaf4027b4;c42b6c8e-4fad-4e7d-a192-492c20a572a5,Final native DRC0; exact copper469 pads/track/via/branches; stage source hashes in accepted_sequence.json,6
61d70cfb-f66d-4f8b-bf51-002364685a44,ESTOP_INTERLOCK,B.Cu,"[112463000, 127383700]","[112463000, 127257900]",250000,0.1258,strict,焊盘/过孔接入及原生中心接入,"['fb117fa5-abdc-47dc-8a3c-116289365bdc', 'f2097245-057e-489f-b91d-a0aff627360d']",['fb117fa5-abdc-47dc-8a3c-116289365bdc'],[],0.029248340040274996,保留,焊盘/过孔接入及原生中心接入；删除将改变完整截面或必要原生接入。实际连接已独立验证。,61d70cfb-f66d-4f8b-bf51-002364685a44,Final native DRC0; exact copper469 pads/track/via/branches; stage source hashes in accepted_sequence.json,
21a8cf44-343b-447e-b98a-aedecc698be8,RUN_CLR_N,F.Cu,"[173615800, 96459600]","[173689500, 96533300]",250000,0.1042275395468971,strict,拐角或中途侧接的连续足宽铜,"['d249deb1-1bb4-431b-b7e8-96f2f056a23f', '2f51cbf2-9f91-47a2-be71-f4911ddbdfa4']",[],[],0.000301213371150183,原生接入重建,保持同一铜几何；原生 via_dangling 语义需要轨迹接至中心，独立铜覆盖不替代此规则。,d68032fe-0f70-44a1-825b-4718bfd4f188,Final native DRC0; exact copper469 pads/track/via/branches; stage source hashes in accepted_sequence.json,4
1e8cb795-19be-449d-b8c6-29fd95fc083a,ARM_CLK,F.Cu,"[136471700, 95588500]","[136500000, 95600000]",200000,0.030547340309755283,strict,线宽过渡/铜颈,"['a6da4a5d-fe62-4f48-91fd-d85cb6b17903', 'c731542b-03b8-4d01-9faa-444a5bcee5e2']",[],['a6da4a5d-fe62-4f48-91fd-d85cb6b17903'],0.0,冗余覆盖删除,原线段金属完整包含于其它同网显式铜内；最终焊盘、支路及导体连通重新验证。,a6da4a5d-fe62-4f48-91fd-d85cb6b17903;c731542b-03b8-4d01-9faa-444a5bcee5e2,Final native DRC0; exact copper469 pads/track/via/branches; stage source hashes in accepted_sequence.json,6
ce1d31aa-fcf8-47eb-a9ad-0c54bf0a56df,ARM_CLK,F.Cu,"[132100000, 117900000]","[132199999, 118000000]",200000,0.1414206491322961,strict,焊盘/过孔接入及原生中心接入,"['3957f512-7bcf-4a1f-b228-177d04abae13', 'fd589374-f68e-4208-8554-02b2e9cf0a11', '52cf6921-6434-41da-97f3-cd9d4993fa41', '8cc08991-bb6b-43a7-b1f4-a22013f3f138']",['52cf6921-6434-41da-97f3-cd9d4993fa41'],['8cc08991-bb6b-43a7-b1f4-a22013f3f138'],0.00020272064772289093,保留,焊盘/过孔接入及原生中心接入；删除将改变完整截面或必要原生接入。实际连接已独立验证。,ce1d31aa-fcf8-47eb-a9ad-0c54bf0a56df,Final native DRC0; exact copper469 pads/track/via/branches; stage source hashes in accepted_sequence.json,
fd589374-f68e-4208-8554-02b2e9cf0a11,ARM_CLK,F.Cu,"[132199999, 118000000]","[132156900, 118033200]",200000,0.05440371127965444,strict,焊盘/过孔接入及原生中心接入,"['3957f512-7bcf-4a1f-b228-177d04abae13', 'ce1d31aa-fcf8-47eb-a9ad-0c54bf0a56df', '52cf6921-6434-41da-97f3-cd9d4993fa41', '8cc08991-bb6b-43a7-b1f4-a22013f3f138']",['52cf6921-6434-41da-97f3-cd9d4993fa41'],['8cc08991-bb6b-43a7-b1f4-a22013f3f138'],1.1644631653753855e-07,保留,焊盘/过孔接入及原生中心接入；删除将改变完整截面或必要原生接入。实际连接已独立验证。,fd589374-f68e-4208-8554-02b2e9cf0a11,Final native DRC0; exact copper469 pads/track/via/branches; stage source hashes in accepted_sequence.json,
26520163-dd1b-4a5a-bfe9-305592c29e35,ARM_CLK,B.Cu,"[132175000, 118051300]","[132156900, 118033200]",250000,0.02559726547895302,strict,焊盘/过孔接入及原生中心接入,"['52cf6921-6434-41da-97f3-cd9d4993fa41', '85f29c9c-712c-4df4-98bb-3a50c1b73441']",['52cf6921-6434-41da-97f3-cd9d4993fa41'],[],0.006091764923951005,保留,焊盘/过孔接入及原生中心接入；删除将改变完整截面或必要原生接入。实际连接已独立验证。,26520163-dd1b-4a5a-bfe9-305592c29e35,Final native DRC0; exact copper469 pads/track/via/branches; stage source hashes in accepted_sequence.json,
57fe7068-c36c-472f-9a1f-06dc5f67e5a4,ARM_CLK,B.Cu,"[117100000, 111100000]","[117200000, 111200000]",200000,0.14142135623730953,strict,焊盘/过孔接入及原生中心接入,"['4b78b880-4341-4bf8-9817-57ef7df8ad5b', 'a533fc7b-969c-4528-87cf-369c02db8603', '1157b952-065b-4fd6-87f6-4e9dd33c24ab']",['4b78b880-4341-4bf8-9817-57ef7df8ad5b'],[],0.0006547786350557819,共线合并,同网同层同宽，整数坐标区间覆盖并集完全相同；保留中途接入。,4b78b880-4341-4bf8-9817-57ef7df8ad5b;800b6c77-d06c-477b-ac82-7266db7e7e11;a533fc7b-969c-4528-87cf-369c02db8603,Final native DRC0; exact copper469 pads/track/via/branches; stage source hashes in accepted_sequence.json,6
a533fc7b-969c-4528-87cf-369c02db8603,ARM_CLK,B.Cu,"[117000000, 111100000]","[117100000, 111100000]",200000,0.1,strict,焊盘/过孔接入及原生中心接入,"['4b78b880-4341-4bf8-9817-57ef7df8ad5b', '57fe7068-c36c-472f-9a1f-06dc5f67e5a4', '1157b952-065b-4fd6-87f6-4e9dd33c24ab']",['4b78b880-4341-4bf8-9817-57ef7df8ad5b'],[],0.019784460939932726,保留,焊盘/过孔接入及原生中心接入；删除将改变完整截面或必要原生接入。实际连接已独立验证。,a533fc7b-969c-4528-87cf-369c02db8603,Final native DRC0; exact copper469 pads/track/via/branches; stage source hashes in accepted_sequence.json,
29d629c0-edd3-448b-83cb-40814124b287,RUN_LATCH_Q,B.Cu,"[148389800, 97793800]","[148424300, 97828300]",250000,0.04879036790187178,strict,焊盘/过孔接入及原生中心接入,"['a6e9a6dc-e16d-44fb-927a-8116b2e0ca26', '2d49bdef-a847-4f31-b16b-074eee32cf56']",['a6e9a6dc-e16d-44fb-927a-8116b2e0ca26'],[],0.011860867597891664,保留,焊盘/过孔接入及原生中心接入；删除将改变完整截面或必要原生接入。实际连接已独立验证。,29d629c0-edd3-448b-83cb-40814124b287,Final native DRC0; exact copper469 pads/track/via/branches; stage source hashes in accepted_sequence.json,
e05d2a64-5c9b-4b26-8550-02f9172f0bbb,LIM_LC_LED,F.Cu,"[119012600, 101778500]","[119012700, 101778500]",250000,0.0001,strict,拐角或中途侧接的连续足宽铜,['e2fe06d0-12be-4dcb-aad6-7681136bc8c1'],[],[],1.2801797767301599e-05,保留,拐角或中途侧接的连续足宽铜；删除将改变完整截面或必要原生接入。实际连接已独立验证。,e05d2a64-5c9b-4b26-8550-02f9172f0bbb,Final native DRC0; exact copper469 pads/track/via/branches; stage source hashes in accepted_sequence.json,
bd4a8229-62ae-4016-9de3-99b8b2743d54,LIM_LC_LED,B.Cu,"[118995700, 101761600]","[119012600, 101778500]",250000,0.023900209204105308,strict,拐角或中途侧接的连续足宽铜,['68c21ca5-1a75-4742-b485-245fd7f27cc5'],[],[],0.005674106707609037,保留,拐角或中途侧接的连续足宽铜；删除将改变完整截面或必要原生接入。实际连接已独立验证。,bd4a8229-62ae-4016-9de3-99b8b2743d54,Final native DRC0; exact copper469 pads/track/via/branches; stage source hashes in accepted_sequence.json,
4f637254-6c37-4a7b-b1d6-b24d41d80c80,CTRL5_N,B.Cu,"[128400000, 115800000]","[128500000, 115700000]",200000,0.14142135623730953,strict,焊盘/过孔接入及原生中心接入,"['c2c8b533-97c4-4f6a-b22f-7e7139e147c6', 'b861836e-ac73-4ab8-8300-e91b04620754', '196b7a32-70fc-4688-9108-039b5fa732c4']",['196b7a32-70fc-4688-9108-039b5fa732c4'],[],0.02803165546749607,保留,焊盘/过孔接入及原生中心接入；删除将改变完整截面或必要原生接入。实际连接已独立验证。,4f637254-6c37-4a7b-b1d6-b24d41d80c80,Final native DRC0; exact copper469 pads/track/via/branches; stage source hashes in accepted_sequence.json,
b861836e-ac73-4ab8-8300-e91b04620754,CTRL5_N,B.Cu,"[128500000, 115700000]","[128600000, 115700000]",200000,0.1,strict,焊盘/过孔接入及原生中心接入,"['c2c8b533-97c4-4f6a-b22f-7e7139e147c6', '4f637254-6c37-4a7b-b1d6-b24d41d80c80', '196b7a32-70fc-4688-9108-039b5fa732c4']",['196b7a32-70fc-4688-9108-039b5fa732c4'],[],0.00010588266076271433,保留,焊盘/过孔接入及原生中心接入；删除将改变完整截面或必要原生接入。实际连接已独立验证。,b861836e-ac73-4ab8-8300-e91b04620754,Final native DRC0; exact copper469 pads/track/via/branches; stage source hashes in accepted_sequence.json,
ef88283b-1ba4-4e6a-9a33-a2aa0860ffdd,CTRL5_N,B.Cu,"[127700000, 102700000]","[127600000, 102800000]",200000,0.14142135623730953,strict,焊盘/过孔接入及原生中心接入,"['fe1b268f-f285-4312-9b4c-2339fa59369a', '74f7546e-a2eb-49a7-a9bc-277cba74ca5e']",['74f7546e-a2eb-49a7-a9bc-277cba74ca5e'],[],0.028031655467497665,保留,焊盘/过孔接入及原生中心接入；删除将改变完整截面或必要原生接入。实际连接已独立验证。,ef88283b-1ba4-4e6a-9a33-a2aa0860ffdd,Final native DRC0; exact copper469 pads/track/via/branches; stage source hashes in accepted_sequence.json,
589de6e8-5deb-441e-83ca-5f555fa20cdf,POR_RAW_N,F.Cu,"[148100000, 127700000]","[148000000, 127800000]",200000,0.14142135623730953,strict,焊盘/过孔接入及原生中心接入,"['1e50d749-443c-4e94-aafa-77d2707f2183', 'dae26155-42f4-4e8e-9101-3511b2ca6488']",['dae26155-42f4-4e8e-9101-3511b2ca6488'],[],0.0281573405245858,保留,焊盘/过孔接入及原生中心接入；删除将改变完整截面或必要原生接入。实际连接已独立验证。,589de6e8-5deb-441e-83ca-5f555fa20cdf,Final native DRC0; exact copper469 pads/track/via/branches; stage source hashes in accepted_sequence.json,
01722ca3-3fd7-46d8-9eb2-91cbbf31b125,LIM_RO_LED,B.Cu,"[185350000, 92034200]","[185310600, 92073600]",250000,0.055720014357499945,strict,焊盘/过孔接入及原生中心接入,"['1dbabe37-5fc4-4a70-9f38-7b1aee857678', 'a275dacb-c1f3-4c6c-ace1-cf7fa58bb780']",['a275dacb-c1f3-4c6c-ace1-cf7fa58bb780'],[],0.013593223808023237,保留,焊盘/过孔接入及原生中心接入；删除将改变完整截面或必要原生接入。实际连接已独立验证。,01722ca3-3fd7-46d8-9eb2-91cbbf31b125,Final native DRC0; exact copper469 pads/track/via/branches; stage source hashes in accepted_sequence.json,
af77e88c-72d0-4760-ae4f-b6672fdd23c2,LIM_RC_LED,F.Cu,"[161079600, 104871600]","[161122300, 104914300]",250000,0.06038691911333116,strict,拐角或中途侧接的连续足宽铜,"['2e53b4f4-8814-4494-8e96-cb21f849337b', '36b62deb-b44e-454b-97f8-9e3027d9db48']",[],[],1.3118495560551781e-06,保留,拐角或中途侧接的连续足宽铜；删除将改变完整截面或必要原生接入。实际连接已独立验证。,af77e88c-72d0-4760-ae4f-b6672fdd23c2,Final native DRC0; exact copper469 pads/track/via/branches; stage source hashes in accepted_sequence.json,
00d67dbc-9e9d-4735-b04d-471b82ddceac,ALM_BUFFERED,B.Cu,"[160113900, 106082000]","[160047700, 106015800]",250000,0.0936209378290989,strict,焊盘/过孔接入及原生中心接入,"['dbec8674-5956-4104-a262-8a3ef1463e48', 'ab1aa29c-d64d-441b-ae1e-e2f6302ce302']",['dbec8674-5956-4104-a262-8a3ef1463e48'],[],0.023066894159626528,保留,焊盘/过孔接入及原生中心接入；删除将改变完整截面或必要原生接入。实际连接已独立验证。,00d67dbc-9e9d-4735-b04d-471b82ddceac,Final native DRC0; exact copper469 pads/track/via/branches; stage source hashes in accepted_sequence.json,
70378e0e-7dc0-4660-9256-e227011aaa79,POWER_OK,F.Cu,"[163538400, 87671400]","[163503800, 87636800]",250000,0.048931789258109086,strict,焊盘/过孔接入及原生中心接入,"['656fb80a-f0e3-46c2-a22f-5c881e27df9e', 'daba6249-8d5d-4bc3-b5e4-3e6cc6791a4a']",['656fb80a-f0e3-46c2-a22f-5c881e27df9e'],[],0.011896217813769346,保留,焊盘/过孔接入及原生中心接入；删除将改变完整截面或必要原生接入。实际连接已独立验证。,70378e0e-7dc0-4660-9256-e227011aaa79,Final native DRC0; exact copper469 pads/track/via/branches; stage source hashes in accepted_sequence.json,
7786bbe9-967f-4382-ab37-94088372934a,POWER_OK,F.Cu,"[181163000, 94373000]","[181088000, 94348000]",200000,0.07905694150420947,strict,拐角或中途侧接的连续足宽铜,"['d886eb56-cd84-4ba6-aecd-b45f058fcd99', 'd4dea6fc-6db0-49e6-b91f-7e7c1d6c00ea']",[],[],0.00037321815771291383,保留,拐角或中途侧接的连续足宽铜；删除将改变完整截面或必要原生接入。实际连接已独立验证。,7786bbe9-967f-4382-ab37-94088372934a,Final native DRC0; exact copper469 pads/track/via/branches; stage source hashes in accepted_sequence.json,
c6233847-a23b-4861-b41c-23ebaf2ca9d4,POWER_OK,F.Cu,"[168813000, 94098000]","[168888000, 94123000]",200000,0.07905694150420947,strict,拐角或中途侧接的连续足宽铜,"['ea23ca01-7034-4fae-9973-ae139c928e49', '260cb1a0-a528-4d91-a61e-b267cd9cd535']",[],[],0.0004168273852071236,保留,拐角或中途侧接的连续足宽铜；删除将改变完整截面或必要原生接入。实际连接已独立验证。,c6233847-a23b-4861-b41c-23ebaf2ca9d4,Final native DRC0; exact copper469 pads/track/via/branches; stage source hashes in accepted_sequence.json,
58729322-338d-4229-ac8c-e78eb4df1275,CTRL5_SENSE,F.Cu,"[117500000, 104900000]","[117500000, 104800000]",200000,0.1,strict,焊盘/过孔接入及原生中心接入,"['706e927d-538f-40ed-a2c3-6665399984d2', '4be02811-340f-4840-a87e-bf34430edf87']",['4be02811-340f-4840-a87e-bf34430edf87'],[],0.019784460939935543,保留,焊盘/过孔接入及原生中心接入；删除将改变完整截面或必要原生接入。实际连接已独立验证。,58729322-338d-4229-ac8c-e78eb4df1275,Final native DRC0; exact copper469 pads/track/via/branches; stage source hashes in accepted_sequence.json,
d7fa32a3-b081-4524-b916-46700e9aca7b,CTRL5_SENSE,F.Cu,"[123900000, 91400000]","[124000000, 91400000]",200000,0.1,strict,焊盘/过孔接入及原生中心接入,"['eee2d85b-c846-45fd-b9b6-30a4345448cc', 'e8be33ea-e2e2-404a-9eb6-e3efb9fa043d']",['eee2d85b-c846-45fd-b9b6-30a4345448cc'],[],0.01981774270886332,保留,焊盘/过孔接入及原生中心接入；删除将改变完整截面或必要原生接入。实际连接已独立验证。,d7fa32a3-b081-4524-b916-46700e9aca7b,Final native DRC0; exact copper469 pads/track/via/branches; stage source hashes in accepted_sequence.json,
0102568d-7312-4976-bebb-a98569f90fb0,CTRL5_SENSE,B.Cu,"[117600000, 104800000]","[117500000, 104900000]",200000,0.14142135623730953,strict,焊盘/过孔接入及原生中心接入,"['9b595e67-f680-4cae-bf2c-4fd6618adbb7', '4be02811-340f-4840-a87e-bf34430edf87']",['4be02811-340f-4840-a87e-bf34430edf87'],[],0.02803165546749767,保留,焊盘/过孔接入及原生中心接入；删除将改变完整截面或必要原生接入。实际连接已独立验证。,0102568d-7312-4976-bebb-a98569f90fb0,Final native DRC0; exact copper469 pads/track/via/branches; stage source hashes in accepted_sequence.json,
42337833-69df-4731-a30c-3d3a5fd49777,CTRL5_SENSE,B.Cu,"[120900000, 105900000]","[120800000, 106000000]",200000,0.14142135623730953,strict,焊盘/过孔接入及原生中心接入,"['e1cec8b5-b6e4-42e7-88b6-684d63253361', 'ab96a838-9d88-4965-88cf-d8eca7fb5e67']",['ab96a838-9d88-4965-88cf-d8eca7fb5e67'],[],0.028133900106505915,保留,焊盘/过孔接入及原生中心接入；删除将改变完整截面或必要原生接入。实际连接已独立验证。,42337833-69df-4731-a30c-3d3a5fd49777,Final native DRC0; exact copper469 pads/track/via/branches; stage source hashes in accepted_sequence.json,
062e49ef-c968-4e29-8a09-af94224cb325,ESTOP_OK,F.Cu,"[159430800, 99396400]","[159485200, 99450800]",250000,0.07693321779309636,strict,焊盘/过孔接入及原生中心接入,"['a17525c4-4da1-44ed-8743-46e2a81ef16c', '26877260-4486-4ecd-90bc-0eea8213cee2', '7eed96b2-eb64-4887-b099-af65cba4fe07']",['7eed96b2-eb64-4887-b099-af65cba4fe07'],[],0.0001732857070821753,原生接入重建,保持同一铜几何；原生 via_dangling 语义需要轨迹接至中心，独立铜覆盖不替代此规则。,bf9bf2bf-131f-4a78-8186-5713c089cea4,Final native DRC0; exact copper469 pads/track/via/branches; stage source hashes in accepted_sequence.json,6
97f797c2-ad4c-459b-9152-1885cfc98fbc,ESTOP_OK,F.Cu,"[151658000, 95972900]","[151645800, 95972900]",250000,0.0122,strict,拐角或中途侧接的连续足宽铜,['bb7e1a45-5fcd-4b01-827e-6ce68c8ae525'],[],[],0.0028301373626106905,保留,拐角或中途侧接的连续足宽铜；删除将改变完整截面或必要原生接入。实际连接已独立验证。,97f797c2-ad4c-459b-9152-1885cfc98fbc,Final native DRC0; exact copper469 pads/track/via/branches; stage source hashes in accepted_sequence.json,
f15c66fb-4d12-4518-b6ff-b6ed977e3831,ESTOP_OK,F.Cu,"[168588700, 97499200]","[168651300, 97561800]",250000,0.08852976900455575,strict,焊盘/过孔接入及原生中心接入,"['8cc0bca4-8fcd-4cf9-9a51-2179b0e548d7', 'a5dbea6e-eadd-4486-ae06-5355297598e0']",['a5dbea6e-eadd-4486-ae06-5355297598e0'],[],0.021795400779714435,保留,焊盘/过孔接入及原生中心接入；删除将改变完整截面或必要原生接入。实际连接已独立验证。,f15c66fb-4d12-4518-b6ff-b6ed977e3831,Final native DRC0; exact copper469 pads/track/via/branches; stage source hashes in accepted_sequence.json,
28e0c804-6549-4f54-b7ca-9a911da9dd79,ESTOP_OK,B.Cu,"[151533200, 95972800]","[151645800, 95972800]",200000,0.1126,strict,焊盘/过孔接入及原生中心接入,"['e308f89f-5331-45bf-9a46-7d244477114d', '73125eb1-6abe-4570-9d27-a71540bd5cbe', 'a15a1d94-c120-4c10-a237-1f837d1011c5']",['73125eb1-6abe-4570-9d27-a71540bd5cbe'],[],0.001057189594058402,保留,焊盘/过孔接入及原生中心接入；删除将改变完整截面或必要原生接入。实际连接已独立验证。,28e0c804-6549-4f54-b7ca-9a911da9dd79,Final native DRC0; exact copper469 pads/track/via/branches; stage source hashes in accepted_sequence.json,
e308f89f-5331-45bf-9a46-7d244477114d,ESTOP_OK,B.Cu,"[151645800, 95972800]","[151645800, 95972900]",200000,0.0001,strict,拐角或中途侧接的连续足宽铜,"['a15a1d94-c120-4c10-a237-1f837d1011c5', '28e0c804-6549-4f54-b7ca-9a911da9dd79']",[],[],1.027474908747175e-05,保留,拐角或中途侧接的连续足宽铜；删除将改变完整截面或必要原生接入。实际连接已独立验证。,e308f89f-5331-45bf-9a46-7d244477114d,Final native DRC0; exact copper469 pads/track/via/branches; stage source hashes in accepted_sequence.json,
93c5f5c3-16a6-4be4-8d3e-b6a5b9f85151,HOLD_ENABLE,B.Cu,"[180700000, 98726500]","[180643200, 98669700]",250000,0.0803273303427918,strict,焊盘/过孔接入及原生中心接入,"['f54abe9b-fb81-4894-9a0e-28fde3da0966', '0c95544d-95dd-4025-85c6-9db70992b42e']",['f54abe9b-fb81-4894-9a0e-28fde3da0966'],[],0.019745052804342897,保留,焊盘/过孔接入及原生中心接入；删除将改变完整截面或必要原生接入。实际连接已独立验证。,93c5f5c3-16a6-4be4-8d3e-b6a5b9f85151,Final native DRC0; exact copper469 pads/track/via/branches; stage source hashes in accepted_sequence.json,
e2f8baf8-d9f0-4277-8110-969bd1df041a,STEP_LATCHED,B.Cu,"[180700000, 95315300]","[180649000, 95366300]",250000,0.07212489168102784,strict,焊盘/过孔接入及原生中心接入,"['000a4597-74f0-4277-a6cb-cd4848d86493', 'bfb69be2-fb80-4775-be4b-d7eb0ae44196']",['bfb69be2-fb80-4775-be4b-d7eb0ae44196'],[],0.017694443138904455,保留,焊盘/过孔接入及原生中心接入；删除将改变完整截面或必要原生接入。实际连接已独立验证。,e2f8baf8-d9f0-4277-8110-969bd1df041a,Final native DRC0; exact copper469 pads/track/via/branches; stage source hashes in accepted_sequence.json,
7e8efaf6-0c0a-498b-a75e-745d0b848c72,LO_OK,F.Cu,"[155337800, 103433500]","[155228200, 103433500]",250000,0.1096,strict,焊盘/过孔接入及原生中心接入,"['1d9fec8c-db4e-4444-bb15-bd3cb2315cc6', '7b7b42a0-b0aa-44b3-8625-e3d0db7ea742']",['7b7b42a0-b0aa-44b3-8625-e3d0db7ea742'],[],0.026844762430076108,保留,焊盘/过孔接入及原生中心接入；删除将改变完整截面或必要原生接入。实际连接已独立验证。,7e8efaf6-0c0a-498b-a75e-745d0b848c72,Final native DRC0; exact copper469 pads/track/via/branches; stage source hashes in accepted_sequence.json,
b036f58a-9489-424b-add3-516cd84dca4e,LO_OK,B.Cu,"[145351600, 95800000]","[145435600, 95716000]",200000,0.11879393923934,strict,焊盘/过孔接入及原生中心接入,"['d0469bdb-e0a9-4e79-a022-df9cf0e25d7c', '737f56e8-711e-469a-81ab-a24b6fde0a29']",['d0469bdb-e0a9-4e79-a022-df9cf0e25d7c'],[],0.023542665895248456,保留,焊盘/过孔接入及原生中心接入；删除将改变完整截面或必要原生接入。实际连接已独立验证。,b036f58a-9489-424b-add3-516cd84dca4e,Final native DRC0; exact copper469 pads/track/via/branches; stage source hashes in accepted_sequence.json,
e283068b-78a3-483f-811e-3787f5f447b2,OPEN_OK,F.Cu,"[147796100, 119148400]","[147796100, 119027100]",250000,0.1213,strict,焊盘/过孔接入及原生中心接入,"['2c84a39c-fb6b-45ef-a018-3cce01aab1aa', '23b2cae3-11fd-4ef9-82c4-8d636adb6fb2']",['23b2cae3-11fd-4ef9-82c4-8d636adb6fb2'],[],0.029929844523871606,保留,焊盘/过孔接入及原生中心接入；删除将改变完整截面或必要原生接入。实际连接已独立验证。,e283068b-78a3-483f-811e-3787f5f447b2,Final native DRC0; exact copper469 pads/track/via/branches; stage source hashes in accepted_sequence.json,
9f4ce8a9-d7a5-4210-9f1a-766ddc5108fd,OPEN_OK,B.Cu,"[158567600, 110348800]","[158608300, 110389500]",250000,0.05755849198858497,strict,焊盘/过孔接入及原生中心接入,"['bdd58f53-d622-456f-a45c-9c43e1023e5d', 'b3f77518-69dd-4956-8017-98ecfc216192']",['b3f77518-69dd-4956-8017-98ecfc216192'],[],0.014052843215797447,保留,焊盘/过孔接入及原生中心接入；删除将改变完整截面或必要原生接入。实际连接已独立验证。,9f4ce8a9-d7a5-4210-9f1a-766ddc5108fd,Final native DRC0; exact copper469 pads/track/via/branches; stage source hashes in accepted_sequence.json,
633c62cc-179e-4165-8bf8-4d7d9caa2881,LC_OK,F.Cu,"[152935800, 99637100]","[152935800, 99531700]",250000,0.1054,strict,焊盘/过孔接入及原生中心接入,"['fb6f39a3-9fdc-4bf2-8530-672d9fd3322a', 'a1874c48-c56a-47cd-a0ad-25dddc1b2481']",['a1874c48-c56a-47cd-a0ad-25dddc1b2481'],[],0.026000289901681826,保留,焊盘/过孔接入及原生中心接入；删除将改变完整截面或必要原生接入。实际连接已独立验证。,633c62cc-179e-4165-8bf8-4d7d9caa2881,Final native DRC0; exact copper469 pads/track/via/branches; stage source hashes in accepted_sequence.json,
9df1c58d-972e-4e99-9c7e-4bdf44324dfa,LC_OK,B.Cu,"[155298700, 102000000]","[155328600, 102029900]",250000,0.04228498551495555,strict,焊盘/过孔接入及原生中心接入,"['639e4f2e-8cbb-430b-9079-f25cb3251b2f', '036af8b6-ef9a-4a10-b070-3f728a2cad5f']",['036af8b6-ef9a-4a10-b070-3f728a2cad5f'],[],0.010235738588811783,保留,焊盘/过孔接入及原生中心接入；删除将改变完整截面或必要原生接入。实际连接已独立验证。,9df1c58d-972e-4e99-9c7e-4bdf44324dfa,Final native DRC0; exact copper469 pads/track/via/branches; stage source hashes in accepted_sequence.json,
8f2e82e4-6af1-4c40-af98-10db1123889f,CLOSE_OK,F.Cu,"[150868400, 119703000]","[150921300, 119755900]",250000,0.07481189744953673,strict,焊盘/过孔接入及原生中心接入,"['4049ab0c-1382-42da-9ce4-a9519256fa9f', '03120815-48fd-4da2-a16e-a33aca4ef83a']",['4049ab0c-1382-42da-9ce4-a9519256fa9f'],[],0.018366194581029748,保留,焊盘/过孔接入及原生中心接入；删除将改变完整截面或必要原生接入。实际连接已独立验证。,8f2e82e4-6af1-4c40-af98-10db1123889f,Final native DRC0; exact copper469 pads/track/via/branches; stage source hashes in accepted_sequence.json,
d2c990ff-43a8-4034-8afe-fb264a42c0b9,CLOSE_OK,F.Cu,"[157447900, 104066100]","[157546200, 103967800]",250000,0.13901719318127526,strict,焊盘/过孔接入及原生中心接入,"['6ce9b677-bc4d-496a-9292-832239fcf644', '5bae890b-330e-44f0-b09c-9933c4fcb1f2']",['6ce9b677-bc4d-496a-9292-832239fcf644'],[],0.034245757750395726,保留,焊盘/过孔接入及原生中心接入；删除将改变完整截面或必要原生接入。实际连接已独立验证。,d2c990ff-43a8-4034-8afe-fb264a42c0b9,Final native DRC0; exact copper469 pads/track/via/branches; stage source hashes in accepted_sequence.json,
ad965427-6c9a-4fdf-baa0-4538900dcf76,ESTOP_LED,F.Cu,"[175633400, 121490400]","[175633400, 121360700]",250000,0.1297,strict,焊盘/过孔接入及原生中心接入,"['54632f24-6c47-430a-98cc-97cbe9daf481', '6e15c4d0-8246-4553-ae70-d8b08eb25e3d', '7cd5d12c-fb94-4cf2-9181-78741096fced']",['6e15c4d0-8246-4553-ae70-d8b08eb25e3d'],[],0.0008302474597797764,保留,焊盘/过孔接入及原生中心接入；删除将改变完整截面或必要原生接入。实际连接已独立验证。,ad965427-6c9a-4fdf-baa0-4538900dcf76,Final native DRC0; exact copper469 pads/track/via/branches; stage source hashes in accepted_sequence.json,
465bf515-f962-48ce-8445-06fd43f196c8,STOP_INTERLOCK,B.Cu,"[142873800, 105371200]","[142873800, 105484500]",250000,0.1133,strict,焊盘/过孔接入及原生中心接入,"['1c04baa3-39dc-4c15-9cb6-7c63d75efd70', '0629857a-aa0e-4b48-b083-685acd5300cb']",['1c04baa3-39dc-4c15-9cb6-7c63d75efd70'],[],0.02816320623178217,保留,焊盘/过孔接入及原生中心接入；删除将改变完整截面或必要原生接入。实际连接已独立验证。,465bf515-f962-48ce-8445-06fd43f196c8,Final native DRC0; exact copper469 pads/track/via/branches; stage source hashes in accepted_sequence.json,
46679e2c-da06-43f0-ad4a-802463c7d95c,CLOSE_DIR,F.Cu,"[169623100, 103111700]","[169627800, 103111700]",250000,0.0047,strict,拐角或中途侧接的连续足宽铜,['adfd5349-fd18-487c-9e30-483dd8f7699c'],[],[],0.0010608306705928293,保留,拐角或中途侧接的连续足宽铜；删除将改变完整截面或必要原生接入。实际连接已独立验证。,46679e2c-da06-43f0-ad4a-802463c7d95c,Final native DRC0; exact copper469 pads/track/via/branches; stage source hashes in accepted_sequence.json,
a136838e-1624-415d-9d25-bad82b189915,CLOSE_DIR,F.Cu,"[150344500, 120173400]","[150282800, 120111700]",250000,0.08725697679841997,strict,焊盘/过孔接入及原生中心接入,"['5cfc8757-0183-43a6-855d-d3c8b7eaea88', '6f912d9b-fec9-4c72-9095-65f7d16e959f']",['6f912d9b-fec9-4c72-9095-65f7d16e959f'],[],0.021477333259939425,保留,焊盘/过孔接入及原生中心接入；删除将改变完整截面或必要原生接入。实际连接已独立验证。,a136838e-1624-415d-9d25-bad82b189915,Final native DRC0; exact copper469 pads/track/via/branches; stage source hashes in accepted_sequence.json,
ff05ae9b-d83a-4369-ae32-ca63a3d16bac,CLOSE_DIR,B.Cu,"[169689500, 103050000]","[169627800, 103111700]",200000,0.08725697679841997,strict,焊盘/过孔接入及原生中心接入,"['6c6cfcc6-73e1-4341-aff5-d34817a6d63d', 'd84d2091-5d27-47f0-a897-8a0d1f21dc5f']",['d84d2091-5d27-47f0-a897-8a0d1f21dc5f'],[],0.017235856299618733,保留,焊盘/过孔接入及原生中心接入；删除将改变完整截面或必要原生接入。实际连接已独立验证。,ff05ae9b-d83a-4369-ae32-ca63a3d16bac,Final native DRC0; exact copper469 pads/track/via/branches; stage source hashes in accepted_sequence.json,
97221d44-e13e-48b6-aa44-e3c19863bf2a,OPEN_ALLOWED,B.Cu,"[153205600, 117893900]","[153205600, 117837900]",250000,0.056,strict,焊盘/过孔接入及原生中心接入,"['5ecbc9a0-3382-49d5-b0ce-1e6d1c635907', 'acf599c9-1eea-401c-a96e-ad930c3069a5']",['5ecbc9a0-3382-49d5-b0ce-1e6d1c635907'],[],0.01366322021864842,保留,焊盘/过孔接入及原生中心接入；删除将改变完整截面或必要原生接入。实际连接已独立验证。,97221d44-e13e-48b6-aa44-e3c19863bf2a,Final native DRC0; exact copper469 pads/track/via/branches; stage source hashes in accepted_sequence.json,
